,customer_id,customer_country
0,14958,United States
1,26825,Unitaed Arab Emirates
2,37450,canada
3,20691,Unitaed Arab Emirates
4,24631,Unitaed Arab Emirates
5,29596,Unitaed Arab Emirates
6,11896,canada
7,43857,United States
8,10308,india
9,35168,Unitaed Arab Emirates
10,38419,india
11,42637,United States
12,14493,United Kingdom
13,22756,Unitaed Arab Emirates
14,39288,india
15,22384,canada
16,49852,United Kingdom
17,25195,canada
18,30674,germany
19,44125,india
20,10082,Unitaed Arab Emirates
21,18442,germany
22,19285,germany
23,48179,United States
24,27792,canada
25,25500,United States
26,19290,United Kingdom
27,46496,india
28,15294,Unitaed Arab Emirates
29,10322,germany
30,25836,germany
31,44825,germany
32,45828,Unitaed Arab Emirates
33,30084,United Kingdom
34,48403,canada
35,13384,germany
36,19453,germany
37,35381,germany
38,46224,Unitaed Arab Emirates
39,13664,United Kingdom
40,45864,australia
41,33812,United Kingdom
42,23871,Unitaed Arab Emirates
43,17565,United Kingdom
44,14659,india
45,35929,canada
46,40104,india
47,15730,Unitaed Arab Emirates
48,41298,india
49,33547,germany
50,36359,canada
51,20467,germany
52,26998,germany
53,36400,india
54,45781,australia
55,15409,United States
56,39849,canada
57,21945,australia
58,26542,germany
59,25984,canada
60,39234,United States
61,10547,United Kingdom
62,12900,australia
63,18946,india
64,27118,United Kingdom
65,41710,germany
66,21020,United States
67,14317,Unitaed Arab Emirates
68,44692,United Kingdom
69,10523,india
70,36086,United States
71,20938,United States
72,24659,germany
73,18809,australia
74,25535,United States
75,26298,canada
76,33876,germany
77,32264,canada
78,23578,germany
79,34285,United Kingdom
80,24101,australia
81,32730,United States
82,37476,Unitaed Arab Emirates
83,25503,germany
84,21506,india
85,26169,United Kingdom
86,28484,germany
87,24838,United Kingdom
88,38821,australia
89,22737,australia
90,45340,United States
91,22171,australia
92,23920,germany
93,40805,United Kingdom
94,26875,Unitaed Arab Emirates
95,40278,United States
96,48076,canada
97,26905,india
98,11914,Unitaed Arab Emirates
99,23862,australia
100,12925,australia
101,13290,australia
102,29613,australia
103,40570,United Kingdom
104,29961,canada
105,48377,canada
106,12571,canada
107,26616,United States
108,29036,canada
109,43984,australia
110,13539,australia
111,43289,United Kingdom
112,21026,canada
113,29450,Unitaed Arab Emirates
114,42022,india
115,21391,United Kingdom
116,26724,canada
117,22130,canada
118,18250,United Kingdom
119,46021,australia
120,31065,canada
121,42995,germany
122,16703,germany
123,39840,australia
124,18318,australia
125,14430,Unitaed Arab Emirates
126,47621,australia
127,19623,Unitaed Arab Emirates
128,44936,australia
129,40439,germany
130,38535,germany
131,45516,United Kingdom
132,11593,canada
133,38655,germany
134,36606,Unitaed Arab Emirates
135,25941,canada
136,22552,india
137,34267,australia
138,14777,australia
139,49876,australia
140,18438,germany
141,39095,canada
142,40507,United Kingdom
143,23120,germany
144,36057,United Kingdom
145,42778,india
146,41066,United States
147,28390,canada
148,13529,United States
149,24584,germany
150,32632,United Kingdom
151,28673,australia
152,13343,Unitaed Arab Emirates
153,28950,United Kingdom
154,44527,germany
155,25064,germany
156,31547,germany
157,41769,germany
158,44996,india
159,20390,india
160,21879,United Kingdom
161,24935,Unitaed Arab Emirates
162,42574,United States
163,28127,canada
164,19121,United States
165,38507,germany
166,44216,United Kingdom
167,26582,germany
168,36631,canada
169,28164,United Kingdom
170,31284,United States
171,40646,United Kingdom
172,30806,canada
173,32097,canada
174,21284,Unitaed Arab Emirates
175,23857,germany
176,29888,Unitaed Arab Emirates
177,28951,United States
178,31009,United Kingdom
179,33474,United States
180,24835,australia
181,15352,canada
182,36581,australia
183,28941,canada
184,43191,germany
185,42917,United Kingdom
186,38039,Unitaed Arab Emirates
187,36089,Unitaed Arab Emirates
188,39742,Unitaed Arab Emirates
189,49833,United States
190,21917,germany
191,28254,india
192,28445,india
193,36571,germany
194,42611,australia
195,23830,United Kingdom
196,47048,australia
197,15696,United Kingdom
198,10742,australia
199,41262,United Kingdom
200,46949,germany
201,22425,Unitaed Arab Emirates
202,44759,australia
203,31640,United States
204,46473,germany
205,43784,australia
206,18288,germany
207,27378,United Kingdom
208,36111,canada
209,47293,australia
210,47977,australia
211,28306,Unitaed Arab Emirates
212,44465,germany
213,40360,india
214,21677,india
215,37136,Unitaed Arab Emirates
216,28298,Unitaed Arab Emirates
217,14753,United Kingdom
218,16816,canada
219,22168,canada
220,18838,United States
221,43565,australia
222,34652,india
223,32608,United Kingdom
224,26140,india
225,24092,Unitaed Arab Emirates
226,33081,canada
227,20875,Unitaed Arab Emirates
228,35317,United Kingdom
229,43993,United States
230,41565,Unitaed Arab Emirates
231,15566,australia
232,23603,United Kingdom
233,48690,United States
234,47804,australia
235,12646,Unitaed Arab Emirates
236,29115,United Kingdom
237,39339,Unitaed Arab Emirates
238,47462,Unitaed Arab Emirates
239,48313,United States
240,46449,india
241,43182,canada
242,36118,United Kingdom
243,35347,australia
244,49967,United States
245,35062,United Kingdom
246,17532,United Kingdom
247,32791,United Kingdom
248,33693,germany
249,18221,Unitaed Arab Emirates
250,25234,Unitaed Arab Emirates
251,18321,United Kingdom
252,17945,australia
253,15189,Unitaed Arab Emirates
254,46982,canada
255,12374,india
256,13983,United Kingdom
257,21333,Unitaed Arab Emirates
258,10207,United States
259,19173,Unitaed Arab Emirates
260,14302,australia
261,49679,australia
262,36747,canada
263,10111,australia
264,25566,United States
265,41702,United States
266,47477,australia
267,31424,india
268,27793,United States
269,18897,United Kingdom
270,48640,United Kingdom
271,24482,canada
272,34516,United States
273,37355,india
274,30583,germany
275,26182,Unitaed Arab Emirates
276,14857,canada
277,41985,United States
278,21166,canada
279,17498,australia
280,47807,australia
281,35423,india
282,33084,germany
283,43752,United Kingdom
284,43875,United Kingdom
285,20270,Unitaed Arab Emirates
286,14342,australia
287,11553,germany
288,12002,india
289,34488,United States
290,40743,canada
291,11421,canada
292,13474,Unitaed Arab Emirates
293,35117,canada
294,18980,canada
295,19418,Unitaed Arab Emirates
296,22390,United States
297,32562,india
298,37971,germany
299,38545,United States
300,43299,australia
301,44387,canada
302,27675,australia
303,29508,germany
304,46881,canada
305,19319,germany
306,13911,Unitaed Arab Emirates
307,40372,Unitaed Arab Emirates
308,49927,Unitaed Arab Emirates
309,23725,germany
310,48195,canada
311,49264,canada
312,11687,australia
313,48755,australia
314,30855,canada
315,38879,Unitaed Arab Emirates
316,32065,india
317,26091,india
318,22747,india
319,46243,germany
320,28961,germany
321,30601,United States
322,44797,india
323,38922,germany
324,48186,Unitaed Arab Emirates
325,16190,United Kingdom
326,34148,canada
327,21935,Unitaed Arab Emirates
328,24580,germany
329,14819,United States
330,15919,United Kingdom
331,34793,United States
332,40691,india
333,12810,United States
334,46183,Unitaed Arab Emirates
335,32336,india
336,11716,United Kingdom
337,34281,United States
338,10289,australia
339,14697,United Kingdom
340,37319,United Kingdom
341,10609,australia
342,12353,india
343,26919,canada
344,29675,United States
345,30141,United Kingdom
346,18948,australia
347,17157,australia
348,13849,canada
349,31214,United Kingdom
350,47098,United Kingdom
351,47997,australia
352,41033,Unitaed Arab Emirates
353,45763,canada
354,23324,Unitaed Arab Emirates
355,21900,canada
356,33354,australia
357,12214,india
358,22340,germany
359,35785,germany
360,26659,india
361,24687,United States
362,16553,canada
363,18338,germany
364,49740,india
365,27235,canada
366,30907,canada
367,18679,australia
368,40072,United Kingdom
369,18775,germany
370,33183,Unitaed Arab Emirates
371,39287,germany
372,14310,india
373,25327,germany
374,34140,australia
375,38697,australia
376,46581,canada
377,40657,canada
378,24746,australia
379,15891,canada
380,49656,Unitaed Arab Emirates
381,32578,canada
382,34531,United States
383,45970,United Kingdom
384,17745,United States
385,11423,australia
386,22059,Unitaed Arab Emirates
387,34721,United Kingdom
388,24251,germany
389,39495,United States
390,16647,United States
391,44679,United States
392,42359,United States
393,38277,United Kingdom
394,11339,canada
395,24764,india
396,16446,india
397,26881,Unitaed Arab Emirates
398,21140,Unitaed Arab Emirates
399,18201,United States
400,34568,Unitaed Arab Emirates
401,41330,United Kingdom
402,12816,germany
403,43094,United Kingdom
404,38142,Unitaed Arab Emirates
405,27266,United States
406,28055,Unitaed Arab Emirates
407,47770,Unitaed Arab Emirates
408,35313,india
409,28558,india
410,15235,india
411,43691,United Kingdom
412,26161,United States
413,24547,United Kingdom
414,34496,United Kingdom
415,40908,canada
416,41652,Unitaed Arab Emirates
417,45592,australia
418,19345,australia
419,12070,germany
420,33730,india
421,16544,Unitaed Arab Emirates
422,47368,germany
423,43688,germany
424,48859,germany
425,32856,germany
426,27827,United Kingdom
427,22699,germany
428,45569,germany
429,28159,United States
430,18220,australia
431,28676,germany
432,13703,australia
433,41657,Unitaed Arab Emirates
434,43593,canada
435,26011,germany
436,39755,canada
437,34714,australia
438,30836,Unitaed Arab Emirates
439,27546,germany
440,46207,United States
441,45301,United States
442,48380,australia
443,19551,canada
444,40306,germany
445,28609,india
446,13672,australia
447,12160,germany
448,35715,canada
449,11797,United States
450,38712,germany
451,21171,United States
452,35766,Unitaed Arab Emirates
453,44012,United Kingdom
454,33453,australia
455,17893,Unitaed Arab Emirates
456,30792,United Kingdom
457,11930,United Kingdom
458,25705,canada
459,28902,Unitaed Arab Emirates
460,10047,canada
461,10133,germany
462,32059,canada
463,21238,United Kingdom
464,45132,australia
465,46277,canada
466,38082,germany
467,32368,canada
468,45239,Unitaed Arab Emirates
469,12434,canada
470,14335,United States
471,26023,australia
472,29906,india
473,28689,germany
474,31671,australia
475,36386,australia
476,17443,india
477,25665,canada
478,31233,australia
479,46968,india
480,33481,United Kingdom
481,15022,canada
482,19145,canada
483,44441,United States
484,32954,india
485,41336,india
486,45817,canada
487,49051,india
488,36685,United States
489,30631,United States
490,16574,canada
491,42381,canada
492,36039,United Kingdom
493,15331,canada
494,40412,United Kingdom
495,28321,Unitaed Arab Emirates
496,34757,Unitaed Arab Emirates
497,27458,india
498,24058,australia
499,45341,Unitaed Arab Emirates
500,45165,canada
501,10418,germany
502,27023,Unitaed Arab Emirates
503,47357,india
504,26742,india
505,28187,germany
506,47972,Unitaed Arab Emirates
507,14439,United Kingdom
508,36794,australia
509,19905,Unitaed Arab Emirates
510,10865,United States
511,36643,United States
512,36926,germany
513,41046,india
514,14671,Unitaed Arab Emirates
515,34871,United Kingdom
516,11426,india
517,38085,canada
518,37392,germany
519,48262,canada
520,21057,canada
521,43460,United States
522,39171,United Kingdom
523,26236,india
524,43835,australia
525,11132,australia
526,17612,india
527,41824,canada
528,19433,australia
529,40868,germany
530,10946,United States
531,11615,United Kingdom
532,22851,United States
533,18254,United Kingdom
534,32099,canada
535,43161,australia
536,42598,United Kingdom
537,36102,germany
538,33918,United Kingdom
539,19693,United States
540,48970,australia
541,25154,india
542,10388,germany
543,46265,germany
544,23901,United Kingdom
545,39307,United States
546,17669,United States
547,45339,india
548,33092,germany
549,41924,germany
550,36560,germany
551,36857,india
552,31014,australia
553,44198,germany
554,24309,United States
555,39925,United States
556,26176,india
557,31375,Unitaed Arab Emirates
558,15067,germany
559,42143,india
560,28422,United Kingdom
561,30517,Unitaed Arab Emirates
562,38514,germany
563,12215,United Kingdom
564,29740,germany
565,26486,germany
566,34720,india
567,22249,United Kingdom
568,33187,Unitaed Arab Emirates
569,49064,United Kingdom
570,16462,india
571,21901,Unitaed Arab Emirates
572,34347,United Kingdom
573,15752,Unitaed Arab Emirates
574,38270,Unitaed Arab Emirates
575,48990,Unitaed Arab Emirates
576,13668,United Kingdom
577,30630,canada
578,20995,canada
579,44830,United Kingdom
580,38772,canada
581,45166,canada
582,21196,india
583,28714,Unitaed Arab Emirates
584,40368,germany
585,38836,india
586,26811,United Kingdom
587,31761,United Kingdom
588,37066,germany
589,44884,United States
590,15441,india
591,35961,germany
592,20146,United States
593,43357,germany
594,43266,United States
595,26313,Unitaed Arab Emirates
596,37398,United Kingdom
597,19324,germany
598,17432,india
599,48724,United States
600,30867,germany
601,44359,canada
602,14407,india
603,40971,australia
604,46492,United Kingdom
605,36291,australia
606,22369,canada
607,40291,United States
608,27152,germany
609,10138,australia
610,12525,United States
611,19637,germany
612,44377,india
613,24533,United States
614,31827,canada
615,35736,india
616,27753,Unitaed Arab Emirates
617,40706,australia
618,13571,canada
619,36798,Unitaed Arab Emirates
620,43256,canada
621,46308,United States
622,21059,india
623,37003,canada
624,36453,canada
625,40624,germany
626,19056,australia
627,28564,germany
628,21220,canada
629,21290,india
630,30018,United Kingdom
631,26619,United States
632,26031,australia
633,43756,United States
634,27766,india
635,19006,australia
636,23582,United States
637,36265,australia
638,25908,canada
639,15629,australia
640,28870,canada
641,28049,india
642,20827,canada
643,13986,Unitaed Arab Emirates
644,11823,australia
645,31720,Unitaed Arab Emirates
646,30472,Unitaed Arab Emirates
647,10610,United States
648,35911,Unitaed Arab Emirates
649,46636,canada
650,30709,United Kingdom
651,21884,United States
652,30819,germany
653,47713,germany
654,31556,Unitaed Arab Emirates
655,23222,United States
656,31067,australia
657,21018,canada
658,46599,australia
659,12379,germany
660,32489,india
661,22394,United States
662,24417,United Kingdom
663,37849,india
664,45207,canada
665,34290,canada
666,25115,United Kingdom
667,42752,india
668,34241,india
669,48197,United States
670,34443,australia
671,46533,United States
672,22361,United States
673,34296,india
674,18845,Unitaed Arab Emirates
675,23747,United Kingdom
676,27557,germany
677,11667,canada
678,41034,United Kingdom
679,24143,australia
680,13321,canada
681,35057,Unitaed Arab Emirates
682,37879,australia
683,14126,United States
684,29177,india
685,19299,india
686,16185,United Kingdom
687,44388,United States
688,39667,india
689,18457,germany
690,25942,Unitaed Arab Emirates
691,12123,United Kingdom
692,27894,United Kingdom
693,46620,Unitaed Arab Emirates
694,40604,United States
695,46190,United Kingdom
696,18431,australia
697,45775,Unitaed Arab Emirates
698,42338,canada
699,36580,Unitaed Arab Emirates
700,41583,india
701,23913,United States
702,39565,india
703,24860,canada
704,42924,india
705,49110,australia
706,39695,australia
707,17598,india
708,47529,india
709,42453,australia
710,20975,canada
711,30554,india
712,41444,australia
713,38434,United States
714,28798,Unitaed Arab Emirates
715,21441,germany
716,12155,australia
717,42860,australia
718,22468,United Kingdom
719,44911,germany
720,34807,canada
721,27986,Unitaed Arab Emirates
722,45719,india
723,20258,United States
724,11310,india
725,40926,canada
726,16246,germany
727,30162,United Kingdom
728,26761,Unitaed Arab Emirates
729,29679,United States
730,18905,india
731,22379,United Kingdom
732,23421,germany
733,38647,Unitaed Arab Emirates
734,20974,United Kingdom
735,12500,United States
736,18113,United Kingdom
737,37580,canada
738,40760,canada
739,42023,United Kingdom
740,21805,india
741,17731,United States
742,43713,germany
743,38216,Unitaed Arab Emirates
744,39774,Unitaed Arab Emirates
745,45252,Unitaed Arab Emirates
746,21460,United Kingdom
747,21294,United Kingdom
748,20059,United Kingdom
749,41856,United Kingdom
750,17817,Unitaed Arab Emirates
751,38381,germany
752,13033,australia
753,22971,canada
754,10389,United States
755,40995,United States
756,19435,canada
757,29731,india
758,10011,United Kingdom
759,19708,canada
760,28004,canada
761,36333,Unitaed Arab Emirates
762,32537,germany
763,34836,canada
764,18511,india
765,22473,Unitaed Arab Emirates
766,20468,canada
767,44695,Unitaed Arab Emirates
768,12832,United States
769,33362,United States
770,30500,Unitaed Arab Emirates
771,10015,United States
772,20719,germany
773,13866,germany
774,25986,canada
775,38677,canada
776,12345,australia
777,35516,canada
778,18450,United Kingdom
779,25349,Unitaed Arab Emirates
780,11063,United Kingdom
781,45334,germany
782,31306,United States
783,44698,australia
784,24940,canada
785,13582,india
786,11331,australia
787,18066,germany
788,36132,United States
789,23236,canada
790,10479,United States
791,30893,germany
792,13046,germany
793,38170,Unitaed Arab Emirates
794,11488,United States
795,23720,canada
796,37400,germany
797,28476,canada
798,40492,germany
799,39966,india
800,38946,germany
801,36510,United Kingdom
802,40199,india
803,34039,canada
804,29188,germany
805,17990,germany
806,37170,india
807,18975,india
808,14273,United States
809,37405,germany
810,16461,india
811,38094,canada
812,18732,india
813,17375,india
814,23660,canada
815,34273,canada
816,10412,United States
817,48145,United States
818,39163,india
819,15727,germany
820,25907,germany
821,23288,canada
822,44195,Unitaed Arab Emirates
823,29894,Unitaed Arab Emirates
824,44405,canada
825,34755,United States
826,29780,United States
827,14677,United States
828,17122,australia
829,11294,canada
830,18555,United Kingdom
831,12116,india
832,20547,australia
833,22710,india
834,12561,United States
835,37692,india
836,48807,india
837,41086,United Kingdom
838,40555,germany
839,45310,australia
840,49488,canada
841,27267,india
842,11172,Unitaed Arab Emirates
843,49806,india
844,31979,United Kingdom
845,24685,United States
846,38544,United States
847,36738,germany
848,36670,india
849,34688,United States
850,16542,australia
851,35367,Unitaed Arab Emirates
852,36939,canada
853,25765,germany
854,10143,United States
855,15801,United States
856,37151,australia
857,31636,canada
858,30869,United Kingdom
859,17337,canada
860,34535,United Kingdom
861,42285,United States
862,18116,United States
863,30114,india
864,23998,United Kingdom
865,40279,Unitaed Arab Emirates
866,42981,Unitaed Arab Emirates
867,39789,germany
868,24905,india
869,40938,Unitaed Arab Emirates
870,22300,Unitaed Arab Emirates
871,28202,United Kingdom
872,13494,United Kingdom
873,10485,india
874,29399,United Kingdom
875,46247,australia
876,16929,Unitaed Arab Emirates
877,38603,australia
878,14937,Unitaed Arab Emirates
879,43431,canada
880,49084,australia
881,23074,United Kingdom
882,10236,Unitaed Arab Emirates
883,33070,canada
884,21476,australia
885,29727,canada
886,49318,canada
887,28339,United States
888,32539,United States
889,10228,canada
890,31444,United Kingdom
891,37988,australia
892,33199,germany
893,26092,canada
894,45654,Unitaed Arab Emirates
895,22451,india
896,23991,United Kingdom
897,22669,india
898,16874,canada
899,39253,germany
900,33989,india
901,29203,Unitaed Arab Emirates
902,12989,Unitaed Arab Emirates
903,17138,australia
904,44761,United States
905,38917,canada
906,45813,Unitaed Arab Emirates
907,16193,United Kingdom
908,26157,Unitaed Arab Emirates
909,28376,Unitaed Arab Emirates
910,29983,australia
911,44073,United Kingdom
912,32747,United Kingdom
913,41626,india
914,48235,United Kingdom
915,14459,germany
916,15087,Unitaed Arab Emirates
917,24898,australia
918,24758,germany
919,25121,Unitaed Arab Emirates
920,27666,canada
921,41999,canada
922,48877,india
923,44888,United Kingdom
924,37258,germany
925,23893,germany
926,30880,canada
927,41712,germany
928,39943,canada
929,15306,australia
930,38300,germany
931,34107,germany
932,48646,Unitaed Arab Emirates
933,20709,india
934,42481,canada
935,24914,United States
936,41175,india
937,38412,United Kingdom
938,26151,United States
939,15009,germany
940,30246,india
941,11345,United Kingdom
942,20628,Unitaed Arab Emirates
943,49900,United Kingdom
944,31026,Unitaed Arab Emirates
945,39289,canada
946,39432,india
947,29607,United States
948,29860,United Kingdom
949,15097,Unitaed Arab Emirates
950,37114,United States
951,23473,Unitaed Arab Emirates
952,34831,Unitaed Arab Emirates
953,32106,india
954,20609,canada
955,14746,germany
956,40384,Unitaed Arab Emirates
957,26459,United Kingdom
958,41288,germany
959,46379,germany
960,18001,germany
961,46160,Unitaed Arab Emirates
962,20184,Unitaed Arab Emirates
963,22949,australia
964,47879,india
965,16119,United States
966,45162,canada
967,44184,australia
968,17843,india
969,36805,australia
970,28161,canada
971,49082,canada
972,48532,australia
973,46926,United States
974,14146,australia
975,29015,United Kingdom
976,40762,india
977,15440,United Kingdom
978,29773,United States
979,22268,Unitaed Arab Emirates
980,35790,United Kingdom
981,29945,canada
982,31925,germany
983,17658,United Kingdom
984,35191,germany
985,47426,india
986,17421,United Kingdom
987,19322,Unitaed Arab Emirates
988,32014,United Kingdom
989,15355,United Kingdom
990,19713,canada
991,30835,india
992,45432,United Kingdom
993,47630,canada
994,34879,india
995,20086,germany
996,44283,germany
997,10583,United Kingdom
998,41860,australia
999,36622,canada
1000,40173,australia
1001,26255,United Kingdom
1002,31949,germany
1003,11968,United Kingdom
1004,45299,Unitaed Arab Emirates
1005,39621,United Kingdom
1006,49157,canada
1007,18955,United States
1008,37254,germany
1009,38387,india
1010,41084,germany
1011,10901,canada
1012,40905,United Kingdom
1013,36094,australia
1014,48733,canada
1015,46024,australia
1016,48274,United Kingdom
1017,40999,canada
1018,11693,United States
1019,44897,canada
1020,46779,germany
1021,11365,germany
1022,18387,germany
1023,16203,germany
1024,42918,australia
1025,15180,germany
1026,40342,United Kingdom
1027,43098,australia
1028,37686,United States
1029,17400,india
1030,37817,australia
1031,20587,canada
1032,44812,india
1033,48413,germany
1034,32938,Unitaed Arab Emirates
1035,33425,india
1036,15010,United States
1037,17848,United States
1038,32029,australia
1039,26190,United States
1040,42026,Unitaed Arab Emirates
1041,27959,United Kingdom
1042,49491,Unitaed Arab Emirates
1043,15754,Unitaed Arab Emirates
1044,12213,United Kingdom
1045,19855,australia
1046,15544,Unitaed Arab Emirates
1047,31137,germany
1048,46400,india
1049,15588,United States
1050,49426,canada
1051,35850,United Kingdom
1052,14827,United States
1053,37533,india
1054,48906,Unitaed Arab Emirates
1055,21648,canada
1056,48747,india
1057,25738,canada
1058,23539,germany
1059,20357,australia
1060,35585,United States
1061,25594,australia
1062,48055,United Kingdom
1063,14617,india
1064,20687,india
1065,16796,canada
1066,49801,United Kingdom
1067,16747,germany
1068,17936,india
1069,42293,United Kingdom
1070,27142,Unitaed Arab Emirates
1071,44047,india
1072,22696,canada
1073,23097,Unitaed Arab Emirates
1074,16228,australia
1075,38149,germany
1076,24141,Unitaed Arab Emirates
1077,30354,australia
1078,11526,United Kingdom
1079,42958,United Kingdom
1080,11873,United States
1081,17958,canada
1082,21207,Unitaed Arab Emirates
1083,17368,australia
1084,17489,United States
1085,34833,United Kingdom
1086,18346,australia
1087,48374,Unitaed Arab Emirates
1088,30286,india
1089,49428,germany
1090,28796,germany
1091,13160,india
1092,38181,germany
1093,13371,canada
1094,46119,india
1095,43228,Unitaed Arab Emirates
1096,12117,United States
1097,16356,canada
1098,44374,india
1099,42839,Unitaed Arab Emirates
1100,40899,Unitaed Arab Emirates
1101,16351,germany
1102,22464,United Kingdom
1103,10706,germany
1104,25660,india
1105,28312,Unitaed Arab Emirates
1106,12798,Unitaed Arab Emirates
1107,35753,United Kingdom
1108,39722,United States
1109,31455,india
1110,13311,United States
1111,39362,india
1112,36761,canada
1113,22917,Unitaed Arab Emirates
1114,27955,australia
1115,40311,germany
1116,28821,germany
1117,33915,canada
1118,48620,australia
1119,43368,australia
1120,19170,canada
1121,18706,india
1122,27193,australia
1123,45253,australia
1124,17398,germany
1125,27830,United States
1126,26852,United Kingdom
1127,27013,Unitaed Arab Emirates
1128,29766,australia
1129,16538,germany
1130,42881,Unitaed Arab Emirates
1131,31867,United Kingdom
1132,22534,australia
1133,28000,australia
1134,46085,United Kingdom
1135,33735,canada
1136,33964,germany
1137,15733,United States
1138,37246,United Kingdom
1139,31197,india
1140,23065,india
1141,45305,canada
1142,29558,United Kingdom
1143,28606,United Kingdom
1144,10051,United States
1145,28728,india
1146,24299,United States
1147,31448,germany
1148,32870,United States
1149,32214,United States
1150,14266,germany
1151,21300,United States
1152,11658,canada
1153,33752,United States
1154,38133,australia
1155,22742,canada
1156,26059,United States
1157,37629,United States
1158,20994,germany
1159,32005,United Kingdom
1160,30394,germany
1161,10635,canada
1162,21206,Unitaed Arab Emirates
1163,32805,United States
1164,35632,United Kingdom
1165,21660,canada
1166,36877,germany
1167,18759,Unitaed Arab Emirates
1168,48924,india
1169,41672,canada
1170,34091,Unitaed Arab Emirates
1171,41335,india
1172,17009,india
1173,12143,australia
1174,39014,United States
1175,49767,Unitaed Arab Emirates
1176,27858,india
1177,33632,australia
1178,30486,Unitaed Arab Emirates
1179,10329,germany
1180,22370,United Kingdom
1181,23847,United States
1182,41624,United Kingdom
1183,14622,United Kingdom
1184,48000,Unitaed Arab Emirates
1185,34405,United Kingdom
1186,35337,United Kingdom
1187,11680,canada
1188,48719,Unitaed Arab Emirates
1189,37832,Unitaed Arab Emirates
1190,16866,Unitaed Arab Emirates
1191,35479,canada
1192,27509,australia
1193,14188,germany
1194,45617,United States
1195,37787,United States
1196,13366,india
1197,23061,india
1198,25952,canada
1199,28975,canada
1200,14283,australia
1201,30645,india
1202,21740,canada
1203,43012,Unitaed Arab Emirates
1204,15128,United States
1205,19371,india
1206,31309,Unitaed Arab Emirates
1207,37111,United States
1208,18628,United Kingdom
1209,20462,india
1210,32718,canada
1211,48674,india
1212,41295,United Kingdom
1213,38844,United Kingdom
1214,36314,United Kingdom
1215,17668,Unitaed Arab Emirates
1216,11954,canada
1217,24412,australia
1218,18806,canada
1219,28015,canada
1220,31420,india
1221,22363,india
1222,20066,india
1223,41081,india
1224,27253,germany
1225,21662,australia
1226,24125,australia
1227,29503,Unitaed Arab Emirates
1228,25698,United States
1229,25271,United Kingdom
1230,10376,United Kingdom
1231,40080,india
1232,28325,australia
1233,25285,india
1234,10204,germany
1235,35320,Unitaed Arab Emirates
1236,21328,germany
1237,17054,india
1238,36125,Unitaed Arab Emirates
1239,30804,germany
1240,28809,germany
1241,37440,australia
1242,30357,Unitaed Arab Emirates
1243,27054,australia
1244,13065,germany
1245,44495,Unitaed Arab Emirates
1246,15976,Unitaed Arab Emirates
1247,41154,United States
1248,30410,india
1249,25737,canada
1250,48832,United Kingdom
1251,46582,Unitaed Arab Emirates
1252,11703,Unitaed Arab Emirates
1253,17621,canada
1254,23544,Unitaed Arab Emirates
1255,17430,United Kingdom
1256,42821,Unitaed Arab Emirates
1257,48834,canada
1258,22291,United States
1259,43601,United States
1260,15794,india
1261,42749,germany
1262,41180,Unitaed Arab Emirates
1263,19353,Unitaed Arab Emirates
1264,32244,canada
1265,28410,australia
1266,19829,United States
1267,46316,india
1268,23046,United Kingdom
1269,32748,india
1270,11183,india
1271,20411,United Kingdom
1272,43856,Unitaed Arab Emirates
1273,43960,germany
1274,41478,australia
1275,15387,United States
1276,43099,Unitaed Arab Emirates
1277,22280,United States
1278,12275,india
1279,48005,germany
1280,16385,germany
1281,17648,india
1282,43270,germany
1283,13569,india
1284,35910,india
1285,31031,canada
1286,14216,United States
1287,41600,australia
1288,26315,australia
1289,34598,United States
1290,34232,canada
1291,36425,United Kingdom
1292,20355,canada
1293,28738,United States
1294,24566,United Kingdom
1295,45101,australia
1296,33958,canada
1297,31655,australia
1298,31828,canada
1299,48835,United States
1300,37962,Unitaed Arab Emirates
1301,47803,United States
1302,21044,germany
1303,12209,germany
1304,19584,australia
1305,21448,australia
1306,11959,United Kingdom
1307,10275,United Kingdom
1308,31008,Unitaed Arab Emirates
1309,36035,germany
1310,44609,Unitaed Arab Emirates
1311,22251,United States
1312,30529,canada
1313,25631,canada
1314,23546,Unitaed Arab Emirates
1315,40524,United States
1316,15675,germany
1317,21569,australia
1318,48173,United Kingdom
1319,48365,United States
1320,44708,United States
1321,38590,germany
1322,21989,canada
1323,47118,United States
1324,43727,australia
1325,49398,canada
1326,48560,australia
1327,41937,germany
1328,45331,australia
1329,43231,germany
1330,20128,Unitaed Arab Emirates
1331,34055,United Kingdom
1332,38707,canada
1333,38646,australia
1334,43686,United States
1335,48855,australia
1336,40584,United States
1337,41368,Unitaed Arab Emirates
1338,11613,australia
1339,19014,United States
1340,12120,United States
1341,13391,United States
1342,20158,United Kingdom
1343,41988,australia
1344,44649,australia
1345,33746,canada
1346,23045,United States
1347,13843,Unitaed Arab Emirates
1348,16129,United States
1349,13210,Unitaed Arab Emirates
1350,36162,india
1351,19969,United States
1352,48284,canada
1353,20626,United Kingdom
1354,38493,United Kingdom
1355,30937,canada
1356,28663,australia
1357,41258,United States
1358,19559,australia
1359,17305,india
1360,35973,india
1361,31940,germany
1362,42922,germany
1363,23657,germany
1364,27498,United Kingdom
1365,10699,Unitaed Arab Emirates
1366,17109,United States
1367,18787,Unitaed Arab Emirates
1368,35115,germany
1369,25638,germany
1370,20135,United States
1371,30843,Unitaed Arab Emirates
1372,10661,Unitaed Arab Emirates
1373,17381,Unitaed Arab Emirates
1374,31958,canada
1375,19614,United States
1376,15871,United States
1377,10579,canada
1378,34837,germany
1379,46993,Unitaed Arab Emirates
1380,23470,Unitaed Arab Emirates
1381,23079,Unitaed Arab Emirates
1382,25650,Unitaed Arab Emirates
1383,32318,australia
1384,23854,australia
1385,12136,india
1386,15063,australia
1387,35081,australia
1388,33681,Unitaed Arab Emirates
1389,26590,australia
1390,45898,Unitaed Arab Emirates
1391,25455,United States
1392,28238,germany
1393,48032,australia
1394,28044,australia
1395,37157,india
1396,25712,canada
1397,14979,germany
1398,47814,india
1399,18476,australia
1400,43486,germany
1401,26641,germany
1402,40711,germany
1403,28981,india
1404,37870,United Kingdom
1405,33182,United States
1406,31001,Unitaed Arab Emirates
1407,24065,Unitaed Arab Emirates
1408,39672,germany
1409,10887,germany
1410,33665,United Kingdom
1411,10744,United Kingdom
1412,33620,canada
1413,29820,canada
1414,11704,United Kingdom
1415,14064,United Kingdom
1416,47994,Unitaed Arab Emirates
1417,20718,australia
1418,14214,Unitaed Arab Emirates
1419,35061,United States
1420,21502,australia
1421,47895,australia
1422,42137,Unitaed Arab Emirates
1423,20007,canada
1424,49305,United States
1425,38205,india
1426,41864,india
1427,37947,Unitaed Arab Emirates
1428,14963,United Kingdom
1429,32680,United Kingdom
1430,34486,germany
1431,41438,australia
1432,31246,canada
1433,13341,india
1434,17747,United Kingdom
1435,18448,canada
1436,20940,canada
1437,45330,United States
1438,25596,australia
1439,40627,canada
1440,28051,Unitaed Arab Emirates
1441,32698,australia
1442,16413,canada
1443,29032,United States
1444,15734,United States
1445,40786,australia
1446,27963,canada
1447,33999,germany
1448,26518,United Kingdom
1449,38407,germany
1450,39501,canada
1451,46888,United States
1452,45280,United States
1453,39045,United Kingdom
1454,36819,United Kingdom
1455,33231,canada
1456,34432,germany
1457,36745,india
1458,39443,Unitaed Arab Emirates
1459,44000,india
1460,40296,germany
1461,36485,Unitaed Arab Emirates
1462,15653,canada
1463,47926,germany
1464,14089,United Kingdom
1465,35194,United Kingdom
1466,47069,Unitaed Arab Emirates
1467,24747,germany
1468,37980,Unitaed Arab Emirates
1469,47071,canada
1470,37011,United States
1471,33933,United States
1472,14962,Unitaed Arab Emirates
1473,10857,canada
1474,38305,india
1475,49539,United Kingdom
1476,26403,india
1477,12420,Unitaed Arab Emirates
1478,21218,australia
1479,26450,germany
1480,40134,United States
1481,13133,Unitaed Arab Emirates
1482,43553,canada
1483,26135,United States
1484,13690,canada
1485,44315,india
1486,11562,australia
1487,14386,Unitaed Arab Emirates
1488,28561,United States
1489,43246,United Kingdom
1490,27031,Unitaed Arab Emirates
1491,10263,United Kingdom
1492,33486,Unitaed Arab Emirates
1493,46510,germany
1494,16646,india
1495,41903,United Kingdom
1496,21148,United Kingdom
1497,36137,Unitaed Arab Emirates
1498,47968,germany
1499,36012,australia
1500,25223,Unitaed Arab Emirates
1501,28389,germany
1502,24353,india
1503,35483,canada
1504,42897,canada
1505,30102,Unitaed Arab Emirates
1506,27198,United Kingdom
1507,38538,United Kingdom
1508,15849,United Kingdom
1509,37957,canada
1510,10014,United Kingdom
1511,23807,australia
1512,20229,United States
1513,13488,australia
1514,35282,india
1515,43470,United Kingdom
1516,16575,United Kingdom
1517,24272,United States
1518,32544,United Kingdom
1519,24368,Unitaed Arab Emirates
1520,49260,australia
1521,15499,United States
1522,28939,canada
1523,39317,australia
1524,21178,india
1525,13939,Unitaed Arab Emirates
1526,40601,australia
1527,35060,United Kingdom
1528,25706,germany
1529,13674,india
1530,37287,canada
1531,44421,india
1532,19154,germany
1533,33065,United States
1534,36406,india
1535,22034,india
1536,39477,Unitaed Arab Emirates
1537,39737,United Kingdom
1538,10815,United Kingdom
1539,49735,Unitaed Arab Emirates
1540,26938,United States
1541,45560,india
1542,32249,india
1543,48986,india
1544,49676,United Kingdom
1545,39496,india
1546,23460,australia
1547,22254,Unitaed Arab Emirates
1548,21957,United Kingdom
1549,47070,Unitaed Arab Emirates
1550,17852,Unitaed Arab Emirates
1551,11264,United Kingdom
1552,33203,United Kingdom
1553,20364,United States
1554,28688,canada
1555,37739,india
1556,46726,india
1557,48304,india
1558,38959,canada
1559,35814,germany
1560,26057,germany
1561,24973,Unitaed Arab Emirates
1562,28201,United States
1563,48088,canada
1564,34132,United States
1565,29195,india
1566,33738,india
1567,29938,india
1568,12418,United Kingdom
1569,47908,australia
1570,12988,australia
1571,43622,india
1572,45618,germany
1573,13379,United States
1574,40765,canada
1575,10193,australia
1576,36153,australia
1577,39004,United States
1578,35322,australia
1579,21279,india
1580,32016,australia
1581,25079,Unitaed Arab Emirates
1582,34725,australia
1583,17983,india
1584,32137,Unitaed Arab Emirates
1585,22057,United States
1586,31281,canada
1587,49737,Unitaed Arab Emirates
1588,31716,United Kingdom
1589,16534,United Kingdom
1590,48558,canada
1591,36965,australia
1592,27057,United States
1593,46469,United States
1594,27744,Unitaed Arab Emirates
1595,21258,india
1596,21809,canada
1597,13067,Unitaed Arab Emirates
1598,44212,germany
1599,22217,australia
1600,31871,australia
1601,15179,United States
1602,13353,germany
1603,33165,germany
1604,32444,australia
1605,25556,Unitaed Arab Emirates
1606,23011,United Kingdom
1607,28154,canada
1608,32294,australia
1609,22736,australia
1610,26578,United Kingdom
1611,23996,Unitaed Arab Emirates
1612,35150,australia
1613,37205,germany
1614,32298,United States
1615,40556,india
1616,47411,australia
1617,34964,australia
1618,23746,United States
1619,44520,United Kingdom
1620,43428,india
1621,31999,india
1622,45600,United Kingdom
1623,40361,canada
1624,18488,Unitaed Arab Emirates
1625,48381,australia
1626,26714,United Kingdom
1627,16777,india
1628,22041,canada
1629,23142,canada
1630,35860,Unitaed Arab Emirates
1631,19270,canada
1632,48169,United Kingdom
1633,23029,germany
1634,48881,United States
1635,44353,canada
1636,12940,germany
1637,24105,canada
1638,39062,australia
1639,39044,United States
1640,32789,india
1641,23218,australia
1642,27886,canada
1643,27129,canada
1644,45380,india
1645,11508,india
1646,11770,United States
1647,21971,india
1648,44729,india
1649,19787,United States
1650,13658,canada
1651,33361,india
1652,32993,india
1653,10465,United Kingdom
1654,28453,Unitaed Arab Emirates
1655,35808,australia
1656,23874,United Kingdom
1657,32947,india
1658,29432,United States
1659,14042,canada
1660,30523,india
1661,14202,Unitaed Arab Emirates
1662,48892,United Kingdom
1663,17773,Unitaed Arab Emirates
1664,27671,United Kingdom
1665,18301,United States
1666,39421,canada
1667,24574,canada
1668,42629,canada
1669,38999,canada
1670,43629,australia
1671,40108,australia
1672,18652,Unitaed Arab Emirates
1673,27488,india
1674,48142,australia
1675,27127,india
1676,28794,australia
1677,38368,canada
1678,14993,United Kingdom
1679,18634,United States
1680,11833,germany
1681,43653,Unitaed Arab Emirates
1682,25319,germany
1683,13604,Unitaed Arab Emirates
1684,15357,germany
1685,26257,australia
1686,38932,india
1687,29605,Unitaed Arab Emirates
1688,11596,United Kingdom
1689,40733,United Kingdom
1690,19757,United States
1691,19142,australia
1692,21106,germany
1693,28876,australia
1694,35917,canada
1695,41518,australia
1696,14333,australia
1697,43306,india
1698,45624,india
1699,38301,canada
1700,48321,United Kingdom
1701,25657,australia
1702,19926,australia
1703,38967,United Kingdom
1704,10013,Unitaed Arab Emirates
1705,14707,United Kingdom
1706,47258,United States
1707,34766,india
1708,15993,canada
1709,42164,germany
1710,40825,australia
1711,14102,United States
1712,11104,United Kingdom
1713,45580,Unitaed Arab Emirates
1714,48899,canada
1715,49396,australia
1716,35956,Unitaed Arab Emirates
1717,41651,germany
1718,27185,canada
1719,16428,canada
1720,25641,australia
1721,20313,canada
1722,14140,canada
1723,27936,australia
1724,12792,canada
1725,12723,germany
1726,31960,australia
1727,12022,United States
1728,46956,United Kingdom
1729,41041,United Kingdom
1730,37089,United States
1731,10603,United Kingdom
1732,17028,germany
1733,17150,United States
1734,34902,United Kingdom
1735,32346,germany
1736,12775,germany
1737,40518,india
1738,13639,Unitaed Arab Emirates
1739,35166,australia
1740,10850,United States
1741,17800,canada
1742,29292,Unitaed Arab Emirates
1743,40249,india
1744,31577,australia
1745,27928,Unitaed Arab Emirates
1746,40238,australia
1747,42001,canada
1748,28199,Unitaed Arab Emirates
1749,45044,australia
1750,11450,canada
1751,36623,United Kingdom
1752,39415,australia
1753,46312,canada
1754,47674,australia
1755,15848,United Kingdom
1756,34749,germany
1757,27506,canada
1758,20752,germany
1759,36618,Unitaed Arab Emirates
1760,17284,United Kingdom
1761,31736,United Kingdom
1762,28560,australia
1763,20613,United Kingdom
1764,25934,United States
1765,38907,Unitaed Arab Emirates
1766,24155,United Kingdom
1767,14837,canada
1768,49101,canada
1769,38348,india
1770,26674,australia
1771,33892,australia
1772,15593,United States
1773,32022,United Kingdom
1774,31554,Unitaed Arab Emirates
1775,29422,United States
1776,42294,germany
1777,45071,germany
1778,26692,United Kingdom
1779,28580,australia
1780,41773,india
1781,10461,United Kingdom
1782,14732,canada
1783,27029,canada
1784,32398,canada
1785,19588,india
1786,38450,Unitaed Arab Emirates
1787,42639,canada
1788,19762,australia
1789,28289,Unitaed Arab Emirates
1790,18040,canada
1791,22359,germany
1792,47666,canada
1793,13204,canada
1794,43897,United Kingdom
1795,41076,United Kingdom
1796,28181,germany
1797,28868,United States
1798,32607,india
1799,27072,United States
1800,32815,United Kingdom
1801,37586,United States
1802,38478,United Kingdom
1803,32385,canada
1804,38897,United States
1805,40028,Unitaed Arab Emirates
1806,40112,United Kingdom
1807,39216,Unitaed Arab Emirates
1808,38057,germany
1809,46146,United States
1810,37861,canada
1811,19243,United States
1812,39280,Unitaed Arab Emirates
1813,34662,canada
1814,39384,india
1815,37015,australia
1816,17524,germany
1817,24688,Unitaed Arab Emirates
1818,24350,india
1819,49216,United States
1820,44045,Unitaed Arab Emirates
1821,16766,germany
1822,17353,Unitaed Arab Emirates
1823,18578,germany
1824,17667,Unitaed Arab Emirates
1825,30570,Unitaed Arab Emirates
1826,21768,Unitaed Arab Emirates
1827,37645,Unitaed Arab Emirates
1828,42407,United States
1829,24045,canada
1830,14826,canada
1831,48928,United Kingdom
1832,13973,australia
1833,37118,canada
1834,36218,india
1835,36065,india
1836,32971,Unitaed Arab Emirates
1837,41498,australia
1838,29617,australia
1839,40894,germany
1840,27770,india
1841,17543,india
1842,27581,australia
1843,28669,india
1844,25522,United States
1845,35563,United Kingdom
1846,29343,india
1847,27924,Unitaed Arab Emirates
1848,38492,germany
1849,42066,Unitaed Arab Emirates
1850,32047,australia
1851,16320,canada
1852,24700,Unitaed Arab Emirates
1853,39157,United States
1854,24284,Unitaed Arab Emirates
1855,38993,Unitaed Arab Emirates
1856,17503,United States
1857,21489,australia
1858,27673,canada
1859,42991,germany
1860,22859,india
1861,21015,United States
1862,48447,United States
1863,29024,canada
1864,23096,Unitaed Arab Emirates
1865,35562,Unitaed Arab Emirates
1866,24202,india
1867,11023,United States
1868,35848,canada
1869,11779,canada
1870,20426,india
1871,22536,australia
1872,21351,germany
1873,24581,canada
1874,25770,australia
1875,17385,germany
1876,32542,United Kingdom
1877,30223,Unitaed Arab Emirates
1878,45504,india
1879,29158,india
1880,35067,australia
1881,20051,germany
1882,35167,germany
1883,45502,germany
1884,42570,Unitaed Arab Emirates
1885,11492,germany
1886,36151,india
1887,10682,United Kingdom
1888,35204,United States
1889,30866,australia
1890,31131,india
1891,42868,United States
1892,11093,australia
1893,23485,germany
1894,20683,india
1895,30156,canada
1896,15334,United Kingdom
1897,43304,australia
1898,45523,canada
1899,18510,india
1900,25645,india
1901,33900,United States
1902,41107,canada
1903,44295,Unitaed Arab Emirates
1904,34646,United States
1905,10443,United Kingdom
1906,15674,australia
1907,47963,india
1908,11869,germany
1909,37497,Unitaed Arab Emirates
1910,40060,Unitaed Arab Emirates
1911,26663,United Kingdom
1912,10770,germany
1913,31946,canada
1914,39000,india
1915,11559,canada
1916,37073,United States
1917,38123,United Kingdom
1918,16982,australia
1919,28824,canada
1920,42876,canada
1921,19147,United States
1922,17078,canada
1923,29744,canada
1924,29873,United States
1925,10317,United States
1926,43108,australia
1927,47212,United Kingdom
1928,28458,germany
1929,26041,United States
1930,32062,United Kingdom
1931,22180,australia
1932,23384,germany
1933,22128,United Kingdom
1934,49747,india
1935,12366,United Kingdom
1936,37578,Unitaed Arab Emirates
1937,11565,germany
1938,46472,india
1939,36976,United Kingdom
1940,46969,United Kingdom
1941,22209,germany
1942,22929,australia
1943,20444,Unitaed Arab Emirates
1944,18756,australia
1945,13453,germany
1946,36326,Unitaed Arab Emirates
1947,34001,United States
1948,43025,australia
1949,24788,United Kingdom
1950,11046,india
1951,38160,australia
1952,36287,Unitaed Arab Emirates
1953,26432,australia
1954,34743,United Kingdom
1955,44621,United States
1956,30125,germany
1957,44836,australia
1958,15823,United States
1959,36025,australia
1960,42996,australia
1961,46020,canada
1962,43119,United Kingdom
1963,45040,germany
1964,30421,australia
1965,34809,canada
1966,27241,Unitaed Arab Emirates
1967,19068,india
1968,36834,india
1969,14194,United Kingdom
1970,36220,United States
1971,23699,Unitaed Arab Emirates
1972,13324,United States
1973,49029,United States
1974,31335,United States
1975,36832,Unitaed Arab Emirates
1976,11432,india
1977,10480,United States
1978,12970,australia
1979,44433,Unitaed Arab Emirates
1980,24265,Unitaed Arab Emirates
1981,18608,Unitaed Arab Emirates
1982,17250,United Kingdom
1983,10944,germany
1984,44820,United States
1985,20542,United States
1986,17703,United Kingdom
1987,36232,canada
1988,44219,United States
1989,21203,canada
1990,39922,Unitaed Arab Emirates
1991,23965,Unitaed Arab Emirates
1992,30387,United Kingdom
1993,44354,United Kingdom
1994,13728,germany
1995,34391,australia
1996,35394,Unitaed Arab Emirates
1997,22299,Unitaed Arab Emirates
1998,16480,australia
1999,38530,United States
2000,14106,germany
2001,28703,germany
2002,42100,germany
2003,21120,india
2004,48920,australia
2005,29318,Unitaed Arab Emirates
2006,35722,United Kingdom
2007,41000,germany
2008,12505,Unitaed Arab Emirates
2009,33463,canada
2010,24786,canada
2011,17798,United Kingdom
2012,34253,australia
2013,49702,Unitaed Arab Emirates
2014,19003,australia
2015,26439,United Kingdom
2016,18899,United Kingdom
2017,24714,United Kingdom
2018,25861,canada
2019,30502,United States
2020,38424,Unitaed Arab Emirates
2021,13316,United States
2022,23059,india
2023,46257,germany
2024,30710,germany
2025,25201,india
2026,27577,United Kingdom
2027,14994,Unitaed Arab Emirates
2028,17506,australia
2029,11497,United States
2030,19442,india
2031,12410,United Kingdom
2032,36154,United States
2033,18666,Unitaed Arab Emirates
2034,31515,United States
2035,30432,Unitaed Arab Emirates
2036,49695,germany
2037,25421,australia
2038,40252,United States
2039,48785,australia
2040,17005,Unitaed Arab Emirates
2041,41811,india
2042,47225,canada
2043,42351,australia
2044,37195,United States
2045,19186,canada
2046,35120,germany
2047,15074,india
2048,19123,canada
2049,34666,germany
2050,30717,Unitaed Arab Emirates
2051,49959,australia
2052,29352,United States
2053,37653,germany
2054,41289,canada
2055,12659,canada
2056,10633,Unitaed Arab Emirates
2057,25716,germany
2058,45996,germany
2059,35800,Unitaed Arab Emirates
2060,27632,canada
2061,27366,United Kingdom
2062,45278,canada
2063,30234,germany
2064,30377,germany
2065,43757,United Kingdom
2066,11616,canada
2067,41150,United Kingdom
2068,18616,canada
2069,19622,United States
2070,28019,australia
2071,49163,india
2072,41364,germany
2073,47986,india
2074,26561,United States
2075,23576,Unitaed Arab Emirates
2076,15251,United States
2077,38352,canada
2078,43487,Unitaed Arab Emirates
2079,45896,germany
2080,33419,United Kingdom
2081,39080,canada
2082,37577,australia
2083,24597,australia
2084,45557,Unitaed Arab Emirates
2085,35229,india
2086,32645,United States
2087,25306,germany
2088,37968,United Kingdom
2089,22595,germany
2090,35065,india
2091,35920,United Kingdom
2092,49668,australia
2093,42636,germany
2094,43375,germany
2095,25072,canada
2096,46359,Unitaed Arab Emirates
2097,14119,germany
2098,15311,United States
2099,18944,germany
2100,13048,United Kingdom
2101,14120,australia
2102,21653,United States
2103,26000,india
2104,43782,australia
2105,19960,Unitaed Arab Emirates
2106,31280,United Kingdom
2107,33437,india
2108,35534,United States
2109,23339,United Kingdom
2110,45356,india
2111,45306,germany
2112,24823,United States
2113,22459,United Kingdom
2114,16181,Unitaed Arab Emirates
2115,22208,Unitaed Arab Emirates
2116,42009,United Kingdom
2117,23035,australia
2118,15876,Unitaed Arab Emirates
2119,11475,india
2120,23780,australia
2121,36636,United States
2122,34121,india
2123,40978,germany
2124,47843,australia
2125,36901,canada
2126,21329,canada
2127,30056,United States
2128,45623,United States
2129,28007,germany
2130,38025,canada
2131,48404,germany
2132,20895,Unitaed Arab Emirates
2133,19332,United Kingdom
2134,45598,United States
2135,24540,canada
2136,14682,australia
2137,19295,United States
2138,45857,Unitaed Arab Emirates
2139,46782,United States
2140,10613,canada
2141,27027,Unitaed Arab Emirates
2142,27519,australia
2143,26202,india
2144,30083,india
2145,20013,Unitaed Arab Emirates
2146,16069,United Kingdom
2147,37341,United Kingdom
2148,46170,Unitaed Arab Emirates
2149,20819,canada
2150,46761,United States
2151,39173,canada
2152,10056,india
2153,36920,United States
2154,15996,germany
2155,39801,United Kingdom
2156,43387,United States
2157,31258,germany
2158,23066,germany
2159,12613,india
2160,38837,germany
2161,31757,india
2162,29219,canada
2163,35241,germany
2164,13557,Unitaed Arab Emirates
2165,14171,australia
2166,14982,United Kingdom
2167,23532,United Kingdom
2168,49693,canada
2169,27018,australia
2170,15737,canada
2171,35561,australia
2172,34329,germany
2173,28957,india
2174,11156,germany
2175,48421,canada
2176,13868,india
2177,27151,United States
2178,18606,germany
2179,49338,australia
2180,21475,United Kingdom
2181,10861,United States
2182,40467,Unitaed Arab Emirates
2183,31298,india
2184,37933,australia
2185,45145,india
2186,48998,canada
2187,32667,germany
2188,26228,india
2189,44418,canada
2190,45726,United States
2191,30841,germany
2192,15990,canada
2193,22647,canada
2194,28350,india
2195,13286,canada
2196,28526,india
2197,43724,United States
2198,37620,United Kingdom
2199,10217,australia
2200,45183,australia
2201,32579,germany
2202,44235,germany
2203,29256,germany
2204,26416,canada
2205,29871,germany
2206,33171,india
2207,35000,india
2208,31266,United States
2209,13078,canada
2210,49406,germany
2211,39410,germany
2212,22118,india
2213,31857,United Kingdom
2214,22210,india
2215,25031,australia
2216,47062,United States
2217,43482,United States
2218,24770,canada
2219,46748,Unitaed Arab Emirates
2220,47151,canada
2221,49630,United Kingdom
2222,28998,Unitaed Arab Emirates
2223,10810,germany
2224,20647,United States
2225,44798,United States
2226,23204,australia
2227,16033,canada
2228,25245,United Kingdom
2229,36361,germany
2230,44740,United Kingdom
2231,10824,United States
2232,47889,germany
2233,28616,india
2234,15680,germany
2235,16745,germany
2236,17605,United Kingdom
2237,43530,canada
2238,42789,canada
2239,24812,germany
2240,47329,United States
2241,13305,india
2242,38843,canada
2243,41394,Unitaed Arab Emirates
2244,19733,United States
2245,18612,Unitaed Arab Emirates
2246,14436,germany
2247,49865,United States
2248,36559,australia
2249,49582,canada
2250,18314,United States
2251,26335,Unitaed Arab Emirates
2252,32715,india
2253,14165,United States
2254,41037,india
2255,24772,Unitaed Arab Emirates
2256,27999,United Kingdom
2257,25505,United States
2258,32388,germany
2259,46576,United Kingdom
2260,24515,australia
2261,43303,Unitaed Arab Emirates
2262,43890,australia
2263,49857,germany
2264,31597,india
2265,24103,india
2266,46302,canada
2267,27042,germany
2268,41004,United States
2269,24337,United States
2270,40668,india
2271,37683,india
2272,17218,germany
2273,47759,United Kingdom
2274,23794,United Kingdom
2275,15397,india
2276,44772,United Kingdom
2277,39529,germany
2278,12733,United Kingdom
2279,34838,india
2280,32425,canada
2281,49119,United States
2282,43575,canada
2283,43125,United States
2284,17311,canada
2285,45169,canada
2286,44042,canada
2287,25604,canada
2288,26401,canada
2289,45531,United Kingdom
2290,16628,canada
2291,15121,india
2292,37573,United States
2293,35928,United Kingdom
2294,42398,germany
2295,44239,United States
2296,13163,Unitaed Arab Emirates
2297,31755,United Kingdom
2298,35638,canada
2299,35223,germany
2300,20601,United Kingdom
2301,14017,australia
2302,12609,canada
2303,42850,india
2304,44557,australia
2305,15708,india
2306,17973,canada
2307,38414,Unitaed Arab Emirates
2308,46884,australia
2309,39913,canada
2310,23356,india
2311,48294,australia
2312,10797,india
2313,45294,canada
2314,41582,United States
2315,31135,United States
2316,22072,United States
2317,47574,australia
2318,22624,australia
2319,30247,germany
2320,25507,canada
2321,42315,United States
2322,41104,australia
2323,31985,United Kingdom
2324,40298,germany
2325,45953,australia
2326,27461,United States
2327,21802,australia
2328,41311,United Kingdom
2329,23501,australia
2330,21070,germany
2331,44658,United States
2332,11626,germany
2333,21810,United States
2334,49414,Unitaed Arab Emirates
2335,38860,United States
2336,40460,canada
2337,39541,Unitaed Arab Emirates
2338,14773,germany
2339,47812,United States
2340,38823,United States
2341,21630,canada
2342,20100,australia
2343,39103,india
2344,44096,india
2345,14123,india
2346,44079,Unitaed Arab Emirates
2347,47218,germany
2348,22230,United Kingdom
2349,21807,canada
2350,45493,canada
2351,44951,canada
2352,25427,australia
2353,10153,germany
2354,11119,india
2355,28539,australia
2356,47933,United States
2357,11209,United States
2358,32812,australia
2359,43874,germany
2360,24985,United States
2361,40022,australia
2362,37372,india
2363,22565,United Kingdom
2364,37235,australia
2365,11037,canada
2366,13333,canada
2367,26797,germany
2368,38718,United Kingdom
2369,17904,United States
2370,44707,Unitaed Arab Emirates
2371,27039,Unitaed Arab Emirates
2372,25555,canada
2373,17457,United Kingdom
2374,41488,canada
2375,28863,germany
2376,35923,australia
2377,32305,United Kingdom
2378,41675,canada
2379,46374,australia
2380,15203,india
2381,40068,canada
2382,41767,canada
2383,46826,Unitaed Arab Emirates
2384,47772,india
2385,26699,india
2386,32447,United Kingdom
2387,28645,United States
2388,27228,United Kingdom
2389,44282,germany
2390,43876,germany
2391,31507,germany
2392,13185,Unitaed Arab Emirates
2393,27622,United Kingdom
2394,15455,india
2395,45692,australia
2396,32423,australia
2397,37007,india
2398,37470,Unitaed Arab Emirates
2399,40846,india
2400,23909,australia
2401,27006,United States
2402,28721,canada
2403,20122,United States
2404,44026,australia
2405,14501,australia
2406,17840,canada
2407,17289,United Kingdom
2408,20160,india
2409,28407,Unitaed Arab Emirates
2410,17190,australia
2411,20436,Unitaed Arab Emirates
2412,38979,United States
2413,34920,australia
2414,46440,germany
2415,21260,canada
2416,28297,United States
2417,12445,germany
2418,18976,germany
2419,27871,canada
2420,31275,india
2421,24971,australia
2422,10449,germany
2423,25107,United Kingdom
2424,12595,canada
2425,15765,United Kingdom
2426,44880,germany
2427,19137,canada
2428,24271,United Kingdom
2429,27410,canada
2430,19715,United Kingdom
2431,13692,germany
2432,13049,germany
2433,37897,germany
2434,37882,Unitaed Arab Emirates
2435,33968,Unitaed Arab Emirates
2436,49866,australia
2437,34636,canada
2438,38750,australia
2439,21590,United States
2440,42451,india
2441,38354,germany
2442,29990,United Kingdom
2443,16669,canada
2444,26773,canada
2445,25648,canada
2446,14616,india
2447,19867,germany
2448,10252,United Kingdom
2449,42482,australia
2450,18052,United Kingdom
2451,29550,australia
2452,43463,germany
2453,32307,australia
2454,17865,germany
2455,22705,india
2456,41786,United Kingdom
2457,47422,india
2458,39792,Unitaed Arab Emirates
2459,21442,Unitaed Arab Emirates
2460,20456,Unitaed Arab Emirates
2461,21899,germany
2462,42244,india
2463,33584,Unitaed Arab Emirates
2464,42983,United States
2465,16244,United States
2466,42947,Unitaed Arab Emirates
2467,26760,United States
2468,18045,canada
2469,28211,india
2470,34156,germany
2471,33961,Unitaed Arab Emirates
2472,28711,canada
2473,36078,germany
2474,23510,australia
2475,39520,United Kingdom
2476,35328,United Kingdom
2477,34825,germany
2478,17272,canada
2479,45588,United States
2480,47504,Unitaed Arab Emirates
2481,49238,canada
2482,35465,United States
2483,40642,United States
2484,16520,india
2485,38299,Unitaed Arab Emirates
2486,29127,australia
2487,14576,Unitaed Arab Emirates
2488,17183,germany
2489,20814,Unitaed Arab Emirates
2490,36352,india
2491,21596,india
2492,25544,United States
2493,34139,United States
2494,34574,Unitaed Arab Emirates
2495,11085,india
2496,40689,canada
2497,46497,Unitaed Arab Emirates
2498,30712,United Kingdom
2499,11487,Unitaed Arab Emirates
2500,18540,United States
2501,34989,australia
2502,25955,india
2503,37029,canada
2504,17102,United States
2505,11009,germany
2506,30766,australia
2507,33089,india
2508,18973,australia
2509,13079,Unitaed Arab Emirates
2510,22167,india
2511,12186,australia
2512,19398,australia
2513,14518,canada
2514,46222,germany
2515,16082,United States
2516,48117,australia
2517,43618,canada
2518,32111,germany
2519,35070,australia
2520,29939,United States
2521,17540,australia
2522,29533,canada
2523,13347,germany
2524,13949,india
2525,39877,india
2526,26888,germany
2527,39278,Unitaed Arab Emirates
2528,17765,United States
2529,40084,australia
2530,46174,United States
2531,41991,canada
2532,15257,Unitaed Arab Emirates
2533,44347,canada
2534,47083,United Kingdom
2535,45455,germany
2536,48291,United Kingdom
2537,19910,United States
2538,30883,canada
2539,38202,germany
2540,41656,Unitaed Arab Emirates
2541,34111,Unitaed Arab Emirates
2542,45182,Unitaed Arab Emirates
2543,23271,germany
2544,48574,canada
2545,37679,india
2546,11759,Unitaed Arab Emirates
2547,45893,canada
2548,38628,United States
2549,39675,Unitaed Arab Emirates
2550,28665,canada
2551,21226,United States
2552,27507,United States
2553,15831,australia
2554,11234,canada
2555,15956,india
2556,37278,United States
2557,11268,germany
2558,31481,United States
2559,31103,United Kingdom
2560,39798,india
2561,38370,Unitaed Arab Emirates
2562,38654,United States
2563,20251,india
2564,27633,Unitaed Arab Emirates
2565,14029,canada
2566,12860,canada
2567,13513,india
2568,45987,United States
2569,14930,germany
2570,15472,australia
2571,49476,canada
2572,34225,United States
2573,23728,australia
2574,34214,india
2575,22483,germany
2576,41044,United Kingdom
2577,45297,United Kingdom
2578,36831,india
2579,19127,india
2580,35532,Unitaed Arab Emirates
2581,12473,United States
2582,43853,Unitaed Arab Emirates
2583,14662,Unitaed Arab Emirates
2584,46202,australia
2585,12665,india
2586,21184,india
2587,35677,Unitaed Arab Emirates
2588,18475,india
2589,39752,canada
2590,47239,australia
2591,32903,United States
2592,27171,australia
2593,22660,canada
2594,33289,germany
2595,17988,United Kingdom
2596,49974,Unitaed Arab Emirates
2597,42052,United States
2598,37256,canada
2599,44901,india
2600,12421,india
2601,13931,Unitaed Arab Emirates
2602,16025,canada
2603,49894,india
2604,36176,United Kingdom
2605,39357,india
2606,47273,india
2607,33265,canada
2608,23395,United States
2609,39161,india
2610,10798,canada
2611,13462,United Kingdom
2612,40666,germany
2613,17449,Unitaed Arab Emirates
2614,40163,United Kingdom
2615,41080,United Kingdom
2616,42953,canada
2617,35053,United Kingdom
2618,49799,canada
2619,22288,Unitaed Arab Emirates
2620,37473,australia
2621,37591,United Kingdom
2622,49452,germany
2623,38391,Unitaed Arab Emirates
2624,19877,Unitaed Arab Emirates
2625,35567,india
2626,17591,germany
2627,45517,germany
2628,42503,india
2629,45713,canada
2630,32946,United Kingdom
2631,34770,canada
2632,20494,germany
2633,10078,india
2634,22138,australia
2635,27505,United Kingdom
2636,45989,australia
2637,18977,australia
2638,42593,germany
2639,35022,Unitaed Arab Emirates
2640,14218,australia
2641,15729,United Kingdom
2642,19773,United States
2643,11765,india
2644,43572,Unitaed Arab Emirates
2645,24067,Unitaed Arab Emirates
2646,15649,germany
2647,29114,United Kingdom
2648,48759,canada
2649,39340,australia
2650,24539,United Kingdom
2651,42910,india
2652,38135,germany
2653,43051,germany
2654,41246,United States
2655,26767,india
2656,38448,United States
2657,29329,india
2658,25367,india
2659,10623,germany
2660,43312,india
2661,17586,United Kingdom
2662,27297,canada
2663,28927,india
2664,28131,canada
2665,25020,Unitaed Arab Emirates
2666,19235,canada
2667,42634,india
2668,19507,germany
2669,37884,germany
2670,34798,United Kingdom
2671,14531,australia
2672,41782,australia
2673,39904,canada
2674,28537,australia
2675,45467,india
2676,29704,United States
2677,10566,United Kingdom
2678,35205,germany
2679,42605,Unitaed Arab Emirates
2680,45503,australia
2681,27108,United States
2682,38936,United Kingdom
2683,44232,United States
2684,35883,United Kingdom
2685,25120,india
2686,48382,United Kingdom
2687,33473,canada
2688,42921,canada
2689,49227,germany
2690,39995,india
2691,30450,canada
2692,43578,australia
2693,18137,germany
2694,10778,Unitaed Arab Emirates
2695,30633,germany
2696,24307,australia
2697,47364,United Kingdom
2698,17357,canada
2699,12553,australia
2700,38820,Unitaed Arab Emirates
2701,30487,india
2702,23971,United Kingdom
2703,32188,canada
2704,22880,United Kingdom
2705,41310,Unitaed Arab Emirates
2706,14564,Unitaed Arab Emirates
2707,49232,germany
2708,33099,United States
2709,39122,india
2710,30062,Unitaed Arab Emirates
2711,24135,United Kingdom
2712,22415,australia
2713,13705,germany
2714,46126,germany
2715,19044,canada
2716,46950,United Kingdom
2717,30349,Unitaed Arab Emirates
2718,47397,india
2719,32717,Unitaed Arab Emirates
2720,48371,australia
2721,14474,india
2722,18647,United Kingdom
2723,24190,Unitaed Arab Emirates
2724,49943,United States
2725,24669,canada
2726,42997,canada
2727,33191,United States
2728,42723,australia
2729,47787,canada
2730,46245,Unitaed Arab Emirates
2731,25304,United Kingdom
2732,27143,United Kingdom
2733,44134,United Kingdom
2734,34900,Unitaed Arab Emirates
2735,10166,germany
2736,30048,australia
2737,17350,australia
2738,39510,india
2739,48463,australia
2740,40534,germany
2741,35748,australia
2742,10927,canada
2743,21100,india
2744,23243,Unitaed Arab Emirates
2745,40778,germany
2746,22098,germany
2747,41244,United States
2748,35577,germany
2749,10413,india
2750,39386,United States
2751,32312,india
2752,28398,United States
2753,18718,germany
2754,10000,australia
2755,27455,Unitaed Arab Emirates
2756,25542,United Kingdom
2757,21770,Unitaed Arab Emirates
2758,44763,australia
2759,13577,Unitaed Arab Emirates
2760,44477,germany
2761,24322,canada
2762,48885,australia
2763,18528,germany
2764,17970,australia
2765,27139,United Kingdom
2766,19911,Unitaed Arab Emirates
2767,17212,australia
2768,44867,germany
2769,43180,Unitaed Arab Emirates
2770,38188,United Kingdom
2771,26146,Unitaed Arab Emirates
2772,12993,india
2773,21654,United Kingdom
2774,10246,canada
2775,49745,australia
2776,34987,Unitaed Arab Emirates
2777,40235,germany
2778,23656,Unitaed Arab Emirates
2779,25178,australia
2780,38906,germany
2781,12689,United States
2782,43355,United Kingdom
2783,11468,United Kingdom
2784,10232,Unitaed Arab Emirates
2785,49653,Unitaed Arab Emirates
2786,24232,australia
2787,33524,Unitaed Arab Emirates
2788,44654,india
2789,26693,india
2790,34464,germany
2791,35519,United Kingdom
2792,12748,germany
2793,11600,australia
2794,13823,United States
2795,39027,australia
2796,47698,germany
2797,48329,india
2798,25066,india
2799,28020,Unitaed Arab Emirates
2800,23430,Unitaed Arab Emirates
2801,11790,india
2802,13144,Unitaed Arab Emirates
2803,40166,United Kingdom
2804,33298,United Kingdom
2805,35151,Unitaed Arab Emirates
2806,47111,canada
2807,30932,United States
2808,48006,United States
2809,49604,germany
2810,23196,india
2811,10939,United Kingdom
2812,21651,United States
2813,17090,United Kingdom
2814,37077,canada
2815,14362,United States
2816,34319,Unitaed Arab Emirates
2817,35786,canada
2818,29682,india
2819,16275,United Kingdom
2820,14817,germany
2821,22810,United States
2822,48599,india
2823,25027,Unitaed Arab Emirates
2824,40335,india
2825,17429,australia
2826,28551,United States
2827,32575,United States
2828,21332,india
2829,25077,Unitaed Arab Emirates
2830,27852,United Kingdom
2831,16600,india
2832,14814,canada
2833,15044,United States
2834,26411,United States
2835,34282,Unitaed Arab Emirates
2836,10100,germany
2837,25383,germany
2838,30894,india
2839,46008,Unitaed Arab Emirates
2840,21509,india
2841,42766,canada
2842,44221,United Kingdom
2843,18084,india
2844,38692,Unitaed Arab Emirates
2845,47327,india
2846,16240,United States
2847,25964,United States
2848,37742,germany
2849,16085,germany
2850,42391,United Kingdom
2851,40541,india
2852,27397,india
2853,46994,United States
2854,13349,Unitaed Arab Emirates
2855,48844,Unitaed Arab Emirates
2856,22157,australia
2857,47955,United Kingdom
2858,23885,United States
2859,17018,Unitaed Arab Emirates
2860,30654,United Kingdom
2861,23591,australia
2862,18655,canada
2863,49659,canada
2864,26519,australia
2865,45224,Unitaed Arab Emirates
2866,28655,Unitaed Arab Emirates
2867,33497,australia
2868,19768,germany
2869,38345,germany
2870,21117,canada
2871,19395,United States
2872,19913,United Kingdom
2873,18785,germany
2874,21952,United Kingdom
2875,32404,United Kingdom
2876,44237,canada
2877,24451,germany
2878,40964,germany
2879,44074,australia
2880,15332,australia
2881,36263,canada
2882,48565,Unitaed Arab Emirates
2883,30367,United States
2884,21918,germany
2885,28119,india
2886,29743,germany
2887,18876,australia
2888,16327,United States
2889,36914,Unitaed Arab Emirates
2890,35524,germany
2891,49709,canada
2892,38006,germany
2893,20863,Unitaed Arab Emirates
2894,43072,Unitaed Arab Emirates
2895,12397,germany
2896,32451,canada
2897,22417,germany
2898,42954,australia
2899,42239,germany
2900,11564,australia
2901,49581,india
2902,44677,United States
2903,36858,United Kingdom
2904,41845,United Kingdom
2905,27866,india
2906,22652,United Kingdom
2907,23789,germany
2908,22755,australia
2909,40667,Unitaed Arab Emirates
2910,12698,australia
2911,36807,canada
2912,25253,United States
2913,36604,india
2914,26655,australia
2915,45011,canada
2916,25117,germany
2917,29336,Unitaed Arab Emirates
2918,48639,Unitaed Arab Emirates
2919,20859,Unitaed Arab Emirates
2920,20738,United Kingdom
2921,21663,United States
2922,11827,Unitaed Arab Emirates
2923,20027,Unitaed Arab Emirates
2924,41843,australia
2925,34333,australia
2926,17184,Unitaed Arab Emirates
2927,34256,United States
2928,28557,germany
2929,40517,United Kingdom
2930,46477,india
2931,10129,australia
2932,26016,australia
2933,11558,germany
2934,20453,United Kingdom
2935,29584,United Kingdom
2936,23835,india
2937,14693,germany
2938,35190,Unitaed Arab Emirates
2939,31646,United Kingdom
2940,36957,canada
2941,26324,germany
2942,33684,Unitaed Arab Emirates
2943,49175,india
2944,47010,australia
2945,32343,United Kingdom
2946,32407,australia
2947,16198,australia
2948,40949,United Kingdom
2949,37484,Unitaed Arab Emirates
2950,37880,Unitaed Arab Emirates
2951,20401,United States
2952,44385,germany
2953,48848,india
2954,11899,canada
2955,25138,United Kingdom
2956,44802,United Kingdom
2957,23983,canada
2958,32706,australia
2959,37528,australia
2960,39223,india
2961,46271,india
2962,18031,australia
2963,38661,Unitaed Arab Emirates
2964,21601,germany
2965,28724,canada
2966,20675,Unitaed Arab Emirates
2967,49307,india
2968,38099,australia
2969,39455,germany
2970,33484,United States
2971,26784,Unitaed Arab Emirates
2972,46978,germany
2973,39022,United States
2974,29715,canada
2975,37441,United States
2976,47739,United Kingdom
2977,14226,United States
2978,32027,Unitaed Arab Emirates
2979,44722,canada
2980,16161,Unitaed Arab Emirates
2981,41929,United States
2982,48229,australia
2983,19677,india
2984,11628,canada
2985,17980,india
2986,47006,australia
2987,41374,United States
2988,21875,canada
2989,32980,germany
2990,28882,United States
2991,20301,germany
2992,10595,United Kingdom
2993,27323,Unitaed Arab Emirates
2994,31798,india
2995,45784,United States
2996,19589,United States
2997,45637,United States
2998,25097,india
2999,16381,india
3000,35371,United Kingdom
3001,46898,Unitaed Arab Emirates
3002,40588,canada
3003,12917,germany
3004,37115,United States
3005,14353,canada
3006,14365,United Kingdom
3007,36576,india
3008,29502,india
3009,33133,india
3010,36301,canada
3011,28125,United States
3012,12458,australia
3013,37468,United Kingdom
3014,49123,india
3015,17063,australia
3016,46105,United Kingdom
3017,16003,Unitaed Arab Emirates
3018,21024,canada
3019,27173,india
3020,16458,germany
3021,27705,canada
3022,12109,australia
3023,23365,india
3024,46214,australia
3025,25212,United Kingdom
3026,39145,United Kingdom
3027,22399,germany
3028,15085,india
3029,33820,india
3030,43386,canada
3031,31274,United States
3032,19074,United Kingdom
3033,20987,canada
3034,39780,germany
3035,35083,australia
3036,32755,United States
3037,20227,United Kingdom
3038,44185,Unitaed Arab Emirates
3039,48926,Unitaed Arab Emirates
3040,17148,canada
3041,45628,canada
3042,40900,canada
3043,21771,canada
3044,12385,Unitaed Arab Emirates
3045,10925,australia
3046,48989,canada
3047,25389,United States
3048,36997,United States
3049,39488,United States
3050,32975,australia
3051,47310,canada
3052,37728,Unitaed Arab Emirates
3053,47661,canada
3054,35809,United States
3055,12596,United Kingdom
3056,17221,germany
3057,35429,australia
3058,48883,india
3059,30358,United Kingdom
3060,24933,canada
3061,44238,australia
3062,20653,germany
3063,25300,australia
3064,39232,india
3065,19848,germany
3066,13110,canada
3067,47409,Unitaed Arab Emirates
3068,29813,germany
3069,17176,United Kingdom
3070,18379,australia
3071,16788,United States
3072,16282,australia
3073,15375,Unitaed Arab Emirates
3074,42403,United Kingdom
3075,28610,United States
3076,11340,canada
3077,44775,germany
3078,42088,canada
3079,37360,Unitaed Arab Emirates
3080,18527,germany
3081,35379,germany
3082,18554,australia
3083,16333,canada
3084,28405,Unitaed Arab Emirates
3085,12569,Unitaed Arab Emirates
3086,33765,Unitaed Arab Emirates
3087,37606,canada
3088,21578,United States
3089,48822,germany
3090,40202,germany
3091,24427,india
3092,34381,india
3093,47226,Unitaed Arab Emirates
3094,28469,germany
3095,29095,india
3096,49615,india
3097,41210,australia
3098,15802,United States
3099,21841,australia
3100,25169,india
3101,46036,india
3102,44953,india
3103,28921,canada
3104,41443,australia
3105,25016,United States
3106,23219,australia
3107,39012,United States
3108,32081,germany
3109,10301,Unitaed Arab Emirates
3110,28549,United States
3111,44528,australia
3112,22438,germany
3113,15286,United States
3114,45422,canada
3115,31251,germany
3116,40466,United States
3117,47860,United Kingdom
3118,16580,australia
3119,27015,United States
3120,22383,United States
3121,38963,australia
3122,25536,india
3123,44842,United Kingdom
3124,25156,United States
3125,14400,United Kingdom
3126,35344,germany
3127,42573,United States
3128,34780,germany
3129,10678,germany
3130,16363,Unitaed Arab Emirates
3131,43067,australia
3132,29146,United Kingdom
3133,43007,Unitaed Arab Emirates
3134,33707,germany
3135,37088,United Kingdom
3136,47058,United States
3137,40989,germany
3138,15647,United States
3139,24064,canada
3140,49474,australia
3141,41195,canada
3142,33992,germany
3143,43288,canada
3144,15642,canada
3145,13884,australia
3146,45509,United States
3147,41649,United States
3148,23481,United Kingdom
3149,46300,Unitaed Arab Emirates
3150,40532,canada
3151,43418,germany
3152,21036,Unitaed Arab Emirates
3153,12158,Unitaed Arab Emirates
3154,29035,United States
3155,19220,Unitaed Arab Emirates
3156,19747,canada
3157,34513,germany
3158,26502,United Kingdom
3159,15518,United Kingdom
3160,16277,United Kingdom
3161,20341,Unitaed Arab Emirates
3162,33613,germany
3163,10959,United Kingdom
3164,15936,australia
3165,38678,United States
3166,23155,germany
3167,33042,Unitaed Arab Emirates
3168,28763,india
3169,21642,Unitaed Arab Emirates
3170,29923,germany
3171,26296,canada
3172,28719,india
3173,19227,germany
3174,13044,United States
3175,44054,australia
3176,19650,canada
3177,20412,germany
3178,44398,australia
3179,41040,United Kingdom
3180,30411,United States
3181,29500,india
3182,48433,Unitaed Arab Emirates
3183,24546,United States
3184,37530,United States
3185,23024,United States
3186,39088,United Kingdom
3187,32828,Unitaed Arab Emirates
3188,48343,United Kingdom
3189,33777,United States
3190,46967,australia
3191,18412,germany
3192,43203,india
3193,33261,canada
3194,10042,United States
3195,27349,india
3196,38682,United States
3197,10215,Unitaed Arab Emirates
3198,21427,canada
3199,30704,australia
3200,40432,india
3201,12705,germany
3202,26062,United Kingdom
3203,30495,australia
3204,39704,canada
3205,41233,australia
3206,37731,Unitaed Arab Emirates
3207,18122,australia
3208,18249,United Kingdom
3209,39656,india
3210,14946,Unitaed Arab Emirates
3211,40207,india
3212,21881,Unitaed Arab Emirates
3213,14743,germany
3214,28227,Unitaed Arab Emirates
3215,19160,germany
3216,42068,india
3217,23521,canada
3218,17292,australia
3219,17629,germany
3220,25791,australia
3221,32776,india
3222,42246,Unitaed Arab Emirates
3223,35308,United Kingdom
3224,29960,Unitaed Arab Emirates
3225,25450,australia
3226,49616,canada
3227,13782,United States
3228,49683,Unitaed Arab Emirates
3229,20983,india
3230,40434,Unitaed Arab Emirates
3231,20230,germany
3232,40886,canada
3233,41994,australia
3234,21710,Unitaed Arab Emirates
3235,30442,australia
3236,41881,United Kingdom
3237,28540,United Kingdom
3238,14437,australia
3239,13920,United States
3240,24713,germany
3241,11127,canada
3242,19182,germany
3243,29870,australia
3244,47495,germany
3245,15509,india
3246,15481,australia
3247,36033,australia
3248,33658,United States
3249,40487,canada
3250,29641,canada
3251,45010,germany
3252,14867,australia
3253,19063,india
3254,26511,australia
3255,48783,australia
3256,34681,United Kingdom
3257,40111,United Kingdom
3258,44174,australia
3259,31984,United States
3260,36937,australia
3261,26238,australia
3262,18182,australia
3263,42736,australia
3264,19192,germany
3265,21623,germany
3266,22671,Unitaed Arab Emirates
3267,46880,canada
3268,11871,United Kingdom
3269,27473,germany
3270,23173,United Kingdom
3271,39808,india
3272,26003,australia
3273,15535,United States
3274,37708,United States
3275,47307,australia
3276,42057,canada
3277,20722,canada
3278,13315,United Kingdom
3279,11393,germany
3280,37668,india
3281,20937,germany
3282,27104,United Kingdom
3283,14326,canada
3284,13597,United States
3285,47727,germany
3286,34020,United Kingdom
3287,38341,canada
3288,13880,Unitaed Arab Emirates
3289,22850,australia
3290,31248,Unitaed Arab Emirates
3291,25143,germany
3292,33057,india
3293,18481,india
3294,42700,australia
3295,16243,canada
3296,49060,Unitaed Arab Emirates
3297,25744,Unitaed Arab Emirates
3298,34970,United States
3299,10375,United Kingdom
3300,49013,United Kingdom
3301,48514,germany
3302,31261,australia
3303,28523,germany
3304,28358,australia
3305,32548,germany
3306,32546,canada
3307,36776,germany
3308,40571,canada
3309,34988,india
3310,16345,germany
3311,24474,United States
3312,48923,australia
3313,32662,canada
3314,27762,canada
3315,33519,Unitaed Arab Emirates
3316,10710,india
3317,38026,Unitaed Arab Emirates
3318,33845,United Kingdom
3319,14892,canada
3320,45995,Unitaed Arab Emirates
3321,27114,United States
3322,32804,Unitaed Arab Emirates
3323,48960,United States
3324,27851,germany
3325,44326,germany
3326,48025,United Kingdom
3327,26613,United Kingdom
3328,33365,canada
3329,15524,canada
3330,12874,Unitaed Arab Emirates
3331,16957,canada
3332,29076,germany
3333,39198,canada
3334,21261,canada
3335,47992,australia
3336,37474,india
3337,37983,United Kingdom
3338,22711,australia
3339,49534,india
3340,20090,canada
3341,42771,United Kingdom
3342,14759,Unitaed Arab Emirates
3343,38201,canada
3344,47401,india
3345,17361,germany
3346,12567,United Kingdom
3347,20177,india
3348,45917,United States
3349,34211,australia
3350,42577,india
3351,49606,Unitaed Arab Emirates
3352,11357,United Kingdom
3353,32612,United Kingdom
3354,36150,germany
3355,11605,india
3356,37562,United Kingdom
3357,27736,germany
3358,13734,india
3359,17531,germany
3360,43186,australia
3361,28491,United States
3362,16306,United States
3363,14291,United Kingdom
3364,24960,india
3365,19096,germany
3366,44994,United Kingdom
3367,22612,United Kingdom
3368,27162,germany
3369,32642,germany
3370,37814,germany
3371,24450,india
3372,21671,germany
3373,11849,canada
3374,44711,australia
3375,22861,United States
3376,34218,india
3377,11820,germany
3378,18632,germany
3379,39884,Unitaed Arab Emirates
3380,10568,australia
3381,10310,Unitaed Arab Emirates
3382,44675,australia
3383,19899,germany
3384,13455,United Kingdom
3385,14502,canada
3386,26964,United States
3387,16862,canada
3388,14055,United States
3389,37220,United States
3390,28244,germany
3391,21876,United Kingdom
3392,13291,United States
3393,37807,india
3394,12943,australia
3395,22219,Unitaed Arab Emirates
3396,36953,germany
3397,33027,australia
3398,28274,United Kingdom
3399,18471,United Kingdom
3400,40530,United Kingdom
3401,15283,Unitaed Arab Emirates
3402,39676,United States
3403,26781,australia
3404,39099,Unitaed Arab Emirates
3405,13503,india
3406,42617,Unitaed Arab Emirates
3407,30854,Unitaed Arab Emirates
3408,22063,canada
3409,33543,United Kingdom
3410,43399,United Kingdom
3411,26272,Unitaed Arab Emirates
3412,22984,india
3413,26087,Unitaed Arab Emirates
3414,36241,india
3415,47351,Unitaed Arab Emirates
3416,27445,india
3417,49478,germany
3418,25286,Unitaed Arab Emirates
3419,13361,australia
3420,41277,Unitaed Arab Emirates
3421,38842,germany
3422,31121,Unitaed Arab Emirates
3423,15701,Unitaed Arab Emirates
3424,39093,Unitaed Arab Emirates
3425,14200,United States
3426,41285,United States
3427,40101,germany
3428,10879,United Kingdom
3429,11482,australia
3430,41594,Unitaed Arab Emirates
3431,20487,canada
3432,17070,Unitaed Arab Emirates
3433,16452,United Kingdom
3434,38020,canada
3435,15980,United States
3436,18800,india
3437,46693,india
3438,28970,australia
3439,12119,india
3440,34953,australia
3441,34709,germany
3442,13245,United Kingdom
3443,36392,United States
3444,47256,australia
3445,45903,United States
3446,41715,australia
3447,16546,germany
3448,11136,Unitaed Arab Emirates
3449,32592,india
3450,28135,United States
3451,14961,United States
3452,49312,germany
3453,24220,Unitaed Arab Emirates
3454,35914,United Kingdom
3455,25448,Unitaed Arab Emirates
3456,24996,United Kingdom
3457,49268,canada
3458,47741,United States
3459,27135,india
3460,46357,canada
3461,10748,canada
3462,26650,United States
3463,30205,Unitaed Arab Emirates
3464,30618,Unitaed Arab Emirates
3465,32297,Unitaed Arab Emirates
3466,49577,Unitaed Arab Emirates
3467,45945,australia
3468,37406,canada
3469,27086,india
3470,19890,india
3471,42968,Unitaed Arab Emirates
3472,38374,United States
3473,26195,Unitaed Arab Emirates
3474,23144,australia
3475,46309,Unitaed Arab Emirates
3476,24040,canada
3477,17155,germany
3478,20201,canada
3479,13505,canada
3480,26109,germany
3481,46927,Unitaed Arab Emirates
3482,17080,United Kingdom
3483,23407,United Kingdom
3484,38313,germany
3485,33067,United States
3486,16653,germany
3487,36305,United States
3488,26452,india
3489,47140,germany
3490,21383,United States
3491,13018,canada
3492,12653,india
3493,34916,Unitaed Arab Emirates
3494,28659,United States
3495,44686,United States
3496,43240,Unitaed Arab Emirates
3497,13421,Unitaed Arab Emirates
3498,25999,australia
3499,32313,germany
3500,24471,germany
3501,44855,Unitaed Arab Emirates
3502,37934,india
3503,34569,australia
3504,30253,United Kingdom
3505,41666,United Kingdom
3506,36019,United States
3507,17996,canada
3508,40437,germany
3509,29771,germany
3510,10131,india
3511,29299,United States
3512,23028,india
3513,46142,australia
3514,44799,germany
3515,44693,canada
3516,44769,germany
3517,14377,germany
3518,33019,United Kingdom
3519,36903,United States
3520,21763,india
3521,15494,Unitaed Arab Emirates
3522,21563,india
3523,38557,Unitaed Arab Emirates
3524,39580,United States
3525,43433,Unitaed Arab Emirates
3526,39994,United Kingdom
3527,33082,United Kingdom
3528,28030,canada
3529,22758,india
3530,14507,germany
3531,11163,canada
3532,33217,australia
3533,41668,india
3534,24395,australia
3535,23494,australia
3536,39090,canada
3537,47820,Unitaed Arab Emirates
3538,48681,india
3539,22190,australia
3540,18924,germany
3541,24212,United States
3542,41970,United Kingdom
3543,22948,Unitaed Arab Emirates
3544,42794,australia
3545,34295,india
3546,29054,germany
3547,15627,germany
3548,43651,United States
3549,15910,United States
3550,27863,Unitaed Arab Emirates
3551,34894,United States
3552,28872,United States
3553,22406,United Kingdom
3554,14873,United States
3555,25025,germany
3556,38671,Unitaed Arab Emirates
3557,41229,canada
3558,16101,india
3559,44373,United Kingdom
3560,31661,canada
3561,48604,australia
3562,45176,United Kingdom
3563,12839,United Kingdom
3564,14454,germany
3565,37780,Unitaed Arab Emirates
3566,24214,germany
3567,33938,United Kingdom
3568,17414,india
3569,37788,Unitaed Arab Emirates
3570,25457,canada
3571,48862,india
3572,34017,canada
3573,35654,United Kingdom
3574,11976,United States
3575,38136,australia
3576,20921,germany
3577,39312,canada
3578,41709,australia
3579,13444,australia
3580,43526,germany
3581,29478,United States
3582,14379,india
3583,26496,india
3584,38868,india
3585,23180,United States
3586,27205,United Kingdom
3587,40126,Unitaed Arab Emirates
3588,20637,Unitaed Arab Emirates
3589,43044,canada
3590,35842,australia
3591,33015,United States
3592,34395,australia
3593,37487,canada
3594,35906,canada
3595,20535,Unitaed Arab Emirates
3596,36964,india
3597,43360,australia
3598,25552,india
3599,13995,Unitaed Arab Emirates
3600,33477,United States
3601,40977,United States
3602,47840,United Kingdom
3603,36110,canada
3604,39926,india
3605,22301,United States
3606,33083,United States
3607,23295,Unitaed Arab Emirates
3608,45873,germany
3609,33274,Unitaed Arab Emirates
3610,48673,canada
3611,38080,india
3612,21087,Unitaed Arab Emirates
3613,38626,australia
3614,38388,germany
3615,20107,United Kingdom
3616,29382,Unitaed Arab Emirates
3617,27725,australia
3618,44629,United Kingdom
3619,12455,india
3620,13792,australia
3621,37439,germany
3622,37727,india
3623,48632,germany
3624,26197,Unitaed Arab Emirates
3625,33375,germany
3626,32280,india
3627,11308,germany
3628,34181,australia
3629,19893,india
3630,22697,canada
3631,13213,United Kingdom
3632,44992,germany
3633,12858,india
3634,27751,india
3635,38935,United Kingdom
3636,22455,germany
3637,47912,germany
3638,20115,india
3639,27717,United Kingdom
3640,42522,United States
3641,40747,United States
3642,13365,australia
3643,44852,germany
3644,14973,australia
3645,46194,india
3646,26863,australia
3647,33526,india
3648,26010,india
3649,22204,United States
3650,35275,United Kingdom
3651,45415,germany
3652,31750,germany
3653,47876,australia
3654,44489,australia
3655,13159,india
3656,26717,canada
3657,18855,United Kingdom
3658,35354,germany
3659,11223,United States
3660,13454,germany
3661,41721,india
3662,45401,United States
3663,42272,germany
3664,47301,Unitaed Arab Emirates
3665,10005,United Kingdom
3666,46755,United States
3667,40208,germany
3668,33103,United Kingdom
3669,18704,australia
3670,21452,australia
3671,43742,australia
3672,23558,india
3673,21008,india
3674,10620,United Kingdom
3675,17595,india
3676,22837,australia
3677,15852,United States
3678,20134,india
3679,18814,United Kingdom
3680,22040,germany
3681,33687,australia
3682,14529,australia
3683,46687,canada
3684,11524,canada
3685,49994,germany
3686,41497,United States
3687,27276,canada
3688,18819,germany
3689,31707,Unitaed Arab Emirates
3690,45789,United States
3691,40915,india
3692,10552,australia
3693,24182,india
3694,23149,United Kingdom
3695,41603,United Kingdom
3696,40312,india
3697,25155,Unitaed Arab Emirates
3698,20277,United States
3699,43443,australia
3700,24676,United States
3701,19785,germany
3702,30781,india
3703,21970,germany
3704,13264,germany
3705,47761,canada
3706,18807,United Kingdom
3707,40319,canada
3708,14227,india
3709,36207,Unitaed Arab Emirates
3710,40290,Unitaed Arab Emirates
3711,42211,Unitaed Arab Emirates
3712,31673,india
3713,19136,Unitaed Arab Emirates
3714,14980,india
3715,34198,india
3716,48434,india
3717,42599,germany
3718,17371,United States
3719,12396,Unitaed Arab Emirates
3720,12090,australia
3721,28913,canada
3722,33928,United States
3723,46941,australia
3724,19251,United States
3725,42126,india
3726,49727,india
3727,41647,United States
3728,19545,germany
3729,37275,germany
3730,23366,United Kingdom
3731,12326,australia
3732,48708,United States
3733,14169,india
3734,19010,United Kingdom
3735,16073,germany
3736,35094,canada
3737,33857,australia
3738,30375,United Kingdom
3739,34918,australia
3740,16808,canada
3741,32571,United States
3742,17608,canada
3743,23408,germany
3744,32692,india
3745,37369,germany
3746,24782,india
3747,15126,india
3748,13704,United States
3749,28284,United Kingdom
3750,38708,australia
3751,27940,Unitaed Arab Emirates
3752,34673,United States
3753,21053,canada
3754,27428,United States
3755,23543,United Kingdom
3756,18659,United States
3757,18545,United Kingdom
3758,19567,United Kingdom
3759,11075,United States
3760,19437,United Kingdom
3761,19215,United Kingdom
3762,31670,india
3763,14462,germany
3764,46489,germany
3765,13107,germany
3766,31086,india
3767,28959,australia
3768,28083,United Kingdom
3769,14715,United States
3770,21169,australia
3771,27219,United Kingdom
3772,11850,United Kingdom
3773,13649,Unitaed Arab Emirates
3774,33128,india
3775,28917,australia
3776,45074,Unitaed Arab Emirates
3777,10493,australia
3778,32084,india
3779,49701,india
3780,22623,United Kingdom
3781,38360,Unitaed Arab Emirates
3782,20292,United Kingdom
3783,22207,Unitaed Arab Emirates
3784,14040,india
3785,44544,Unitaed Arab Emirates
3786,11867,india
3787,41785,germany
3788,13331,canada
3789,42209,canada
3790,34490,canada
3791,23181,Unitaed Arab Emirates
3792,22261,canada
3793,41435,United States
3794,40090,germany
3795,41568,Unitaed Arab Emirates
3796,14770,germany
3797,19339,india
3798,41842,United Kingdom
3799,35866,germany
3800,45468,india
3801,35249,Unitaed Arab Emirates
3802,39890,india
3803,15184,Unitaed Arab Emirates
3804,47064,india
3805,25366,United States
3806,41962,australia
3807,19159,australia
3808,13012,Unitaed Arab Emirates
3809,28736,Unitaed Arab Emirates
3810,14409,india
3811,33005,australia
3812,45611,United Kingdom
3813,42154,australia
3814,42349,Unitaed Arab Emirates
3815,21620,Unitaed Arab Emirates
3816,44673,United States
3817,42477,germany
3818,25372,United Kingdom
3819,24741,germany
3820,44308,Unitaed Arab Emirates
3821,33573,United Kingdom
3822,28382,United Kingdom
3823,41614,germany
3824,27716,United Kingdom
3825,29750,United States
3826,19764,germany
3827,24366,germany
3828,17229,Unitaed Arab Emirates
3829,15340,Unitaed Arab Emirates
3830,38240,australia
3831,13816,United Kingdom
3832,15637,United States
3833,44128,United States
3834,15974,Unitaed Arab Emirates
3835,49069,australia
3836,32540,Unitaed Arab Emirates
3837,23497,germany
3838,39692,canada
3839,29358,United Kingdom
3840,49482,United States
3841,11785,United Kingdom
3842,26268,india
3843,24845,canada
3844,29017,canada
3845,49848,United Kingdom
3846,24033,United Kingdom
3847,21555,india
3848,33819,germany
3849,37631,United Kingdom
3850,46713,australia
3851,38902,Unitaed Arab Emirates
3852,11725,australia
3853,25037,Unitaed Arab Emirates
3854,48610,United States
3855,20544,australia
3856,38408,india
3857,18173,germany
3858,48856,Unitaed Arab Emirates
3859,43570,canada
3860,15388,australia
3861,33923,canada
3862,41781,germany
3863,43669,canada
3864,16876,india
3865,30542,Unitaed Arab Emirates
3866,28172,Unitaed Arab Emirates
3867,30984,United Kingdom
3868,41664,germany
3869,11699,india
3870,21342,india
3871,15749,germany
3872,45761,canada
3873,20734,australia
3874,11594,germany
3875,29825,germany
3876,25238,australia
3877,38248,canada
3878,12902,australia
3879,17405,United States
3880,49815,germany
3881,28723,United States
3882,14521,United Kingdom
3883,47696,canada
3884,30011,germany
3885,19036,australia
3886,19252,United States
3887,41115,United Kingdom
3888,23878,australia
3889,20139,United Kingdom
3890,37987,United Kingdom
3891,14590,germany
3892,46242,United States
3893,12973,australia
3894,47813,Unitaed Arab Emirates
3895,27422,canada
3896,25388,United Kingdom
3897,28171,germany
3898,24495,germany
3899,38943,United Kingdom
3900,24335,india
3901,30968,germany
3902,32703,United Kingdom
3903,46070,germany
3904,43563,australia
3905,48205,india
3906,29193,Unitaed Arab Emirates
3907,26850,australia
3908,22727,United States
3909,25415,germany
3910,20941,india
3911,25218,Unitaed Arab Emirates
3912,38444,United States
3913,13651,australia
3914,48154,germany
3915,29793,United Kingdom
3916,44687,australia
3917,29316,india
3918,10073,canada
3919,34427,australia
3920,20811,germany
3921,19241,United Kingdom
3922,14969,United Kingdom
3923,15889,germany
3924,36457,canada
3925,48687,germany
3926,21520,Unitaed Arab Emirates
3927,10279,United States
3928,35131,australia
3929,37955,Unitaed Arab Emirates
3930,10290,canada
3931,47648,United Kingdom
3932,21065,australia
3933,25402,india
3934,34367,canada
3935,28006,canada
3936,29935,canada
3937,30562,australia
3938,13275,australia
3939,34658,germany
3940,46763,Unitaed Arab Emirates
3941,38822,canada
3942,46460,germany
3943,11757,germany
3944,31339,United States
3945,32846,canada
3946,49972,australia
3947,37915,australia
3948,21344,Unitaed Arab Emirates
3949,33232,australia
3950,43493,australia
3951,42079,Unitaed Arab Emirates
3952,39558,United Kingdom
3953,21017,australia
3954,39481,United Kingdom
3955,36777,india
3956,30732,United Kingdom
3957,39968,United States
3958,33457,australia
3959,38520,United States
3960,41573,Unitaed Arab Emirates
3961,47370,australia
3962,24467,india
3963,26734,germany
3964,31586,india
3965,40659,australia
3966,35410,germany
3967,17894,Unitaed Arab Emirates
3968,36563,australia
3969,12509,australia
3970,12672,australia
3971,29826,Unitaed Arab Emirates
3972,14158,United States
3973,17807,Unitaed Arab Emirates
3974,41171,United Kingdom
3975,34525,australia
3976,36513,United Kingdom
3977,15797,germany
3978,43065,United Kingdom
3979,17746,Unitaed Arab Emirates
3980,33718,canada
3981,13938,india
3982,34316,india
3983,44362,United States
3984,26334,United Kingdom
3985,21557,canada
3986,45983,australia
3987,38880,canada
3988,19673,australia
3989,42721,United States
3990,45950,canada
3991,30829,Unitaed Arab Emirates
3992,17571,United States
3993,38363,Unitaed Arab Emirates
3994,27735,United States
3995,35893,canada
3996,15613,Unitaed Arab Emirates
3997,26595,Unitaed Arab Emirates
3998,11274,United States
3999,47030,canada
4000,38190,United States
4001,30118,United Kingdom
4002,17775,australia
4003,42016,canada
4004,42279,Unitaed Arab Emirates
4005,23941,germany
4006,33638,Unitaed Arab Emirates
4007,14370,canada
4008,29782,United States
4009,32639,Unitaed Arab Emirates
4010,47655,australia
4011,32829,United States
4012,10332,australia
4013,28508,australia
4014,37193,australia
4015,15282,Unitaed Arab Emirates
4016,31524,United Kingdom
4017,17744,United States
4018,15697,germany
4019,43720,United States
4020,13369,United Kingdom
4021,32826,United Kingdom
4022,21545,germany
4023,20183,australia
4024,29089,germany
4025,19931,Unitaed Arab Emirates
4026,38835,United States
4027,42871,australia
4028,17297,canada
4029,47459,United States
4030,30599,germany
4031,49170,india
4032,19761,australia
4033,18061,australia
4034,10368,United Kingdom
4035,47821,australia
4036,15304,United States
4037,38806,United States
4038,41343,australia
4039,10594,germany
4040,27829,india
4041,30006,canada
4042,43533,australia
4043,32424,Unitaed Arab Emirates
4044,37792,United Kingdom
4045,49204,canada
4046,31015,india
4047,35209,United States
4048,31140,United States
4049,49608,United States
4050,19872,india
4051,47618,Unitaed Arab Emirates
4052,28277,australia
4053,36691,canada
4054,26892,australia
4055,16353,canada
4056,12751,United Kingdom
4057,20363,canada
4058,29227,United States
4059,18483,canada
4060,39092,germany
4061,38918,Unitaed Arab Emirates
4062,10649,United Kingdom
4063,45365,germany
4064,43328,Unitaed Arab Emirates
4065,42034,australia
4066,10503,United Kingdom
4067,35203,United Kingdom
4068,42602,germany
4069,37935,United Kingdom
4070,40425,United States
4071,24096,canada
4072,44942,United States
4073,13527,Unitaed Arab Emirates
4074,23993,Unitaed Arab Emirates
4075,40224,United States
4076,15423,india
4077,37113,canada
4078,36833,canada
4079,25928,United States
4080,26278,india
4081,18825,Unitaed Arab Emirates
4082,34372,australia
4083,47920,Unitaed Arab Emirates
4084,11563,germany
4085,30459,germany
4086,36174,United Kingdom
4087,34070,United States
4088,28542,germany
4089,33683,United Kingdom
4090,26903,india
4091,33580,india
4092,33377,india
4093,24134,india
4094,33902,United Kingdom
4095,36117,germany
4096,26791,Unitaed Arab Emirates
4097,25464,germany
4098,12766,Unitaed Arab Emirates
4099,14415,canada
4100,39741,United Kingdom
4101,41984,United States
4102,10666,canada
4103,46044,australia
4104,36360,germany
4105,15605,germany
4106,43901,United Kingdom
4107,47473,Unitaed Arab Emirates
4108,47342,United Kingdom
4109,26294,United States
4110,17556,australia
4111,14683,United States
4112,39264,canada
4113,45179,United States
4114,43076,United Kingdom
4115,49998,canada
4116,30746,United Kingdom
4117,16176,Unitaed Arab Emirates
4118,44600,Unitaed Arab Emirates
4119,32567,United States
4120,22973,australia
4121,49647,United Kingdom
4122,26094,United Kingdom
4123,32794,United States
4124,12000,United States
4125,18858,germany
4126,44452,germany
4127,25584,Unitaed Arab Emirates
4128,48385,Unitaed Arab Emirates
4129,16782,india
4130,45844,australia
4131,15116,australia
4132,14383,germany
4133,35657,Unitaed Arab Emirates
4134,32170,india
4135,23081,United States
4136,13751,australia
4137,41825,United States
4138,17785,india
4139,22564,United Kingdom
4140,32479,Unitaed Arab Emirates
4141,44313,Unitaed Arab Emirates
4142,21837,United Kingdom
4143,47599,india
4144,21399,germany
4145,37359,Unitaed Arab Emirates
4146,34689,india
4147,24492,Unitaed Arab Emirates
4148,31899,United States
4149,27396,Unitaed Arab Emirates
4150,38259,germany
4151,17954,canada
4152,12668,United States
4153,32917,germany
4154,42284,United States
4155,37152,australia
4156,36003,australia
4157,46009,india
4158,10877,germany
4159,25433,germany
4160,43221,United Kingdom
4161,35839,india
4162,49113,United Kingdom
4163,22378,germany
4164,22946,United States
4165,19103,United States
4166,36043,canada
4167,10440,australia
4168,43763,United States
4169,12111,germany
4170,46868,United States
4171,48983,Unitaed Arab Emirates
4172,46236,Unitaed Arab Emirates
4173,49241,United Kingdom
4174,31650,United States
4175,22031,india
4176,14460,Unitaed Arab Emirates
4177,37414,United Kingdom
4178,41135,United States
4179,39296,australia
4180,18714,india
4181,35281,germany
4182,10249,germany
4183,47112,germany
4184,25189,United States
4185,16591,United Kingdom
4186,36402,United Kingdom
4187,17708,india
4188,16482,australia
4189,35679,Unitaed Arab Emirates
4190,32622,United States
4191,38793,United States
4192,41254,australia
4193,43672,germany
4194,31426,Unitaed Arab Emirates
4195,15143,United Kingdom
4196,29562,United States
4197,14147,United States
4198,30773,australia
4199,12347,canada
4200,27975,United States
4201,30012,india
4202,24720,United Kingdom
4203,35430,United States
4204,43518,canada
4205,23683,Unitaed Arab Emirates
4206,36943,canada
4207,16535,australia
4208,29079,germany
4209,16156,germany
4210,47404,Unitaed Arab Emirates
4211,10107,United States
4212,44372,india
4213,17921,Unitaed Arab Emirates
4214,34942,canada
4215,37485,germany
4216,42028,United States
4217,12921,germany
4218,11740,india
4219,25095,canada
4220,12818,canada
4221,27737,Unitaed Arab Emirates
4222,16140,United Kingdom
4223,36811,india
4224,35460,United Kingdom
4225,16993,canada
4226,25899,canada
4227,17628,Unitaed Arab Emirates
4228,36615,australia
4229,28946,canada
4230,24851,australia
4231,23199,Unitaed Arab Emirates
4232,41579,india
4233,40901,india
4234,24439,Unitaed Arab Emirates
4235,33823,Unitaed Arab Emirates
4236,12334,Unitaed Arab Emirates
4237,10602,india
4238,25034,germany
4239,40613,germany
4240,29691,United States
4241,20824,germany
4242,15856,india
4243,22159,United States
4244,29685,canada
4245,12301,australia
4246,33479,United States
4247,24073,india
4248,13566,germany
4249,32937,germany
4250,25558,United States
4251,24060,germany
4252,17120,australia
4253,41636,Unitaed Arab Emirates
4254,28773,india
4255,28214,australia
4256,49308,Unitaed Arab Emirates
4257,30457,australia
4258,37990,Unitaed Arab Emirates
4259,31213,United States
4260,39712,australia
4261,25856,Unitaed Arab Emirates
4262,22381,Unitaed Arab Emirates
4263,30151,australia
4264,27489,United Kingdom
4265,12855,india
4266,16503,United Kingdom
4267,24324,Unitaed Arab Emirates
4268,28543,germany
4269,47166,india
4270,24129,canada
4271,30530,United States
4272,16024,United States
4273,46559,india
4274,47524,germany
4275,28291,United States
4276,23592,india
4277,43904,germany
4278,30515,germany
4279,10622,germany
4280,17245,australia
4281,32043,United States
4282,25295,United Kingdom
4283,47736,United Kingdom
4284,48191,Unitaed Arab Emirates
4285,11415,india
4286,49565,United States
4287,28446,United States
4288,44456,United States
4289,34122,australia
4290,39852,australia
4291,40997,india
4292,11124,india
4293,31672,india
4294,28834,United States
4295,16490,United Kingdom
4296,19167,canada
4297,14929,United States
4298,14288,United States
4299,29330,australia
4300,20391,australia
4301,38453,Unitaed Arab Emirates
4302,24263,canada
4303,37855,Unitaed Arab Emirates
4304,29420,canada
4305,46843,United States
4306,34108,india
4307,13667,Unitaed Arab Emirates
4308,23742,australia
4309,18796,india
4310,28920,United States
4311,11232,germany
4312,21979,germany
4313,34311,United States
4314,42091,australia
4315,32408,Unitaed Arab Emirates
4316,19953,Unitaed Arab Emirates
4317,29279,United States
4318,40767,canada
4319,32558,germany
4320,30954,australia
4321,17424,United Kingdom
4322,16362,United Kingdom
4323,32772,australia
4324,25839,Unitaed Arab Emirates
4325,14538,germany
4326,16644,canada
4327,33778,australia
4328,42557,australia
4329,14350,germany
4330,10069,Unitaed Arab Emirates
4331,41174,germany
4332,35153,United States
4333,17169,australia
4334,14084,india
4335,23068,canada
4336,37026,india
4337,23138,india
4338,18320,india
4339,11506,United Kingdom
4340,40865,United States
4341,44416,australia
4342,24111,Unitaed Arab Emirates
4343,45935,United Kingdom
4344,28932,United Kingdom
4345,11479,Unitaed Arab Emirates
4346,15523,United States
4347,42775,Unitaed Arab Emirates
4348,26603,Unitaed Arab Emirates
4349,18916,United States
4350,16917,australia
4351,12049,india
4352,46553,germany
4353,17657,germany
4354,30679,germany
4355,40664,United States
4356,30505,United Kingdom
4357,42093,United Kingdom
4358,41682,United Kingdom
4359,23642,United States
4360,28379,canada
4361,29485,United Kingdom
4362,27306,United States
4363,36131,United States
4364,18212,Unitaed Arab Emirates
4365,27448,canada
4366,32395,canada
4367,28283,australia
4368,42758,United Kingdom
4369,41683,United States
4370,46311,canada
4371,37082,australia
4372,35089,australia
4373,46342,germany
4374,37691,india
4375,10040,United Kingdom
4376,49749,india
4377,44587,Unitaed Arab Emirates
4378,25358,australia
4379,28962,United Kingdom
4380,41363,india
4381,22812,canada
4382,32235,germany
4383,26376,Unitaed Arab Emirates
4384,39428,Unitaed Arab Emirates
4385,34321,australia
4386,19085,germany
4387,12806,germany
4388,45047,germany
4389,33460,United Kingdom
4390,48455,United Kingdom
4391,40259,canada
4392,31116,germany
4393,20440,germany
4394,12179,australia
4395,45891,United States
4396,15665,germany
4397,13390,canada
4398,18359,Unitaed Arab Emirates
4399,35637,Unitaed Arab Emirates
4400,19064,australia
4401,11781,germany
4402,17083,australia
4403,35972,india
4404,35207,United Kingdom
4405,27985,germany
4406,29265,United Kingdom
4407,44631,United Kingdom
4408,43489,canada
4409,17242,germany
4410,42389,australia
4411,21528,canada
4412,16905,germany
4413,14638,india
4414,41369,Unitaed Arab Emirates
4415,35572,canada
4416,46939,canada
4417,32866,india
4418,31953,Unitaed Arab Emirates
4419,37726,germany
4420,13501,Unitaed Arab Emirates
4421,11186,germany
4422,44149,Unitaed Arab Emirates
4423,22616,United States
4424,28288,germany
4425,36524,australia
4426,22225,canada
4427,39147,germany
4428,11752,germany
4429,36313,Unitaed Arab Emirates
4430,43305,india
4431,28774,australia
4432,36365,germany
4433,19382,Unitaed Arab Emirates
4434,46704,Unitaed Arab Emirates
4435,27879,australia
4436,41972,canada
4437,48984,germany
4438,13370,india
4439,11259,United Kingdom
4440,15826,United States
4441,45798,United Kingdom
4442,14695,Unitaed Arab Emirates
4443,42864,germany
4444,22765,canada
4445,42705,germany
4446,35290,United States
4447,28878,United States
4448,14043,india
4449,23586,canada
4450,15139,india
4451,42630,United States
4452,12897,australia
4453,12030,india
4454,25669,germany
4455,26977,United Kingdom
4456,44599,australia
4457,24362,Unitaed Arab Emirates
4458,16599,United States
4459,42879,Unitaed Arab Emirates
4460,38310,Unitaed Arab Emirates
4461,47238,germany
4462,23626,germany
4463,35420,United Kingdom
4464,44941,germany
4465,11383,Unitaed Arab Emirates
4466,49489,india
4467,13970,india
4468,15078,Unitaed Arab Emirates
4469,45579,india
4470,24006,Unitaed Arab Emirates
4471,31279,United States
4472,23624,United States
4473,43673,United Kingdom
4474,43259,United States
4475,23715,germany
4476,22607,india
4477,26839,australia
4478,35888,Unitaed Arab Emirates
4479,29993,india
4480,46152,United States
4481,47472,india
4482,42393,United Kingdom
4483,21254,canada
4484,26102,United States
4485,29029,germany
4486,33500,india
4487,31813,australia
4488,12053,germany
4489,29898,australia
4490,43077,United Kingdom
4491,40617,canada
4492,25191,United Kingdom
4493,31384,india
4494,42531,United Kingdom
4495,41493,india
4496,49665,Unitaed Arab Emirates
4497,31878,germany
4498,19806,Unitaed Arab Emirates
4499,19519,germany
4500,26441,india
4501,44016,United Kingdom
4502,39897,germany
4503,26901,Unitaed Arab Emirates
4504,28461,india
4505,34726,United Kingdom
4506,16384,United States
4507,46441,United Kingdom
4508,47917,United States
4509,28897,United States
4510,16608,canada
4511,27778,United Kingdom
4512,28089,canada
4513,28805,germany
4514,18791,australia
4515,41235,Unitaed Arab Emirates
4516,28683,canada
4517,30399,canada
4518,16771,germany
4519,35010,canada
4520,12658,india
4521,21891,United Kingdom
4522,45091,australia
4523,45663,United Kingdom
4524,11531,United States
4525,21358,australia
4526,40406,india
4527,41623,canada
4528,43549,United States
4529,44193,australia
4530,12551,Unitaed Arab Emirates
4531,38062,Unitaed Arab Emirates
4532,20515,United States
4533,43324,germany
4534,21410,United Kingdom
4535,16438,Unitaed Arab Emirates
4536,32902,United Kingdom
4537,15786,india
4538,46919,india
4539,16093,United Kingdom
4540,38691,india
4541,41902,india
4542,33118,australia
4543,15016,germany
4544,49277,United Kingdom
4545,45728,australia
4546,31327,Unitaed Arab Emirates
4547,35828,United States
4548,27690,canada
4549,31622,india
4550,26610,germany
4551,18499,Unitaed Arab Emirates
4552,36093,United Kingdom
4553,42054,germany
4554,15208,canada
4555,17442,germany
4556,31132,United States
4557,17045,germany
4558,17624,canada
4559,28163,Unitaed Arab Emirates
4560,23184,United Kingdom
4561,26969,australia
4562,22549,United Kingdom
4563,41973,United States
4564,32091,United Kingdom
4565,31826,india
4566,22982,United States
4567,49697,australia
4568,16420,australia
4569,14031,Unitaed Arab Emirates
4570,49128,australia
4571,28231,United Kingdom
4572,36813,United Kingdom
4573,47607,australia
4574,17351,United Kingdom
4575,26626,Unitaed Arab Emirates
4576,12100,australia
4577,19441,United Kingdom
4578,11737,United States
4579,41281,germany
4580,20110,australia
4581,27776,United States
4582,18439,United Kingdom
4583,34027,germany
4584,36507,United States
4585,38960,australia
4586,38560,australia
4587,19539,canada
4588,42223,canada
4589,21815,United States
4590,11854,United States
4591,32434,Unitaed Arab Emirates
4592,47845,United States
4593,48108,germany
4594,10605,Unitaed Arab Emirates
4595,23371,United States
4596,24976,Unitaed Arab Emirates
4597,22680,india
4598,39252,india
4599,16157,Unitaed Arab Emirates
4600,41193,canada
4601,40870,australia
4602,26045,india
4603,32997,germany
4604,39016,australia
4605,41263,United States
4606,31576,canada
4607,30673,United States
4608,46401,United Kingdom
4609,40264,germany
4610,42742,United States
4611,12676,india
4612,11215,United States
4613,28861,germany
4614,25860,United States
4615,12264,United States
4616,41740,germany
4617,10969,india
4618,10600,canada
4619,47223,Unitaed Arab Emirates
4620,32325,germany
4621,19524,United Kingdom
4622,12716,australia
4623,22708,germany
4624,41300,United States
4625,27165,United Kingdom
4626,11434,United Kingdom
4627,24852,canada
4628,47106,United States
4629,24965,Unitaed Arab Emirates
4630,35592,United Kingdom
4631,12702,australia
4632,18651,United States
4633,26189,india
4634,26915,germany
4635,11977,United Kingdom
4636,21469,canada
4637,43058,United Kingdom
4638,16077,australia
4639,16614,germany
4640,44407,germany
4641,18446,United Kingdom
4642,47584,canada
4643,29021,germany
4644,10799,canada
4645,19939,Unitaed Arab Emirates
4646,37087,australia
4647,49410,United States
4648,26620,australia
4649,44972,United States
4650,41017,australia
4651,17181,Unitaed Arab Emirates
4652,49027,canada
4653,30885,United States
4654,28096,Unitaed Arab Emirates
4655,35526,United States
4656,33094,United Kingdom
4657,13796,canada
4658,30808,Unitaed Arab Emirates
4659,40370,United States
4660,20328,Unitaed Arab Emirates
4661,14110,United States
4662,29756,United Kingdom
4663,40897,United Kingdom
4664,48349,australia
4665,20508,germany
4666,40366,United States
4667,18583,United Kingdom
4668,10168,australia
4669,37664,india
4670,29592,australia
4671,34556,Unitaed Arab Emirates
4672,29893,australia
4673,26159,germany
4674,30861,canada
4675,38002,india
4676,23556,australia
4677,14720,Unitaed Arab Emirates
4678,28097,United States
4679,37837,United States
4680,23834,United States
4681,49446,United States
4682,45446,United States
4683,43049,australia
4684,47694,Unitaed Arab Emirates
4685,26813,germany
4686,20820,germany
4687,26005,india
4688,38924,germany
4689,31042,australia
4690,31546,United Kingdom
4691,14632,Unitaed Arab Emirates
4692,29047,United States
4693,20534,United States
4694,11688,canada
4695,32319,United Kingdom
4696,10816,United Kingdom
4697,46634,canada
4698,43445,United States
4699,20446,United States
4700,39803,United Kingdom
4701,23815,germany
4702,37559,United States
4703,20506,australia
4704,12446,canada
4705,28272,United States
4706,11720,india
4707,36479,canada
4708,10223,Unitaed Arab Emirates
4709,22952,canada
4710,43702,australia
4711,44076,Unitaed Arab Emirates
4712,42967,india
4713,33456,australia
4714,13019,United Kingdom
4715,48125,australia
4716,28748,india
4717,38975,canada
4718,20988,canada
4719,47594,Unitaed Arab Emirates
4720,13249,United States
4721,39108,australia
4722,40356,canada
4723,31541,canada
4724,35058,United States
4725,29423,germany
4726,30794,germany
4727,37744,india
4728,10016,india
4729,39118,germany
4730,20905,germany
4731,40382,india
4732,36583,germany
4733,16230,United States
4734,42649,canada
4735,44092,india
4736,46045,United Kingdom
4737,11624,Unitaed Arab Emirates
4738,17249,United Kingdom
4739,35811,australia
4740,20196,United Kingdom
4741,49288,australia
4742,12475,india
4743,45535,canada
4744,47848,india
4745,42355,germany
4746,31106,india
4747,38489,Unitaed Arab Emirates
4748,18207,United Kingdom
4749,47379,canada
4750,29166,india
4751,16163,United States
4752,14923,canada
4753,31523,australia
4754,18470,United States
4755,22620,australia
4756,32050,canada
4757,15520,Unitaed Arab Emirates
4758,33305,United States
4759,44853,australia
4760,27490,United States
4761,18223,Unitaed Arab Emirates
4762,24327,australia
4763,35312,Unitaed Arab Emirates
4764,46376,australia
4765,23197,australia
4766,34491,germany
4767,45445,canada
4768,10293,canada
4769,41063,canada
4770,37515,india
4771,22454,United States
4772,26652,germany
4773,35723,australia
4774,47945,canada
4775,46659,germany
4776,48468,Unitaed Arab Emirates
4777,17649,United States
4778,31340,india
4779,32334,india
4780,48116,australia
4781,15571,United Kingdom
4782,49842,United Kingdom
4783,20694,germany
4784,39657,Unitaed Arab Emirates
4785,22831,india
4786,42746,australia
4787,25200,United Kingdom
4788,34949,germany
4789,49872,United States
4790,26348,germany
4791,26495,Unitaed Arab Emirates
4792,20732,United States
4793,45237,germany
4794,31677,india
4795,33965,germany
4796,21345,United States
4797,42837,United States
4798,24761,Unitaed Arab Emirates
4799,19617,United States
4800,48842,canada
4801,12572,United Kingdom
4802,44422,Unitaed Arab Emirates
4803,32292,india
4804,19923,Unitaed Arab Emirates
4805,48476,United States
4806,44129,canada
4807,36828,United Kingdom
4808,40182,United States
4809,11957,australia
4810,40106,india
4811,35793,Unitaed Arab Emirates
4812,23331,Unitaed Arab Emirates
4813,45657,germany
4814,49907,india
4815,11758,australia
4816,41913,germany
4817,47109,canada
4818,43239,United States
4819,38812,United Kingdom
4820,45948,canada
4821,20552,United States
4822,26482,Unitaed Arab Emirates
4823,39839,United States
4824,12157,canada
4825,47347,india
4826,23127,india
4827,22497,india
4828,18552,india
4829,26004,india
4830,26916,germany
4831,25719,india
4832,45125,india
4833,11969,Unitaed Arab Emirates
4834,22628,germany
4835,12601,canada
4836,25639,canada
4837,49189,United Kingdom
4838,15258,india
4839,45833,germany
4840,17866,United States
4841,40595,United Kingdom
4842,15570,germany
4843,28569,Unitaed Arab Emirates
4844,17505,canada
4845,11179,United States
4846,41760,australia
4847,20112,United Kingdom
4848,24416,australia
4849,29128,Unitaed Arab Emirates
4850,12260,United States
4851,48888,germany
4852,13498,australia
4853,15478,Unitaed Arab Emirates
4854,15798,germany
4855,18097,india
4856,25695,canada
4857,15380,australia
4858,28193,United States
4859,35475,india
4860,41986,australia
4861,42475,United Kingdom
4862,23164,australia
4863,39008,australia
4864,22566,australia
4865,31533,canada
4866,15934,canada
4867,27322,Unitaed Arab Emirates
4868,31634,canada
4869,47323,germany
4870,49306,United States
4871,49324,australia
4872,31652,Unitaed Arab Emirates
4873,32636,india
4874,40955,Unitaed Arab Emirates
4875,48889,Unitaed Arab Emirates
4876,44218,Unitaed Arab Emirates
4877,15105,canada
4878,43971,australia
4879,49820,canada
4880,36448,Unitaed Arab Emirates
4881,32528,canada
4882,12191,india
4883,36254,germany
4884,34216,United Kingdom
4885,48458,germany
4886,31208,Unitaed Arab Emirates
4887,29395,United States
4888,34819,United Kingdom
4889,45216,United Kingdom
4890,43492,canada
4891,36140,Unitaed Arab Emirates
4892,26487,germany
4893,46815,australia
4894,10062,germany
4895,38445,germany
4896,29949,United Kingdom
4897,36802,Unitaed Arab Emirates
4898,49352,germany
4899,25847,canada
4900,24646,United Kingdom
4901,22264,Unitaed Arab Emirates
4902,14833,australia
4903,30030,canada
4904,24291,australia
4905,26513,canada
4906,45783,germany
4907,25825,Unitaed Arab Emirates
4908,15290,United States
4909,44748,Unitaed Arab Emirates
4910,48293,Unitaed Arab Emirates
4911,11819,Unitaed Arab Emirates
4912,41768,india
4913,15107,United States
4914,36783,germany
4915,21480,Unitaed Arab Emirates
4916,47551,canada
4917,28140,United Kingdom
4918,29580,canada
4919,36793,germany
4920,46421,germany
4921,20619,Unitaed Arab Emirates
4922,23147,Unitaed Arab Emirates
4923,49022,australia
4924,14259,india
4925,38670,United Kingdom
4926,38826,germany
4927,16337,germany
4928,18146,canada
4929,23787,germany
4930,41544,germany
4931,35598,germany
4932,49020,germany
4933,43166,United States
4934,36108,United States
4935,45720,Unitaed Arab Emirates
4936,26727,United Kingdom
4937,19616,india
4938,43371,United States
4939,23606,australia
4940,19782,United Kingdom
4941,49804,australia
4942,47596,india
4943,32316,United States
4944,16583,canada
4945,12148,germany
4946,16044,germany
4947,13356,canada
4948,15188,australia
4949,10385,australia
4950,25811,United Kingdom
4951,14233,United States
4952,38919,United Kingdom
4953,11735,germany
4954,23686,United States
4955,47590,india
4956,43946,United States
4957,24422,United Kingdom
4958,43647,United States
4959,27889,United States
4960,48065,canada
4961,13657,United States
4962,20497,australia
4963,26656,canada
4964,45863,germany
4965,27990,Unitaed Arab Emirates
4966,45215,Unitaed Arab Emirates
4967,37427,australia
4968,11324,United Kingdom
4969,20249,Unitaed Arab Emirates
4970,33594,australia
4971,29506,Unitaed Arab Emirates
4972,36730,Unitaed Arab Emirates
4973,28113,Unitaed Arab Emirates
4974,48122,United States
4975,12894,germany
4976,37939,india
4977,41928,United Kingdom
4978,29059,australia
4979,28323,United Kingdom
4980,39149,australia
4981,37189,Unitaed Arab Emirates
4982,24640,Unitaed Arab Emirates
4983,14570,United Kingdom
4984,45714,Unitaed Arab Emirates
4985,49332,germany
4986,30890,canada
4987,30462,United Kingdom
4988,46759,canada
4989,45431,United States
4990,18127,canada
4991,44650,australia
4992,26712,United Kingdom
4993,47135,United Kingdom
4994,22462,australia
4995,20397,canada
4996,31101,canada
4997,15600,canada
4998,10381,Unitaed Arab Emirates
4999,21784,United States
5000,25024,Unitaed Arab Emirates
5001,19625,australia
5002,46649,india
5003,38017,Unitaed Arab Emirates
5004,22436,canada
5005,28583,United States
5006,29916,germany
5007,39047,United States
5008,45497,canada
5009,18038,United States
5010,13910,germany
5011,46264,United Kingdom
5012,46568,germany
5013,18162,Unitaed Arab Emirates
5014,21262,india
5015,42298,United States
5016,45591,australia
5017,44260,canada
5018,40270,United States
5019,29700,United Kingdom
5020,47705,United Kingdom
5021,33801,germany
5022,23363,United Kingdom
5023,22052,canada
5024,37789,Unitaed Arab Emirates
5025,49162,United States
5026,18172,United States
5027,49225,australia
5028,46064,United Kingdom
5029,32168,Unitaed Arab Emirates
5030,49991,india
5031,41472,australia
5032,41726,United Kingdom
5033,34548,australia
5034,38131,United States
5035,48328,United Kingdom
5036,27358,india
5037,16276,canada
5038,16224,australia
5039,49886,india
5040,18184,canada
5041,31555,germany
5042,47573,india
5043,36107,australia
5044,30200,india
5045,25308,india
5046,15133,United States
5047,23696,australia
5048,24048,germany
5049,25560,United States
5050,20404,United Kingdom
5051,22848,india
5052,41876,germany
5053,18773,germany
5054,26243,United Kingdom
5055,16262,canada
5056,17818,germany
5057,26114,canada
5058,25028,United Kingdom
5059,29941,australia
5060,45150,Unitaed Arab Emirates
5061,26614,United Kingdom
5062,49222,canada
5063,28267,germany
5064,20103,canada
5065,16031,germany
5066,14176,india
5067,20147,india
5068,47251,australia
5069,44136,canada
5070,12266,india
5071,27035,canada
5072,44878,india
5073,24775,United States
5074,45866,germany
5075,12755,United States
5076,40459,United Kingdom
5077,23559,United States
5078,27561,australia
5079,25381,germany
5080,35618,india
5081,28940,United States
5082,21127,australia
5083,17596,United States
5084,28468,Unitaed Arab Emirates
5085,28855,australia
5086,31162,United States
5087,28769,Unitaed Arab Emirates
5088,18157,canada
5089,10918,United Kingdom
5090,25102,Unitaed Arab Emirates
5091,14747,Unitaed Arab Emirates
5092,40275,india
5093,37571,United States
5094,31965,Unitaed Arab Emirates
5095,18567,australia
5096,34007,canada
5097,16550,australia
5098,28487,india
5099,41194,United States
5100,32019,Unitaed Arab Emirates
5101,32300,germany
5102,34592,australia
5103,43200,india
5104,43004,United Kingdom
5105,10306,germany
5106,22720,germany
5107,42791,United Kingdom
5108,27335,germany
5109,15407,United Kingdom
5110,10414,United Kingdom
5111,47616,germany
5112,35999,india
5113,14971,United Kingdom
5114,25145,canada
5115,14985,United Kingdom
5116,34353,canada
5117,17650,canada
5118,31754,germany
5119,22964,canada
5120,41572,india
5121,32905,United Kingdom
5122,37767,australia
5123,31841,germany
5124,26833,United States
5125,37752,australia
5126,23137,United States
5127,33012,United States
5128,25051,australia
5129,37175,australia
5130,29335,United Kingdom
5131,11537,germany
5132,45936,germany
5133,15687,australia
5134,26352,australia
5135,44224,germany
5136,44262,canada
5137,15060,United Kingdom
5138,37981,Unitaed Arab Emirates
5139,19479,canada
5140,39523,United States
5141,36814,india
5142,20065,United Kingdom
5143,44518,canada
5144,35820,germany
5145,20438,Unitaed Arab Emirates
5146,32871,United States
5147,47080,canada
5148,29661,canada
5149,11396,australia
5150,10173,canada
5151,25913,germany
5152,33935,canada
5153,21080,india
5154,45014,United Kingdom
5155,29462,United Kingdom
5156,44467,Unitaed Arab Emirates
5157,24963,germany
5158,29475,india
5159,30168,Unitaed Arab Emirates
5160,11844,United Kingdom
5161,49165,australia
5162,19942,germany
5163,43660,australia
5164,18406,Unitaed Arab Emirates
5165,23171,germany
5166,33129,United Kingdom
5167,40303,Unitaed Arab Emirates
5168,30028,australia
5169,37191,canada
5170,31723,india
5171,26989,United Kingdom
5172,26312,United Kingdom
5173,39400,Unitaed Arab Emirates
5174,49811,canada
5175,31565,australia
5176,27867,canada
5177,30669,canada
5178,33697,india
5179,19737,Unitaed Arab Emirates
5180,42035,Unitaed Arab Emirates
5181,19688,australia
5182,22974,germany
5183,34648,United States
5184,48126,australia
5185,32943,United States
5186,38612,Unitaed Arab Emirates
5187,24583,germany
5188,31186,germany
5189,11591,Unitaed Arab Emirates
5190,25458,United Kingdom
5191,15901,United Kingdom
5192,19034,india
5193,46417,australia
5194,38192,United States
5195,25116,germany
5196,27949,australia
5197,45697,canada
5198,11804,Unitaed Arab Emirates
5199,22611,australia
5200,10654,canada
5201,18336,australia
5202,32837,United Kingdom
5203,23229,United States
5204,37140,india
5205,14290,india
5206,38130,germany
5207,38122,germany
5208,47681,india
5209,33720,australia
5210,12523,Unitaed Arab Emirates
5211,44428,United Kingdom
5212,17630,india
5213,14512,canada
5214,44626,United Kingdom
5215,35286,Unitaed Arab Emirates
5216,18329,india
5217,21752,United States
5218,21048,germany
5219,24071,United Kingdom
5220,27117,germany
5221,15291,United States
5222,28901,United Kingdom
5223,25106,australia
5224,46095,United Kingdom
5225,42423,india
5226,16124,india
5227,23431,australia
5228,43014,australia
5229,31708,australia
5230,17587,United States
5231,13138,germany
5232,41064,australia
5233,38344,United Kingdom
5234,26491,australia
5235,49588,United Kingdom
5236,31477,United States
5237,17802,australia
5238,22872,canada
5239,20716,germany
5240,38107,germany
5241,23465,india
5242,15920,india
5243,15468,australia
5244,25125,india
5245,24077,United Kingdom
5246,37217,United Kingdom
5247,12739,Unitaed Arab Emirates
5248,23845,india
5249,34861,germany
5250,20662,germany
5251,18685,canada
5252,27401,india
5253,13490,germany
5254,12814,india
5255,47682,Unitaed Arab Emirates
5256,20558,australia
5257,23653,india
5258,37318,United Kingdom
5259,38616,canada
5260,34783,United Kingdom
5261,28617,australia
5262,35552,india
5263,36640,australia
5264,27697,United States
5265,34553,canada
5266,22541,United States
5267,27354,canada
5268,47474,germany
5269,49357,United States
5270,19362,australia
5271,17264,germany
5272,35975,Unitaed Arab Emirates
5273,25529,germany
5274,49218,United States
5275,46016,germany
5276,11147,United States
5277,49518,india
5278,42029,australia
5279,14706,United Kingdom
5280,39592,germany
5281,40574,india
5282,14035,germany
5283,19917,australia
5284,39456,United States
5285,41561,United States
5286,13968,Unitaed Arab Emirates
5287,21281,United Kingdom
5288,47822,United Kingdom
5289,37004,germany
5290,33671,australia
5291,47631,germany
5292,24431,germany
5293,16174,Unitaed Arab Emirates
5294,28528,canada
5295,36069,australia
5296,43472,Unitaed Arab Emirates
5297,43837,germany
5298,36859,germany
5299,32864,United States
5300,18960,australia
5301,18451,germany
5302,33030,germany
5303,49503,United Kingdom
5304,36163,United States
5305,41741,United Kingdom
5306,34659,australia
5307,30889,india
5308,15275,canada
5309,32855,india
5310,28777,United States
5311,32624,australia
5312,28614,germany
5313,30131,Unitaed Arab Emirates
5314,10895,United Kingdom
5315,21041,australia
5316,20617,Unitaed Arab Emirates
5317,11110,australia
5318,49591,india
5319,19350,canada
5320,12137,germany
5321,41207,canada
5322,23107,United States
5323,11840,india
5324,43510,Unitaed Arab Emirates
5325,47309,United States
5326,33391,australia
5327,30189,canada
5328,35616,india
5329,24295,Unitaed Arab Emirates
5330,27951,india
5331,28194,australia
5332,47891,United Kingdom
5333,24868,Unitaed Arab Emirates
5334,36070,United States
5335,25597,canada
5336,35180,United Kingdom
5337,33664,india
5338,10141,india
5339,14655,United States
5340,40927,United States
5341,38602,india
5342,48157,United States
5343,17388,india
5344,36704,United Kingdom
5345,47272,india
5346,43741,germany
5347,45706,Unitaed Arab Emirates
5348,41401,canada
5349,10085,india
5350,35035,United States
5351,25075,Unitaed Arab Emirates
5352,40395,Unitaed Arab Emirates
5353,28892,australia
5354,25711,United States
5355,38464,Unitaed Arab Emirates
5356,32216,germany
5357,23442,germany
5358,47034,australia
5359,43959,canada
5360,36492,australia
5361,25870,Unitaed Arab Emirates
5362,19439,United Kingdom
5363,15921,canada
5364,39208,germany
5365,29895,Unitaed Arab Emirates
5366,39215,canada
5367,48509,United States
5368,42356,india
5369,23461,canada
5370,32883,United Kingdom
5371,40671,germany
5372,47396,australia
5373,49284,india
5374,13483,United States
5375,20130,india
5376,49126,canada
5377,27311,Unitaed Arab Emirates
5378,49347,india
5379,23632,United Kingdom
5380,13038,Unitaed Arab Emirates
5381,17219,canada
5382,16500,United Kingdom
5383,28105,australia
5384,37995,Unitaed Arab Emirates
5385,12825,United Kingdom
5386,33054,germany
5387,26788,india
5388,23077,australia
5389,41013,india
5390,16158,australia
5391,30805,germany
5392,47834,india
5393,42925,Unitaed Arab Emirates
5394,32295,United Kingdom
5395,38253,canada
5396,27189,australia
5397,35881,Unitaed Arab Emirates
5398,26887,india
5399,34110,canada
5400,15183,United Kingdom
5401,29023,australia
5402,18957,germany
5403,14491,australia
5404,48728,australia
5405,44567,canada
5406,13387,australia
5407,26025,india
5408,11446,australia
5409,42899,United Kingdom
5410,49137,germany
5411,48360,United Kingdom
5412,36610,United Kingdom
5413,46981,india
5414,39309,germany
5415,44226,Unitaed Arab Emirates
5416,15298,australia
5417,28406,germany
5418,44716,United Kingdom
5419,32989,germany
5420,22005,Unitaed Arab Emirates
5421,16861,india
5422,20353,Unitaed Arab Emirates
5423,25630,Unitaed Arab Emirates
5424,14718,australia
5425,46918,Unitaed Arab Emirates
5426,26907,india
5427,45249,canada
5428,14484,United States
5429,33194,canada
5430,33886,australia
5431,18537,United Kingdom
5432,45080,Unitaed Arab Emirates
5433,33399,germany
5434,33655,United States
5435,36274,australia
5436,42908,United States
5437,16892,canada
5438,29267,canada
5439,41340,india
5440,42136,australia
5441,46228,United States
5442,36889,Unitaed Arab Emirates
5443,19348,Unitaed Arab Emirates
5444,25637,australia
5445,21224,Unitaed Arab Emirates
5446,11307,canada
5447,25636,canada
5448,22426,india
5449,25580,australia
5450,12852,United Kingdom
5451,46212,Unitaed Arab Emirates
5452,36247,australia
5453,27779,australia
5454,35590,germany
5455,14741,United Kingdom
5456,27140,india
5457,36607,Unitaed Arab Emirates
5458,29004,United States
5459,46792,United Kingdom
5460,25078,australia
5461,42802,canada
5462,26404,australia
5463,47246,United States
5464,11062,canada
5465,49895,United Kingdom
5466,49957,india
5467,36441,United Kingdom
5468,40079,canada
5469,31551,india
5470,14774,germany
5471,15079,United States
5472,40715,Unitaed Arab Emirates
5473,26428,germany
5474,47138,australia
5475,30148,india
5476,42853,Unitaed Arab Emirates
5477,21368,canada
5478,24066,india
5479,40441,Unitaed Arab Emirates
5480,25548,United States
5481,49995,australia
5482,46059,canada
5483,18779,United Kingdom
5484,29900,Unitaed Arab Emirates
5485,27640,australia
5486,22871,india
5487,29419,United States
5488,17516,Unitaed Arab Emirates
5489,20311,United States
5490,14955,germany
5491,23322,germany
5492,43405,United States
5493,10152,canada
5494,15909,canada
5495,37009,australia
5496,24541,United States
5497,16239,australia
5498,21734,india
5499,24847,germany
5500,10018,United States
5501,20646,United Kingdom
5502,49880,australia
5503,31905,germany
5504,26484,india
5505,24464,Unitaed Arab Emirates
5506,17135,United Kingdom
5507,16029,United Kingdom
5508,22653,United Kingdom
5509,11955,canada
5510,19846,United Kingdom
5511,36264,india
5512,27294,australia
5513,34377,United Kingdom
5514,16715,Unitaed Arab Emirates
5515,32526,germany
5516,49373,australia
5517,42461,australia
5518,28754,United Kingdom
5519,40808,Unitaed Arab Emirates
5520,22327,india
5521,23221,india
5522,26586,canada
5523,23870,india
5524,43010,canada
5525,13740,United Kingdom
5526,29105,australia
5527,18851,Unitaed Arab Emirates
5528,19366,germany
5529,47987,United States
5530,34822,germany
5531,38519,United States
5532,18687,United States
5533,32942,canada
5534,12575,australia
5535,11082,United Kingdom
5536,39570,United States
5537,18735,germany
5538,21255,Unitaed Arab Emirates
5539,49601,australia
5540,20094,canada
5541,30698,Unitaed Arab Emirates
5542,31474,United Kingdom
5543,40651,United States
5544,44918,germany
5545,16103,Unitaed Arab Emirates
5546,46743,Unitaed Arab Emirates
5547,34029,United Kingdom
5548,48168,United Kingdom
5549,14191,United States
5550,15623,germany
5551,12293,United States
5552,30593,United States
5553,37167,United States
5554,47193,United Kingdom
5555,21766,Unitaed Arab Emirates
5556,45992,india
5557,27624,australia
5558,25848,United States
5559,25759,United Kingdom
5560,17517,canada
5561,46261,germany
5562,40980,United States
5563,13590,canada
5564,35292,germany
5565,18455,germany
5566,16944,United States
5567,43085,canada
5568,37100,United Kingdom
5569,10640,canada
5570,10858,Unitaed Arab Emirates
5571,47011,australia
5572,25437,australia
5573,35550,Unitaed Arab Emirates
5574,35861,australia
5575,38929,india
5576,11019,Unitaed Arab Emirates
5577,34284,australia
5578,21814,United States
5579,20104,United Kingdom
5580,18479,Unitaed Arab Emirates
5581,15373,United Kingdom
5582,42371,canada
5583,23234,germany
5584,16357,australia
5585,31595,Unitaed Arab Emirates
5586,17772,australia
5587,24567,india
5588,46669,india
5589,38684,United Kingdom
5590,21708,United States
5591,17670,Unitaed Arab Emirates
5592,14934,United Kingdom
5593,12666,Unitaed Arab Emirates
5594,12453,United Kingdom
5595,30136,United States
5596,35565,Unitaed Arab Emirates
5597,45173,Unitaed Arab Emirates
5598,41421,Unitaed Arab Emirates
5599,40548,australia
5600,44602,Unitaed Arab Emirates
5601,49810,Unitaed Arab Emirates
5602,30735,canada
5603,26806,Unitaed Arab Emirates
5604,39228,United Kingdom
5605,48701,Unitaed Arab Emirates
5606,25411,australia
5607,35864,australia
5608,48840,United Kingdom
5609,35924,United Kingdom
5610,10554,canada
5611,28149,australia
5612,12091,australia
5613,37749,australia
5614,47598,canada
5615,17463,United Kingdom
5616,18509,australia
5617,39866,germany
5618,22505,United Kingdom
5619,34466,canada
5620,36416,United Kingdom
5621,48867,australia
5622,28984,canada
5623,45862,australia
5624,45031,United Kingdom
5625,43834,australia
5626,38008,United Kingdom
5627,12790,Unitaed Arab Emirates
5628,49847,india
5629,37245,United Kingdom
5630,28057,australia
5631,46269,United States
5632,45582,india
5633,33026,india
5634,43116,australia
5635,44890,United Kingdom
5636,38093,United States
5637,23961,germany
5638,38212,canada
5639,49117,canada
5640,23930,United States
5641,42915,germany
5642,11709,india
5643,29406,canada
5644,41106,germany
5645,13990,United States
5646,38040,germany
5647,23962,canada
5648,17854,canada
5649,46604,canada
5650,24256,United States
5651,14523,germany
5652,43136,india
5653,39319,australia
5654,37669,United States
5655,12597,canada
5656,39210,australia
5657,11302,india
5658,21516,germany
5659,44662,Unitaed Arab Emirates
5660,12524,australia
5661,17484,australia
5662,24211,australia
5663,33966,canada
5664,32600,germany
5665,43870,United States
5666,27451,Unitaed Arab Emirates
5667,43512,Unitaed Arab Emirates
5668,13074,United Kingdom
5669,40858,australia
5670,45630,germany
5671,37654,United Kingdom
5672,24189,germany
5673,12560,United States
5674,47559,Unitaed Arab Emirates
5675,46602,United States
5676,11012,india
5677,47053,United Kingdom
5678,30741,australia
5679,46324,canada
5680,12325,United States
5681,42406,australia
5682,30372,australia
5683,20846,United Kingdom
5684,21419,canada
5685,28778,Unitaed Arab Emirates
5686,48310,india
5687,47289,Unitaed Arab Emirates
5688,26425,germany
5689,28232,germany
5690,20316,india
5691,36222,United Kingdom
5692,23599,australia
5693,13334,india
5694,30043,United States
5695,38244,Unitaed Arab Emirates
5696,34459,germany
5697,15452,Unitaed Arab Emirates
5698,31223,United States
5699,17593,United Kingdom
5700,24630,germany
5701,41361,canada
5702,43279,canada
5703,30508,germany
5704,22003,United States
5705,45846,germany
5706,47405,australia
5707,22215,germany
5708,39859,canada
5709,15119,australia
5710,45076,Unitaed Arab Emirates
5711,26001,germany
5712,32120,United Kingdom
5713,10565,australia
5714,22090,Unitaed Arab Emirates
5715,18992,United States
5716,38206,United Kingdom
5717,33575,canada
5718,15084,canada
5719,39300,United States
5720,24062,United Kingdom
5721,31997,United Kingdom
5722,20621,australia
5723,32901,australia
5724,49673,United Kingdom
5725,23634,United Kingdom
5726,37736,india
5727,40337,india
5728,20339,United States
5729,32058,australia
5730,48010,india
5731,12847,australia
5732,21659,United States
5733,18214,australia
5734,49430,india
5735,25454,australia
5736,19110,Unitaed Arab Emirates
5737,20171,canada
5738,43144,United States
5739,25384,canada
5740,49202,United Kingdom
5741,35826,australia
5742,36246,canada
5743,34004,United Kingdom
5744,25647,United States
5745,21544,Unitaed Arab Emirates
5746,21102,United States
5747,32869,Unitaed Arab Emirates
5748,44124,canada
5749,28150,australia
5750,31889,United Kingdom
5751,20556,india
5752,38552,United States
5753,48194,Unitaed Arab Emirates
5754,46609,india
5755,26927,United States
5756,21463,germany
5757,40560,germany
5758,24410,germany
5759,32431,india
5760,26351,Unitaed Arab Emirates
5761,24968,United Kingdom
5762,18723,germany
5763,39120,germany
5764,27272,canada
5765,38632,United Kingdom
5766,46225,canada
5767,39842,germany
5768,12363,Unitaed Arab Emirates
5769,41173,australia
5770,37436,United Kingdom
5771,32921,germany
5772,22666,australia
5773,18896,germany
5774,23785,australia
5775,30628,canada
5776,14006,australia
5777,22002,australia
5778,37600,United Kingdom
5779,23950,germany
5780,39763,australia
5781,34584,germany
5782,30038,United Kingdom
5783,48207,germany
5784,45371,india
5785,15747,canada
5786,46301,germany
5787,33949,india
5788,12966,germany
5789,39240,india
5790,40911,Unitaed Arab Emirates
5791,29391,india
5792,41202,United States
5793,30581,Unitaed Arab Emirates
5794,47605,india
5795,14025,United States
5796,47025,United Kingdom
5797,13953,australia
5798,28678,Unitaed Arab Emirates
5799,16317,United States
5800,46235,india
5801,27416,United States
5802,11471,Unitaed Arab Emirates
5803,15113,United Kingdom
5804,41507,germany
5805,17739,australia
5806,11148,australia
5807,34616,germany
5808,30140,canada
5809,41045,australia
5810,25545,india
5811,21602,United Kingdom
5812,21158,Unitaed Arab Emirates
5813,23303,india
5814,33047,United Kingdom
5815,46564,germany
5816,13447,United Kingdom
5817,18276,india
5818,38878,germany
5819,21610,United Kingdom
5820,14457,australia
5821,21151,Unitaed Arab Emirates
5822,20422,Unitaed Arab Emirates
5823,20915,india
5824,12639,india
5825,35606,United States
5826,23698,canada
5827,23681,United States
5828,23050,australia
5829,15902,United States
5830,32211,United Kingdom
5831,30193,United States
5832,40294,india
5833,24306,United Kingdom
5834,42222,United States
5835,25017,australia
5836,19312,germany
5837,36257,canada
5838,11924,australia
5839,12440,United States
5840,33397,india
5841,46210,Unitaed Arab Emirates
5842,40737,United Kingdom
5843,27591,United Kingdom
5844,15582,canada
5845,18354,United Kingdom
5846,14647,United States
5847,24514,germany
5848,20985,United Kingdom
5849,24419,india
5850,46554,india
5851,36616,canada
5852,21304,Unitaed Arab Emirates
5853,35104,india
5854,42439,United Kingdom
5855,44561,United Kingdom
5856,49724,australia
5857,35206,Unitaed Arab Emirates
5858,20159,United States
5859,10206,india
5860,45590,germany
5861,35409,canada
5862,37211,canada
5863,30705,india
5864,24114,canada
5865,32633,Unitaed Arab Emirates
5866,29531,United Kingdom
5867,41667,germany
5868,22474,australia
5869,13719,australia
5870,32478,United States
5871,28449,Unitaed Arab Emirates
5872,30764,australia
5873,23301,United States
5874,16400,canada
5875,20883,australia
5876,36543,United States
5877,28788,germany
5878,37231,Unitaed Arab Emirates
5879,39969,United Kingdom
5880,49245,germany
5881,36412,germany
5882,42946,United States
5883,49005,india
5884,31324,india
5885,21658,india
5886,42795,United States
5887,37320,United States
5888,46398,Unitaed Arab Emirates
5889,33287,india
5890,37881,United States
5891,23541,Unitaed Arab Emirates
5892,10331,United Kingdom
5893,44485,germany
5894,43084,australia
5895,32628,germany
5896,13551,canada
5897,48866,australia
5898,45685,canada
5899,17792,australia
5900,38892,india
5901,35938,canada
5902,25348,india
5903,33847,australia
5904,17574,Unitaed Arab Emirates
5905,45396,United Kingdom
5906,30957,United Kingdom
5907,26553,United Kingdom
5908,41157,Unitaed Arab Emirates
5909,41736,australia
5910,30780,india
5911,25023,germany
5912,29819,india
5913,11877,canada
5914,30436,india
5915,45803,germany
5916,13248,germany
5917,20383,australia
5918,46320,United Kingdom
5919,42235,germany
5920,31989,United States
5921,12706,United Kingdom
5922,26219,australia
5923,42668,germany
5924,12532,india
5925,46276,canada
5926,26849,canada
5927,45793,United States
5928,12537,australia
5929,42867,germany
5930,18307,United Kingdom
5931,39051,Unitaed Arab Emirates
5932,37447,United Kingdom
5933,20302,india
5934,24730,canada
5935,29074,germany
5936,44202,United States
5937,11902,india
5938,45791,Unitaed Arab Emirates
5939,23739,germany
5940,37351,canada
5941,25685,india
5942,28977,australia
5943,49286,Unitaed Arab Emirates
5944,47707,india
5945,47161,india
5946,17139,United States
5947,38786,Unitaed Arab Emirates
5948,24828,australia
5949,17224,australia
5950,41371,United States
5951,20858,india
5952,48772,australia
5953,44594,canada
5954,43793,india
5955,10785,United States
5956,41114,india
5957,37865,United Kingdom
5958,15186,germany
5959,17236,Unitaed Arab Emirates
5960,49369,Unitaed Arab Emirates
5961,43994,germany
5962,12640,Unitaed Arab Emirates
5963,39617,canada
5964,48405,canada
5965,45971,canada
5966,19992,Unitaed Arab Emirates
5967,17293,Unitaed Arab Emirates
5968,34234,United Kingdom
5969,40748,australia
5970,32322,canada
5971,16947,canada
5972,10843,india
5973,36216,Unitaed Arab Emirates
5974,17403,Unitaed Arab Emirates
5975,31013,canada
5976,11604,Unitaed Arab Emirates
5977,22862,Unitaed Arab Emirates
5978,21594,United Kingdom
5979,16506,United Kingdom
5980,43298,Unitaed Arab Emirates
5981,46709,United Kingdom
5982,22414,Unitaed Arab Emirates
5983,35233,United States
5984,31617,United States
5985,15792,germany
5986,24924,Unitaed Arab Emirates
5987,36306,india
5988,38618,Unitaed Arab Emirates
5989,29622,United States
5990,48052,germany
5991,24899,United Kingdom
5992,46100,United Kingdom
5993,16954,india
5994,41089,australia
5995,49818,United States
5996,31645,Unitaed Arab Emirates
5997,23057,germany
5998,17870,canada
5999,27726,United Kingdom
6000,17136,United States
6001,37982,Unitaed Arab Emirates
6002,35564,india
6003,10121,United Kingdom
6004,44837,australia
6005,20076,india
6006,22248,canada
6007,11962,germany
6008,30407,australia
6009,34983,United States
6010,39153,australia
6011,16442,United Kingdom
6012,28753,australia
6013,15555,United States
6014,11892,canada
6015,20489,canada
6016,25213,germany
6017,33893,australia
6018,11489,india
6019,39753,United Kingdom
6020,36628,australia
6021,46777,australia
6022,25982,germany
6023,36476,United Kingdom
6024,11821,australia
6025,37486,United States
6026,27656,United States
6027,40814,Unitaed Arab Emirates
6028,21058,Unitaed Arab Emirates
6029,18888,india
6030,30598,United States
6031,29225,india
6032,34325,australia
6033,38320,United States
6034,15363,germany
6035,26300,United Kingdom
6036,11117,Unitaed Arab Emirates
6037,42295,australia
6038,17447,Unitaed Arab Emirates
6039,27196,United Kingdom
6040,42805,india
6041,12460,canada
6042,30103,canada
6043,19046,United States
6044,45122,Unitaed Arab Emirates
6045,25329,United Kingdom
6046,43461,india
6047,18739,United Kingdom
6048,14368,canada
6049,13023,Unitaed Arab Emirates
6050,19522,United States
6051,24176,australia
6052,31433,canada
6053,28605,United Kingdom
6054,29126,Unitaed Arab Emirates
6055,11096,australia
6056,34575,United Kingdom
6057,14729,germany
6058,25229,canada
6059,47067,United States
6060,30046,india
6061,41185,india
6062,32381,australia
6063,14174,germany
6064,21764,United States
6065,31882,United Kingdom
6066,45120,india
6067,16883,australia
6068,14220,canada
6069,38293,Unitaed Arab Emirates
6070,34656,United Kingdom
6071,10174,canada
6072,35966,india
6073,27822,canada
6074,16986,United Kingdom
6075,41293,United States
6076,15371,Unitaed Arab Emirates
6077,14703,canada
6078,21984,United Kingdom
6079,33096,canada
6080,32761,australia
6081,26741,india
6082,29781,australia
6083,19280,United States
6084,10292,Unitaed Arab Emirates
6085,15443,Unitaed Arab Emirates
6086,12576,United Kingdom
6087,49046,india
6088,10819,india
6089,30609,United Kingdom
6090,34313,Unitaed Arab Emirates
6091,16712,United States
6092,24857,United States
6093,37083,canada
6094,31072,canada
6095,37565,canada
6096,15751,United Kingdom
6097,39285,australia
6098,15614,United Kingdom
6099,47402,india
6100,30740,Unitaed Arab Emirates
6101,13207,United Kingdom
6102,12656,india
6103,27634,United Kingdom
6104,36418,india
6105,24158,Unitaed Arab Emirates
6106,46666,United States
6107,25096,United Kingdom
6108,36881,Unitaed Arab Emirates
6109,40109,canada
6110,29257,canada
6111,42720,germany
6112,47907,australia
6113,16567,United Kingdom
6114,13460,Unitaed Arab Emirates
6115,36968,india
6116,45282,germany
6117,47052,Unitaed Arab Emirates
6118,38015,germany
6119,15504,australia
6120,32446,india
6121,29553,United Kingdom
6122,27048,canada
6123,31721,canada
6124,39100,canada
6125,24911,Unitaed Arab Emirates
6126,49507,india
6127,12632,india
6128,44657,United Kingdom
6129,37694,india
6130,27343,canada
6131,34733,germany
6132,25406,germany
6133,17700,india
6134,24654,Unitaed Arab Emirates
6135,44022,canada
6136,42872,germany
6137,44429,United States
6138,23170,United Kingdom
6139,15418,germany
6140,27475,india
6141,37296,United States
6142,32123,australia
6143,16960,United States
6144,41943,india
6145,44339,germany
6146,17006,germany
6147,29830,canada
6148,27813,india
6149,25593,United Kingdom
6150,23819,United Kingdom
6151,26625,United Kingdom
6152,49854,germany
6153,28451,germany
6154,36454,germany
6155,41613,canada
6156,25575,germany
6157,40563,United States
6158,16887,United States
6159,47903,Unitaed Arab Emirates
6160,33834,australia
6161,43068,United States
6162,22452,india
6163,45596,canada
6164,15377,United Kingdom
6165,48475,germany
6166,38264,australia
6167,45168,australia
6168,29542,australia
6169,44317,United States
6170,17965,United States
6171,16902,United States
6172,27261,australia
6173,25088,canada
6174,29464,australia
6175,13534,india
6176,21799,germany
6177,17791,United Kingdom
6178,19512,Unitaed Arab Emirates
6179,24563,Unitaed Arab Emirates
6180,29220,australia
6181,49081,United States
6182,28501,United States
6183,38673,canada
6184,40622,india
6185,12717,United States
6186,34510,india
6187,32798,United Kingdom
6188,33825,australia
6189,18381,india
6190,20961,india
6191,46147,United Kingdom
6192,24349,germany
6193,44337,United States
6194,30309,canada
6195,35143,United Kingdom
6196,30207,United Kingdom
6197,13504,germany
6198,12622,canada
6199,48287,australia
6200,10913,australia
6201,23055,canada
6202,31585,United Kingdom
6203,37309,australia
6204,20864,United States
6205,31781,germany
6206,39052,india
6207,22597,australia
6208,10541,germany
6209,41983,india
6210,34759,United States
6211,34105,germany
6212,31118,germany
6213,23748,india
6214,31073,canada
6215,24132,United States
6216,20943,United States
6217,30480,germany
6218,49919,Unitaed Arab Emirates
6219,46548,australia
6220,18474,germany
6221,40888,canada
6222,41608,india
6223,19401,United States
6224,42421,germany
6225,29163,canada
6226,15036,australia
6227,30726,Unitaed Arab Emirates
6228,36517,United States
6229,22475,canada
6230,21547,Unitaed Arab Emirates
6231,35132,United Kingdom
6232,48011,Unitaed Arab Emirates
6233,33417,india
6234,47110,germany
6235,40032,germany
6236,37932,United States
6237,38651,australia
6238,34570,india
6239,16415,United Kingdom
6240,48227,United Kingdom
6241,36328,australia
6242,13518,United States
6243,48449,United States
6244,31460,United States
6245,39396,india
6246,24399,canada
6247,23704,germany
6248,11698,australia
6249,29954,india
6250,21416,canada
6251,31169,United States
6252,14574,United Kingdom
6253,43158,germany
6254,27665,australia
6255,25936,United Kingdom
6256,39540,australia
6257,26890,canada
6258,44490,Unitaed Arab Emirates
6259,27341,germany
6260,48626,Unitaed Arab Emirates
6261,36310,canada
6262,49205,india
6263,15596,germany
6264,15949,Unitaed Arab Emirates
6265,40386,United Kingdom
6266,16621,germany
6267,12889,canada
6268,15514,germany
6269,49983,germany
6270,38656,Unitaed Arab Emirates
6271,19828,australia
6272,33002,india
6273,25281,Unitaed Arab Emirates
6274,41471,United Kingdom
6275,17753,Unitaed Arab Emirates
6276,18741,india
6277,12005,germany
6278,37141,United States
6279,17364,United States
6280,20117,United States
6281,34686,india
6282,30005,canada
6283,11138,australia
6284,44488,United Kingdom
6285,12412,Unitaed Arab Emirates
6286,23795,australia
6287,43534,germany
6288,23119,india
6289,21573,india
6290,19485,australia
6291,47038,United States
6292,33570,australia
6293,34512,Unitaed Arab Emirates
6294,38797,australia
6295,32781,United Kingdom
6296,44619,United Kingdom
6297,37552,United States
6298,16910,india
6299,13871,india
6300,24627,canada
6301,38586,germany
6302,19414,canada
6303,49129,germany
6304,30300,australia
6305,17487,india
6306,44838,canada
6307,18828,United States
6308,16842,australia
6309,30059,canada
6310,41430,canada
6311,28909,United States
6312,39930,United States
6313,49467,canada
6314,12635,australia
6315,32156,germany
6316,33221,australia
6317,47927,australia
6318,10259,canada
6319,29380,canada
6320,34192,canada
6321,25733,canada
6322,38653,United States
6323,22316,Unitaed Arab Emirates
6324,26032,germany
6325,44434,india
6326,35235,Unitaed Arab Emirates
6327,31383,germany
6328,38117,United Kingdom
6329,15714,United States
6330,16043,United Kingdom
6331,17522,germany
6332,21553,Unitaed Arab Emirates
6333,38509,india
6334,46528,australia
6335,39784,canada
6336,18368,india
6337,16170,United States
6338,19504,United States
6339,49751,United Kingdom
6340,41536,Unitaed Arab Emirates
6341,39246,United Kingdom
6342,30383,india
6343,18722,United Kingdom
6344,21609,india
6345,44029,india
6346,29270,india
6347,31326,canada
6348,38964,United Kingdom
6349,31531,United States
6350,34354,United States
6351,25983,United Kingdom
6352,28162,canada
6353,47528,Unitaed Arab Emirates
6354,30744,india
6355,38128,india
6356,34976,india
6357,32987,germany
6358,30021,United States
6359,15550,United Kingdom
6360,33769,india
6361,45218,india
6362,26328,germany
6363,49125,canada
6364,19065,australia
6365,18565,india
6366,11194,canada
6367,49255,canada
6368,39533,Unitaed Arab Emirates
6369,29865,United Kingdom
6370,15615,United Kingdom
6371,25084,United Kingdom
6372,18016,germany
6373,41156,United States
6374,36725,australia
6375,28801,india
6376,32854,india
6377,47386,india
6378,24142,canada
6379,27393,germany
6380,13778,United Kingdom
6381,43709,australia
6382,46371,United States
6383,25318,United Kingdom
6384,47136,germany
6385,42671,United Kingdom
6386,11250,germany
6387,48678,Unitaed Arab Emirates
6388,32922,india
6389,12957,Unitaed Arab Emirates
6390,32722,Unitaed Arab Emirates
6391,23894,canada
6392,35772,germany
6393,42754,United States
6394,46042,canada
6395,39484,Unitaed Arab Emirates
6396,45816,Unitaed Arab Emirates
6397,44674,United Kingdom
6398,12939,canada
6399,40550,germany
6400,21670,United Kingdom
6401,39606,Unitaed Arab Emirates
6402,19049,Unitaed Arab Emirates
6403,41693,germany
6404,21028,australia
6405,49226,germany
6406,39587,india
6407,28050,United States
6408,11863,germany
6409,14461,australia
6410,47980,india
6411,12118,United States
6412,22613,United States
6413,48394,canada
6414,37467,canada
6415,17358,canada
6416,28137,United States
6417,36712,australia
6418,37517,United States
6419,30649,United States
6420,44156,United States
6421,39927,United Kingdom
6422,21591,United States
6423,35832,india
6424,16914,United Kingdom
6425,48289,germany
6426,10425,Unitaed Arab Emirates
6427,40600,australia
6428,24743,india
6429,16918,australia
6430,17008,germany
6431,18801,United States
6432,22645,United States
6433,35300,germany
6434,23157,Unitaed Arab Emirates
6435,19015,Unitaed Arab Emirates
6436,20169,canada
6437,26273,United States
6438,38465,Unitaed Arab Emirates
6439,27568,india
6440,29992,Unitaed Arab Emirates
6441,24477,australia
6442,46534,canada
6443,19811,United Kingdom
6444,47094,india
6445,34019,india
6446,26262,United Kingdom
6447,12435,United States
6448,10734,United Kingdom
6449,48072,Unitaed Arab Emirates
6450,42759,United Kingdom
6451,17764,Unitaed Arab Emirates
6452,27459,Unitaed Arab Emirates
6453,15122,United States
6454,33135,canada
6455,12964,australia
6456,35464,india
6457,34406,canada
6458,47893,germany
6459,11133,australia
6460,24595,germany
6461,32477,United States
6462,21948,United Kingdom
6463,21403,india
6464,49079,canada
6465,45923,Unitaed Arab Emirates
6466,26804,canada
6467,19921,Unitaed Arab Emirates
6468,45603,canada
6469,12085,germany
6470,49837,United Kingdom
6471,33854,United Kingdom
6472,45153,United States
6473,36353,australia
6474,28761,United States
6475,38870,india
6476,22292,india
6477,11455,Unitaed Arab Emirates
6478,23682,canada
6479,23182,canada
6480,11890,United States
6481,45196,germany
6482,16209,india
6483,39250,india
6484,41635,australia
6485,17282,india
6486,49961,india
6487,25918,United Kingdom
6488,26456,germany
6489,39954,United States
6490,13457,india
6491,46853,germany
6492,35602,United Kingdom
6493,39192,Unitaed Arab Emirates
6494,48551,United States
6495,40663,germany
6496,20228,United Kingdom
6497,14749,United Kingdom
6498,15045,United States
6499,43615,United Kingdom
6500,36071,germany
6501,44163,india
6502,32958,United States
6503,26922,United Kingdom
6504,40177,Unitaed Arab Emirates
6505,40426,United States
6506,24113,Unitaed Arab Emirates
6507,20386,Unitaed Arab Emirates
6508,35245,United Kingdom
6509,18331,Unitaed Arab Emirates
6510,20860,United States
6511,21110,germany
6512,30543,germany
6513,40393,canada
6514,21074,australia
6515,39702,germany
6516,27800,australia
6517,21264,canada
6518,31347,india
6519,31505,india
6520,45350,United States
6521,11500,australia
6522,40117,Unitaed Arab Emirates
6523,10814,Unitaed Arab Emirates
6524,21187,germany
6525,16086,United Kingdom
6526,49062,canada
6527,21510,United States
6528,44832,germany
6529,24200,Unitaed Arab Emirates
6530,36113,germany
6531,40141,Unitaed Arab Emirates
6532,44132,australia
6533,23594,United Kingdom
6534,18226,australia
6535,47649,australia
6536,42212,germany
6537,10067,india
6538,26572,United Kingdom
6539,23232,india
6540,21146,United Kingdom
6541,45906,Unitaed Arab Emirates
6542,13190,india
6543,43620,Unitaed Arab Emirates
6544,26042,australia
6545,39645,india
6546,33621,United Kingdom
6547,37634,Unitaed Arab Emirates
6548,35332,india
6549,40641,germany
6550,31851,Unitaed Arab Emirates
6551,11218,Unitaed Arab Emirates
6552,32283,germany
6553,18675,United Kingdom
6554,33831,australia
6555,34384,Unitaed Arab Emirates
6556,38564,Unitaed Arab Emirates
6557,21741,Unitaed Arab Emirates
6558,26665,United States
6559,45234,United States
6560,38894,australia
6561,46943,canada
6562,47689,United States
6563,12936,canada
6564,35927,australia
6565,23514,canada
6566,35412,United Kingdom
6567,16139,germany
6568,24098,australia
6569,29385,United Kingdom
6570,48767,germany
6571,35008,india
6572,31932,germany
6573,30731,United Kingdom
6574,48887,Unitaed Arab Emirates
6575,23083,United Kingdom
6576,21825,United States
6577,17050,Unitaed Arab Emirates
6578,32326,Unitaed Arab Emirates
6579,21149,canada
6580,36736,United Kingdom
6581,31039,canada
6582,31561,canada
6583,36820,United Kingdom
6584,30192,canada
6585,47499,United Kingdom
6586,41379,germany
6587,34339,germany
6588,45048,germany
6589,24360,australia
6590,40096,germany
6591,42038,australia
6592,13508,United Kingdom
6593,46213,Unitaed Arab Emirates
6594,41957,canada
6595,41260,United States
6596,45586,United Kingdom
6597,37907,canada
6598,19605,germany
6599,35481,United Kingdom
6600,48155,germany
6601,32133,United Kingdom
6602,32720,canada
6603,37967,Unitaed Arab Emirates
6604,22183,germany
6605,20414,germany
6606,13151,australia
6607,18604,United Kingdom
6608,12651,australia
6609,39631,germany
6610,26308,United Kingdom
6611,34761,canada
6612,13158,germany
6613,33775,United States
6614,46845,United States
6615,42818,australia
6616,25485,australia
6617,41255,australia
6618,31787,canada
6619,34611,india
6620,34852,Unitaed Arab Emirates
6621,48583,canada
6622,17153,india
6623,49093,canada
6624,15931,United States
6625,37040,United States
6626,10403,india
6627,22801,australia
6628,37064,United States
6629,13985,canada
6630,26260,germany
6631,39941,australia
6632,37615,india
6633,16549,Unitaed Arab Emirates
6634,32530,germany
6635,43057,australia
6636,20505,australia
6637,22028,United States
6638,24593,india
6639,36159,india
6640,43415,canada
6641,29538,Unitaed Arab Emirates
6642,43033,United States
6643,25332,india
6644,21109,United Kingdom
6645,29162,Unitaed Arab Emirates
6646,34594,United Kingdom
6647,21793,australia
6648,30850,germany
6649,33936,australia
6650,13827,United Kingdom
6651,39290,Unitaed Arab Emirates
6652,43410,canada
6653,44959,United States
6654,32310,United States
6655,45436,canada
6656,21783,india
6657,17559,australia
6658,40200,Unitaed Arab Emirates
6659,46830,australia
6660,33276,australia
6661,17502,Unitaed Arab Emirates
6662,29184,germany
6663,20790,india
6664,31633,india
6665,46961,Unitaed Arab Emirates
6666,35368,United States
6667,37045,Unitaed Arab Emirates
6668,36345,Unitaed Arab Emirates
6669,45918,United Kingdom
6670,30742,germany
6671,33250,United States
6672,12577,Unitaed Arab Emirates
6673,14880,United States
6674,14305,Unitaed Arab Emirates
6675,36740,australia
6676,24951,canada
6677,29532,United States
6678,22602,australia
6679,32538,United States
6680,28330,australia
6681,23242,United Kingdom
6682,44340,germany
6683,23823,australia
6684,26583,india
6685,14068,United States
6686,18281,germany
6687,32415,Unitaed Arab Emirates
6688,36679,United Kingdom
6689,22348,germany
6690,26973,Unitaed Arab Emirates
6691,30022,australia
6692,20080,United States
6693,46813,canada
6694,41892,germany
6695,12965,india
6696,42438,india
6697,18493,canada
6698,12344,germany
6699,47931,india
6700,29599,Unitaed Arab Emirates
6701,37891,germany
6702,26445,United States
6703,43625,United Kingdom
6704,35113,australia
6705,27724,United Kingdom
6706,35393,australia
6707,31399,australia
6708,30036,germany
6709,28095,United States
6710,36656,canada
6711,43348,germany
6712,36617,australia
6713,45070,Unitaed Arab Emirates
6714,43841,Unitaed Arab Emirates
6715,41766,Unitaed Arab Emirates
6716,17561,germany
6717,40371,Unitaed Arab Emirates
6718,41412,india
6719,28266,canada
6720,14345,australia
6721,27644,Unitaed Arab Emirates
6722,17047,canada
6723,10231,United Kingdom
6724,19148,United States
6725,47497,canada
6726,29920,United Kingdom
6727,14314,Unitaed Arab Emirates
6728,35272,United States
6729,26690,india
6730,32232,canada
6731,24104,United Kingdom
6732,27786,Unitaed Arab Emirates
6733,30760,canada
6734,32193,india
6735,32414,germany
6736,24854,india
6737,22893,canada
6738,48271,canada
6739,37685,Unitaed Arab Emirates
6740,21062,australia
6741,11484,germany
6742,36990,canada
6743,29760,india
6744,16326,india
6745,43234,australia
6746,14933,canada
6747,15187,australia
6748,49780,canada
6749,28183,Unitaed Arab Emirates
6750,27399,india
6751,16238,United Kingdom
6752,36324,United Kingdom
6753,42667,United Kingdom
6754,16047,germany
6755,16589,canada
6756,22805,germany
6757,11344,United Kingdom
6758,30501,india
6759,37331,australia
6760,17539,Unitaed Arab Emirates
6761,40262,india
6762,31732,Unitaed Arab Emirates
6763,23225,United Kingdom
6764,49859,Unitaed Arab Emirates
6765,36496,United States
6766,28856,australia
6767,10958,germany
6768,37863,Unitaed Arab Emirates
6769,27872,australia
6770,31151,australia
6771,28317,australia
6772,23584,australia
6773,48495,United States
6774,36592,germany
6775,32136,australia
6776,47742,Unitaed Arab Emirates
6777,30321,australia
6778,46029,Unitaed Arab Emirates
6779,41777,india
6780,38858,canada
6781,48336,australia
6782,14768,australia
6783,21886,canada
6784,15177,india
6785,41761,United Kingdom
6786,18046,germany
6787,41883,Unitaed Arab Emirates
6788,16601,United States
6789,29073,United Kingdom
6790,14581,australia
6791,49802,australia
6792,39698,germany
6793,19444,United States
6794,15080,germany
6795,47206,germany
6796,13128,Unitaed Arab Emirates
6797,32206,Unitaed Arab Emirates
6798,40450,Unitaed Arab Emirates
6799,22581,india
6800,37482,australia
6801,22105,australia
6802,38361,canada
6803,31052,United States
6804,21960,United States
6805,35503,canada
6806,13103,india
6807,48634,United States
6808,15530,australia
6809,37020,United Kingdom
6810,13088,canada
6811,15171,australia
6812,14465,australia
6813,34739,india
6814,39998,United States
6815,49361,india
6816,38575,india
6817,33071,germany
6818,37333,germany
6819,10350,Unitaed Arab Emirates
6820,16522,australia
6821,45320,australia
6822,17551,United States
6823,43819,australia
6824,20870,United Kingdom
6825,13558,australia
6826,18298,United States
6827,19460,germany
6828,35316,germany
6829,17653,germany
6830,10022,australia
6831,38669,United States
6832,47563,United States
6833,32169,canada
6834,45522,canada
6835,27011,canada
6836,29651,germany
6837,46526,germany
6838,12020,india
6839,13530,india
6840,28890,Unitaed Arab Emirates
6841,21747,germany
6842,35304,Unitaed Arab Emirates
6843,26857,india
6844,43373,Unitaed Arab Emirates
6845,35818,United States
6846,48451,australia
6847,23669,canada
6848,17404,United Kingdom
6849,46522,canada
6850,30754,australia
6851,46646,india
6852,46511,australia
6853,14847,india
6854,48446,india
6855,42140,india
6856,48865,canada
6857,14053,Unitaed Arab Emirates
6858,10709,australia
6859,10922,United States
6860,46167,United Kingdom
6861,43175,australia
6862,46360,United Kingdom
6863,22790,india
6864,36364,United States
6865,30343,canada
6866,41142,United Kingdom
6867,11490,Unitaed Arab Emirates
6868,24582,canada
6869,38426,United States
6870,27865,australia
6871,44048,india
6872,40288,United States
6873,42378,Unitaed Arab Emirates
6874,41723,United States
6875,26178,india
6876,47622,germany
6877,18055,australia
6878,34687,india
6879,18393,india
6880,31136,United States
6881,27915,Unitaed Arab Emirates
6882,19581,Unitaed Arab Emirates
6883,26081,United Kingdom
6884,28001,germany
6885,47922,United States
6886,34940,germany
6887,21016,Unitaed Arab Emirates
6888,27756,canada
6889,21049,United States
6890,12237,United Kingdom
6891,14444,india
6892,30852,United States
6893,15758,United Kingdom
6894,46344,United Kingdom
6895,30359,United Kingdom
6896,19176,india
6897,39658,australia
6898,27910,germany
6899,37948,United States
6900,11036,australia
6901,36678,Unitaed Arab Emirates
6902,12230,australia
6903,27426,canada
6904,38680,india
6905,16168,germany
6906,44097,germany
6907,13655,canada
6908,48309,United States
6909,46673,canada
6910,11080,Unitaed Arab Emirates
6911,21797,Unitaed Arab Emirates
6912,46018,United States
6913,12115,australia
6914,29951,United Kingdom
6915,47888,United Kingdom
6916,18239,United States
6917,27824,india
6918,21927,Unitaed Arab Emirates
6919,32456,Unitaed Arab Emirates
6920,20175,india
6921,34930,United States
6922,25345,india
6923,44685,india
6924,49537,United States
6925,21194,india
6926,20088,india
6927,33728,Unitaed Arab Emirates
6928,27937,australia
6929,29194,canada
6930,24776,Unitaed Arab Emirates
6931,30456,india
6932,27447,Unitaed Arab Emirates
6933,44160,United Kingdom
6934,15015,germany
6935,45629,australia
6936,23895,United Kingdom
6937,40496,germany
6938,22792,india
6939,25430,australia
6940,49130,australia
6941,16308,canada
6942,13584,United States
6943,41088,Unitaed Arab Emirates
6944,13519,United Kingdom
6945,19597,germany
6946,12013,United States
6947,43215,Unitaed Arab Emirates
6948,28104,United States
6949,38443,australia
6950,30477,United States
6951,10033,United States
6952,11403,canada
6953,13219,germany
6954,18077,india
6955,12710,australia
6956,36178,Unitaed Arab Emirates
6957,42487,United States
6958,48438,canada
6959,31602,United States
6960,38288,india
6961,40714,india
6962,13602,india
6963,32488,United States
6964,14096,germany
6965,45102,United States
6966,16116,india
6967,25539,australia
6968,39610,canada
6969,11279,india
6970,47717,india
6971,10049,germany
6972,48419,germany
6973,37240,australia
6974,46814,canada
6975,26449,australia
6976,16539,germany
6977,14223,canada
6978,15302,Unitaed Arab Emirates
6979,38615,United Kingdom
6980,29272,United Kingdom
6981,31241,australia
6982,43434,australia
6983,40798,germany
6984,15138,india
6985,23533,United States
6986,43385,australia
6987,23944,canada
6988,22185,australia
6989,12444,United States
6990,20514,australia
6991,30617,germany
6992,11350,germany
6993,32634,United Kingdom
6994,20269,india
6995,10608,germany
6996,21121,australia
6997,49834,australia
6998,45157,india
6999,10167,Unitaed Arab Emirates
7000,49543,Unitaed Arab Emirates
7001,13256,Unitaed Arab Emirates
7002,12479,australia
7003,33975,australia
7004,37010,United States
7005,45584,United States
7006,18982,canada
7007,46769,canada
7008,20640,United Kingdom
7009,17740,australia
7010,35702,canada
7011,48794,United Kingdom
7012,31134,canada
7013,21353,australia
7014,21381,australia
7015,27616,United Kingdom
7016,39638,australia
7017,14728,canada
7018,28384,canada
7019,40089,United Kingdom
7020,32390,germany
7021,12190,india
7022,12015,canada
7023,26546,australia
7024,10030,Unitaed Arab Emirates
7025,34389,United Kingdom
7026,28559,australia
7027,31449,United States
7028,27231,United Kingdom
7029,34276,india
7030,39416,canada
7031,17977,United Kingdom
7032,47100,australia
7033,24294,australia
7034,19204,United Kingdom
7035,29408,india
7036,45838,australia
7037,32352,australia
7038,23654,australia
7039,33704,india
7040,27119,United Kingdom
7041,18133,United Kingdom
7042,26037,india
7043,32205,germany
7044,32060,australia
7045,26079,australia
7046,26479,United Kingdom
7047,39458,india
7048,47156,Unitaed Arab Emirates
7049,21498,germany
7050,30820,germany
7051,18910,canada
7052,33758,Unitaed Arab Emirates
7053,41884,canada
7054,25265,United States
7055,30065,canada
7056,49958,Unitaed Arab Emirates
7057,42505,germany
7058,21411,germany
7059,42697,germany
7060,25162,United Kingdom
7061,16035,United Kingdom
7062,32510,australia
7063,16128,india
7064,36841,United Kingdom
7065,48746,australia
7066,24817,United Kingdom
7067,30444,canada
7068,12984,canada
7069,29180,United States
7070,15444,australia
7071,47699,germany
7072,30310,canada
7073,13808,canada
7074,18680,United States
7075,33327,canada
7076,29097,Unitaed Arab Emirates
7077,16118,canada
7078,48481,canada
7079,38536,india
7080,24707,Unitaed Arab Emirates
7081,34975,india
7082,22596,United States
7083,46867,United Kingdom
7084,36143,Unitaed Arab Emirates
7085,13817,canada
7086,36849,australia
7087,19317,india
7088,32284,india
7089,46091,United Kingdom
7090,21691,india
7091,31003,Unitaed Arab Emirates
7092,25850,Unitaed Arab Emirates
7093,28038,Unitaed Arab Emirates
7094,10241,australia
7095,14332,germany
7096,45837,canada
7097,23398,germany
7098,47073,United Kingdom
7099,35363,United Kingdom
7100,28660,Unitaed Arab Emirates
7101,22745,india
7102,45369,india
7103,20023,United States
7104,24216,United Kingdom
7105,34961,india
7106,40107,australia
7107,44179,canada
7108,19417,Unitaed Arab Emirates
7109,27224,india
7110,40451,United States
7111,10234,australia
7112,25317,india
7113,32463,United Kingdom
7114,27192,india
7115,15159,canada
7116,38662,Unitaed Arab Emirates
7117,48452,australia
7118,10066,Unitaed Arab Emirates
7119,23985,Unitaed Arab Emirates
7120,18187,United Kingdom
7121,32337,Unitaed Arab Emirates
7122,22169,United States
7123,20665,Unitaed Arab Emirates
7124,14304,United Kingdom
7125,44778,United States
7126,44656,germany
7127,41765,canada
7128,26752,Unitaed Arab Emirates
7129,11762,india
7130,27377,canada
7131,27571,United Kingdom
7132,10002,australia
7133,37765,india
7134,10763,india
7135,34841,United States
7136,45250,germany
7137,29224,india
7138,31730,canada
7139,28807,australia
7140,31765,india
7141,36989,Unitaed Arab Emirates
7142,23054,germany
7143,48817,india
7144,15997,Unitaed Arab Emirates
7145,16786,canada
7146,31722,germany
7147,21084,australia
7148,31418,canada
7149,40789,United Kingdom
7150,13661,United Kingdom
7151,12564,United Kingdom
7152,14927,Unitaed Arab Emirates
7153,44220,United States
7154,16179,canada
7155,27288,germany
7156,12454,canada
7157,46828,United Kingdom
7158,33872,germany
7159,34120,india
7160,44369,india
7161,39315,germany
7162,39084,germany
7163,13675,canada
7164,22049,germany
7165,43773,canada
7166,21845,United States
7167,32960,United Kingdom
7168,26230,canada
7169,28517,india
7170,28074,Unitaed Arab Emirates
7171,27607,australia
7172,47738,australia
7173,28587,canada
7174,19089,australia
7175,17882,germany
7176,36445,australia
7177,41820,United Kingdom
7178,26555,canada
7179,44197,germany
7180,32201,australia
7181,29817,United Kingdom
7182,45967,australia
7183,42266,United States
7184,27743,australia
7185,40914,Unitaed Arab Emirates
7186,26483,canada
7187,21159,germany
7188,23966,germany
7189,37203,United States
7190,41797,germany
7191,36865,germany
7192,32574,Unitaed Arab Emirates
7193,47880,Unitaed Arab Emirates
7194,28115,australia
7195,11580,australia
7196,45994,germany
7197,36572,india
7198,28236,Unitaed Arab Emirates
7199,26465,germany
7200,33576,germany
7201,15301,United States
7202,35773,germany
7203,45880,United Kingdom
7204,49356,United Kingdom
7205,33946,United States
7206,15381,United Kingdom
7207,44872,australia
7208,27328,australia
7209,34469,United States
7210,18770,australia
7211,19106,australia
7212,34737,United States
7213,10774,australia
7214,33055,canada
7215,35765,india
7216,42648,Unitaed Arab Emirates
7217,10545,australia
7218,16395,australia
7219,24501,United Kingdom
7220,36991,india
7221,13388,germany
7222,20821,canada
7223,10571,india
7224,28124,United States
7225,46695,Unitaed Arab Emirates
7226,26731,canada
7227,29049,United Kingdom
7228,14592,canada
7229,41230,germany
7230,26599,india
7231,49381,canada
7232,18477,United States
7233,13059,india
7234,48306,germany
7235,44493,United States
7236,25410,germany
7237,47334,Unitaed Arab Emirates
7238,21495,germany
7239,17857,Unitaed Arab Emirates
7240,17826,germany
7241,23791,australia
7242,14533,australia
7243,29706,United States
7244,35230,germany
7245,47369,germany
7246,29337,india
7247,28492,australia
7248,43972,india
7249,46850,australia
7250,32840,germany
7251,38638,Unitaed Arab Emirates
7252,10711,canada
7253,19104,india
7254,15710,United Kingdom
7255,40351,Unitaed Arab Emirates
7256,25977,canada
7257,13834,Unitaed Arab Emirates
7258,49978,india
7259,34996,australia
7260,15804,canada
7261,17733,United Kingdom
7262,43020,germany
7263,19190,United States
7264,24122,germany
7265,15827,australia
7266,18484,United Kingdom
7267,37357,india
7268,17552,United States
7269,11444,australia
7270,32406,United States
7271,34288,Unitaed Arab Emirates
7272,17793,Unitaed Arab Emirates
7273,16677,United Kingdom
7274,35498,United Kingdom
7275,23268,United States
7276,20634,United Kingdom
7277,14378,australia
7278,28046,australia
7279,10998,Unitaed Arab Emirates
7280,38757,United Kingdom
7281,17830,canada
7282,28908,germany
7283,16735,Unitaed Arab Emirates
7284,42898,india
7285,43954,United States
7286,33599,germany
7287,34373,Unitaed Arab Emirates
7288,21004,india
7289,39219,Unitaed Arab Emirates
7290,12150,germany
7291,33226,United Kingdom
7292,24144,australia
7293,36289,canada
7294,30906,canada
7295,22458,Unitaed Arab Emirates
7296,48576,india
7297,37994,Unitaed Arab Emirates
7298,17892,india
7299,15553,germany
7300,29988,United Kingdom
7301,37223,germany
7302,38172,United Kingdom
7303,41145,United Kingdom
7304,17154,australia
7305,25479,United States
7306,30366,United Kingdom
7307,10177,india
7308,20802,United Kingdom
7309,47281,United Kingdom
7310,17774,australia
7311,19788,United Kingdom
7312,23749,canada
7313,41127,germany
7314,11300,india
7315,33862,india
7316,49441,Unitaed Arab Emirates
7317,40591,australia
7318,47055,United Kingdom
7319,24384,australia
7320,31410,United States
7321,36348,germany
7322,46573,australia
7323,40973,germany
7324,34632,United States
7325,26621,canada
7326,10732,United States
7327,32547,canada
7328,30273,Unitaed Arab Emirates
7329,39487,United States
7330,21575,germany
7331,12424,india
7332,48951,canada
7333,26469,australia
7334,44784,australia
7335,40585,United States
7336,21678,canada
7337,30098,Unitaed Arab Emirates
7338,25002,germany
7339,38389,United States
7340,28792,canada
7341,32702,Unitaed Arab Emirates
7342,16971,United Kingdom
7343,29235,india
7344,44165,Unitaed Arab Emirates
7345,20157,United States
7346,46924,United Kingdom
7347,11530,germany
7348,17985,United Kingdom
7349,17342,india
7350,40119,australia
7351,31631,australia
7352,27733,india
7353,29231,United Kingdom
7354,10626,germany
7355,48729,canada
7356,41143,germany
7357,37521,australia
7358,24259,australia
7359,29441,canada
7360,15867,germany
7361,39114,australia
7362,33589,india
7363,21023,United Kingdom
7364,32391,United States
7365,38503,United States
7366,19211,United States
7367,42506,Unitaed Arab Emirates
7368,12006,canada
7369,19033,australia
7370,44971,australia
7371,41904,australia
7372,38475,germany
7373,13197,germany
7374,33790,Unitaed Arab Emirates
7375,44486,canada
7376,21524,Unitaed Arab Emirates
7377,12593,Unitaed Arab Emirates
7378,43466,canada
7379,17568,india
7380,34712,United Kingdom
7381,11225,Unitaed Arab Emirates
7382,45470,canada
7383,12228,india
7384,20648,canada
7385,14948,australia
7386,41696,australia
7387,30186,india
7388,13099,india
7389,27922,Unitaed Arab Emirates
7390,16978,australia
7391,43313,germany
7392,48700,india
7393,48971,india
7394,27772,canada
7395,24240,germany
7396,27841,germany
7397,21462,australia
7398,46071,india
7399,36029,United States
7400,33670,australia
7401,46054,canada
7402,27556,india
7403,25767,United States
7404,11711,canada
7405,48264,germany
7406,35356,United Kingdom
7407,33871,australia
7408,27412,United Kingdom
7409,45018,australia
7410,17451,india
7411,34859,india
7412,47445,Unitaed Arab Emirates
7413,46256,india
7414,13212,australia
7415,10916,United Kingdom
7416,35146,Unitaed Arab Emirates
7417,37375,germany
7418,21430,india
7419,40317,australia
7420,49037,Unitaed Arab Emirates
7421,22759,australia
7422,48810,United Kingdom
7423,39348,canada
7424,24705,United Kingdom
7425,35346,india
7426,49499,germany
7427,40726,india
7428,21539,canada
7429,13698,Unitaed Arab Emirates
7430,42969,germany
7431,14237,germany
7432,12864,india
7433,25326,india
7434,15412,United States
7435,19349,United Kingdom
7436,49195,germany
7437,42869,United States
7438,18397,india
7439,21916,United Kingdom
7440,46431,germany
7441,32678,United Kingdom
7442,43828,United Kingdom
7443,31947,india
7444,15124,United States
7445,39921,United Kingdom
7446,27946,canada
7447,29579,india
7448,41658,United Kingdom
7449,19250,Unitaed Arab Emirates
7450,35836,australia
7451,37122,germany
7452,20038,canada
7453,14412,india
7454,14398,United Kingdom
7455,38236,United States
7456,10657,canada
7457,42820,australia
7458,27492,United States
7459,43754,canada
7460,32410,australia
7461,18402,United States
7462,43543,australia
7463,43273,australia
7464,46066,United Kingdom
7465,36433,United Kingdom
7466,40731,Unitaed Arab Emirates
7467,30572,australia
7468,21105,india
7469,11951,germany
7470,12370,india
7471,48921,United Kingdom
7472,32867,india
7473,21581,germany
7474,12734,canada
7475,12256,Unitaed Arab Emirates
7476,45737,india
7477,20502,United States
7478,13969,australia
7479,36234,Unitaed Arab Emirates
7480,20807,United States
7481,44955,United States
7482,31594,Unitaed Arab Emirates
7483,26047,canada
7484,26749,australia
7485,29435,United Kingdom
7486,43551,australia
7487,49906,australia
7488,35608,australia
7489,17159,india
7490,48253,india
7491,22075,United Kingdom
7492,49826,germany
7493,11462,canada
7494,40176,United Kingdom
7495,39787,United States
7496,19413,australia
7497,39811,United Kingdom
7498,21628,United Kingdom
7499,44424,germany
7500,43899,canada
7501,41247,canada
7502,10055,australia
7503,29907,United Kingdom
7504,33943,United Kingdom
7505,29046,germany
7506,13279,canada
7507,11533,canada
7508,27046,United States
7509,30229,germany
7510,40250,germany
7511,48735,australia
7512,34291,india
7513,22516,United States
7514,25624,United Kingdom
7515,49377,United States
7516,49048,germany
7517,12004,india
7518,15434,United States
7519,47014,australia
7520,46164,australia
7521,14561,germany
7522,43831,germany
7523,11395,germany
7524,10052,canada
7525,29535,australia
7526,32054,United States
7527,45554,australia
7528,24675,india
7529,43912,australia
7530,12112,United States
7531,23751,germany
7532,43063,germany
7533,47510,canada
7534,42021,india
7535,12425,india
7536,49779,Unitaed Arab Emirates
7537,12627,india
7538,26365,United States
7539,24199,canada
7540,34002,india
7541,18701,germany
7542,17935,Unitaed Arab Emirates
7543,27845,canada
7544,16920,Unitaed Arab Emirates
7545,24261,india
7546,28383,australia
7547,44738,United Kingdom
7548,11551,australia
7549,30235,Unitaed Arab Emirates
7550,26485,United States
7551,27844,canada
7552,37422,canada
7553,35309,australia
7554,42859,germany
7555,27540,United States
7556,18696,United Kingdom
7557,40148,australia
7558,14936,canada
7559,16868,United Kingdom
7560,19125,Unitaed Arab Emirates
7561,37812,canada
7562,38985,india
7563,29088,canada
7564,30702,United States
7565,28493,australia
7566,41327,germany
7567,39295,Unitaed Arab Emirates
7568,36999,canada
7569,17072,United Kingdom
7570,18539,canada
7571,19537,india
7572,42287,United States
7573,21197,germany
7574,25754,United States
7575,18521,india
7576,46561,Unitaed Arab Emirates
7577,44013,germany
7578,45005,Unitaed Arab Emirates
7579,22376,United States
7580,34299,canada
7581,26746,United Kingdom
7582,26715,United Kingdom
7583,37544,australia
7584,16987,australia
7585,43189,australia
7586,18954,germany
7587,31674,india
7588,43016,india
7589,49092,United Kingdom
7590,21738,germany
7591,10482,United States
7592,41508,australia
7593,21424,australia
7594,30798,australia
7595,38667,United Kingdom
7596,38403,United Kingdom
7597,27133,australia
7598,44365,Unitaed Arab Emirates
7599,42221,United States
7600,42156,United States
7601,35161,germany
7602,49156,United States
7603,15576,india
7604,18206,United States
7605,36042,United States
7606,34337,australia
7607,44246,australia
7608,19574,germany
7609,45042,australia
7610,44929,Unitaed Arab Emirates
7611,29876,canada
7612,40929,United States
7613,37574,United Kingdom
7614,19196,india
7615,16754,United Kingdom
7616,37704,germany
7617,46444,india
7618,27918,canada
7619,12414,germany
7620,44086,United Kingdom
7621,12552,australia
7622,32704,canada
7623,29244,United States
7624,41537,Unitaed Arab Emirates
7625,43845,United States
7626,31823,germany
7627,12526,germany
7628,42501,United States
7629,32437,germany
7630,10745,germany
7631,23326,australia
7632,18124,Unitaed Arab Emirates
7633,15599,australia
7634,43645,Unitaed Arab Emirates
7635,47581,United States
7636,20616,germany
7637,20891,United Kingdom
7638,19654,germany
7639,39817,United Kingdom
7640,25538,germany
7641,35807,Unitaed Arab Emirates
7642,24289,canada
7643,14261,australia
7644,33592,canada
7645,38281,canada
7646,14082,germany
7647,39770,United States
7648,31983,germany
7649,13419,india
7650,40991,Unitaed Arab Emirates
7651,28401,United States
7652,30401,Unitaed Arab Emirates
7653,13037,germany
7654,27145,United States
7655,22838,australia
7656,26982,canada
7657,13743,india
7658,41966,canada
7659,16210,australia
7660,43850,United States
7661,10587,United Kingdom
7662,20999,United Kingdom
7663,46426,canada
7664,25845,Unitaed Arab Emirates
7665,20415,United Kingdom
7666,31964,canada
7667,20375,india
7668,26148,United States
7669,15913,Unitaed Arab Emirates
7670,39351,United Kingdom
7671,35935,germany
7672,42938,Unitaed Arab Emirates
7673,30608,india
7674,12108,germany
7675,25476,canada
7676,19850,canada
7677,19987,United States
7678,49384,canada
7679,45553,United States
7680,43164,germany
7681,29388,canada
7682,21961,canada
7683,18846,United Kingdom
7684,17644,canada
7685,34843,canada
7686,11092,United States
7687,19513,United States
7688,12135,canada
7689,40236,australia
7690,31305,United States
7691,10686,canada
7692,19166,germany
7693,26457,United Kingdom
7694,37716,Unitaed Arab Emirates
7695,22199,Unitaed Arab Emirates
7696,27280,india
7697,12433,germany
7698,46720,United States
7699,17452,germany
7700,12169,india
7701,43590,United States
7702,36787,United States
7703,21526,Unitaed Arab Emirates
7704,12139,india
7705,38425,United Kingdom
7706,12649,United Kingdom
7707,49821,Unitaed Arab Emirates
7708,44432,United Kingdom
7709,45300,canada
7710,13718,Unitaed Arab Emirates
7711,17444,india
7712,46783,germany
7713,32360,United States
7714,16611,australia
7715,39105,Unitaed Arab Emirates
7716,43843,United Kingdom
7717,44243,india
7718,39853,United Kingdom
7719,49713,United Kingdom
7720,47725,germany
7721,30288,germany
7722,23627,United States
7723,38807,india
7724,10448,canada
7725,10068,germany
7726,33480,United States
7727,14908,United States
7728,38208,Unitaed Arab Emirates
7729,17369,germany
7730,44508,germany
7731,38308,United Kingdom
7732,36595,United Kingdom
7733,46660,canada
7734,24252,india
7735,48811,canada
7736,37628,United States
7737,41050,canada
7738,43018,canada
7739,45164,australia
7740,42891,india
7741,22921,india
7742,19020,australia
7743,36010,Unitaed Arab Emirates
7744,39589,australia
7745,44845,Unitaed Arab Emirates
7746,26979,canada
7747,45854,United States
7748,33348,canada
7749,44512,United Kingdom
7750,42790,canada
7751,14972,australia
7752,26015,india
7753,34538,india
7754,41830,india
7755,10262,india
7756,25142,United States
7757,22336,india
7758,32695,Unitaed Arab Emirates
7759,32455,germany
7760,26597,germany
7761,19857,Unitaed Arab Emirates
7762,13478,Unitaed Arab Emirates
7763,26248,germany
7764,45565,germany
7765,45159,United States
7766,31749,australia
7767,48529,Unitaed Arab Emirates
7768,17216,india
7769,37301,United States
7770,44718,india
7771,10847,United States
7772,31886,australia
7773,14153,canada
7774,18571,india
7775,40456,india
7776,10065,Unitaed Arab Emirates
7777,24301,australia
7778,27181,germany
7779,20008,australia
7780,41474,india
7781,10631,australia
7782,38351,canada
7783,46026,United Kingdom
7784,49869,United States
7785,18383,United States
7786,45567,germany
7787,32109,india
7788,11149,australia
7789,29387,United Kingdom
7790,46313,germany
7791,10019,canada
7792,38276,germany
7793,10999,germany
7794,12534,canada
7795,14425,Unitaed Arab Emirates
7796,16328,United States
7797,18526,australia
7798,28894,germany
7799,48820,Unitaed Arab Emirates
7800,20242,United Kingdom
7801,24275,Unitaed Arab Emirates
7802,19748,Unitaed Arab Emirates
7803,49911,United States
7804,35364,india
7805,17370,canada
7806,29490,United Kingdom
7807,40749,australia
7808,31302,United States
7809,20496,United States
7810,14303,australia
7811,44380,germany
7812,39082,Unitaed Arab Emirates
7813,34016,australia
7814,13464,germany
7815,33364,germany
7816,31610,germany
7817,16215,canada
7818,45438,United Kingdom
7819,37128,india
7820,32241,Unitaed Arab Emirates
7821,49070,canada
7822,48037,United Kingdom
7823,30493,canada
7824,13066,germany
7825,21902,canada
7826,21992,germany
7827,22753,canada
7828,33630,Unitaed Arab Emirates
7829,24061,australia
7830,24512,Unitaed Arab Emirates
7831,48654,australia
7832,36432,Unitaed Arab Emirates
7833,22419,United States
7834,25651,australia
7835,38338,germany
7836,33929,canada
7837,22631,australia
7838,41204,United States
7839,44323,canada
7840,32073,australia
7841,48461,United States
7842,24235,Unitaed Arab Emirates
7843,10045,Unitaed Arab Emirates
7844,20126,Unitaed Arab Emirates
7845,48492,australia
7846,43748,germany
7847,31931,United Kingdom
7848,13294,canada
7849,40925,United States
7850,17729,canada
7851,46811,United Kingdom
7852,20202,United Kingdom
7853,16951,australia
7854,26636,germany
7855,16296,United States
7856,24026,United States
7857,28586,Unitaed Arab Emirates
7858,43038,australia
7859,40204,india
7860,29523,australia
7861,20371,Unitaed Arab Emirates
7862,38329,canada
7863,38429,australia
7864,13623,india
7865,31378,australia
7866,19294,india
7867,10750,United Kingdom
7868,34123,australia
7869,18014,canada
7870,39259,United Kingdom
7871,22392,germany
7872,43096,germany
7873,24643,canada
7874,30271,United Kingdom
7875,25386,United States
7876,20962,india
7877,22131,india
7878,45861,india
7879,16953,United Kingdom
7880,37500,australia
7881,23856,india
7882,27004,United Kingdom
7883,48958,india
7884,19823,United States
7885,41609,United States
7886,14935,United States
7887,40514,United States
7888,19752,canada
7889,26270,germany
7890,49481,United States
7891,32458,australia
7892,38693,germany
7893,26237,United Kingdom
7894,30853,india
7895,43795,india
7896,19024,germany
7897,21585,australia
7898,17672,United Kingdom
7899,48200,india
7900,18043,United Kingdom
7901,15192,australia
7902,29217,canada
7903,45829,germany
7904,49796,germany
7905,37368,germany
7906,29627,Unitaed Arab Emirates
7907,44492,United Kingdom
7908,43322,germany
7909,34579,germany
7910,44052,canada
7911,22260,germany
7912,31360,germany
7913,25929,Unitaed Arab Emirates
7914,39081,Unitaed Arab Emirates
7915,40984,germany
7916,34663,germany
7917,22386,United States
7918,31487,australia
7919,10216,canada
7920,49321,United Kingdom
7921,39910,india
7922,47480,australia
7923,17194,United Kingdom
7924,43973,Unitaed Arab Emirates
7925,45410,United Kingdom
7926,32757,United Kingdom
7927,37423,United States
7928,22817,australia
7929,46123,United States
7930,38742,Unitaed Arab Emirates
7931,44932,United States
7932,26983,United States
7933,35435,United Kingdom
7934,37257,United States
7935,25939,canada
7936,33564,australia
7937,46678,United Kingdom
7938,21773,United States
7939,23334,canada
7940,38701,india
7941,21632,australia
7942,32204,canada
7943,23932,canada
7944,11376,Unitaed Arab Emirates
7945,35147,canada
7946,22353,United States
7947,31043,australia
7948,10725,Unitaed Arab Emirates
7949,16269,United Kingdom
7950,27589,germany
7951,38543,Unitaed Arab Emirates
7952,42411,germany
7953,40385,india
7954,16673,United States
7955,39856,australia
7956,24222,india
7957,48910,United States
7958,45749,canada
7959,38421,india
7960,31690,australia
7961,42097,germany
7962,36066,United Kingdom
7963,45056,germany
7964,32240,india
7965,14008,United Kingdom
7966,25954,Unitaed Arab Emirates
7967,35038,australia
7968,15193,india
7969,17734,australia
7970,34305,United Kingdom
7971,40539,australia
7972,35163,canada
7973,48520,United Kingdom
7974,33360,india
7975,45542,australia
7976,43243,india
7977,30724,United Kingdom
7978,20931,germany
7979,30967,australia
7980,39424,United States
7981,15023,United States
7982,39700,Unitaed Arab Emirates
7983,46334,india
7984,32744,Unitaed Arab Emirates
7985,27732,india
7986,15000,United States
7987,39756,United Kingdom
7988,47982,australia
7989,23859,india
7990,28830,australia
7991,19792,germany
7992,29461,germany
7993,32439,india
7994,18098,germany
7995,20428,United States
7996,31139,germany
7997,22315,australia
7998,18326,United States
7999,38976,canada
8000,21543,germany
8001,17062,australia
8002,39563,United States
8003,42580,germany
8004,21866,germany
8005,20219,germany
8006,17986,Unitaed Arab Emirates
8007,19535,australia
8008,33657,United Kingdom
8009,49164,australia
8010,29511,United Kingdom
8011,33455,United States
8012,34982,United States
8013,48344,germany
8014,23788,germany
8015,33380,Unitaed Arab Emirates
8016,43130,canada
8017,13801,United Kingdom
8018,10211,australia
8019,14796,Unitaed Arab Emirates
8020,33404,canada
8021,12661,india
8022,36036,germany
8023,22430,United States
8024,21548,india
8025,27477,Unitaed Arab Emirates
8026,44319,Unitaed Arab Emirates
8027,19525,canada
8028,35862,United Kingdom
8029,30539,australia
8030,44311,india
8031,15721,Unitaed Arab Emirates
8032,27956,canada
8033,28385,germany
8034,27491,Unitaed Arab Emirates
8035,18175,United States
8036,47088,United States
8037,38950,Unitaed Arab Emirates
8038,31896,australia
8039,40373,india
8040,38460,Unitaed Arab Emirates
8041,29631,United States
8042,21263,australia
8043,13856,United States
8044,48060,United Kingdom
8045,28782,United States
8046,39376,australia
8047,26368,germany
8048,25076,canada
8049,47990,australia
8050,28563,United States
8051,11312,india
8052,39129,Unitaed Arab Emirates
8053,38605,United States
8054,29556,United States
8055,29476,germany
8056,36815,Unitaed Arab Emirates
8057,29016,United States
8058,30647,Unitaed Arab Emirates
8059,15628,canada
8060,30887,United Kingdom
8061,18692,United States
8062,25171,india
8063,29512,United States
8064,12294,canada
8065,25019,germany
8066,13914,germany
8067,39743,Unitaed Arab Emirates
8068,33372,australia
8069,26282,australia
8070,34621,United Kingdom
8071,26358,Unitaed Arab Emirates
8072,41863,australia
8073,45899,australia
8074,23891,Unitaed Arab Emirates
8075,35525,canada
8076,21760,germany
8077,37297,india
8078,46566,United Kingdom
8079,31621,australia
8080,24572,United States
8081,41867,canada
8082,37910,United States
8083,40889,United States
8084,29701,Unitaed Arab Emirates
8085,30428,United Kingdom
8086,26244,United Kingdom
8087,47035,germany
8088,31102,Unitaed Arab Emirates
8089,31198,United Kingdom
8090,36961,australia
8091,17237,germany
8092,29640,india
8093,47241,Unitaed Arab Emirates
8094,17179,australia
8095,43185,canada
8096,32858,australia
8097,10982,Unitaed Arab Emirates
8098,32807,india
8099,27522,United Kingdom
8100,27214,germany
8101,41454,United States
8102,23492,United States
8103,17632,Unitaed Arab Emirates
8104,25387,Unitaed Arab Emirates
8105,30672,australia
8106,49873,Unitaed Arab Emirates
8107,48143,Unitaed Arab Emirates
8108,36544,australia
8109,34174,australia
8110,12471,canada
8111,39377,Unitaed Arab Emirates
8112,49002,Unitaed Arab Emirates
8113,49056,United States
8114,30721,canada
8115,31534,United States
8116,35348,Unitaed Arab Emirates
8117,31563,United States
8118,21864,australia
8119,22178,germany
8120,22388,United States
8121,20872,United States
8122,11778,germany
8123,35164,canada
8124,10272,United Kingdom
8125,11501,germany
8126,20297,india
8127,23270,Unitaed Arab Emirates
8128,13576,india
8129,24626,germany
8130,11281,germany
8131,27653,canada
8132,21676,germany
8133,35727,Unitaed Arab Emirates
8134,38947,United States
8135,20657,australia
8136,12254,germany
8137,44343,india
8138,35408,canada
8139,22094,germany
8140,22447,United States
8141,24145,Unitaed Arab Emirates
8142,38767,United Kingdom
8143,24760,germany
8144,13187,canada
8145,24034,Unitaed Arab Emirates
8146,28265,United Kingdom
8147,40620,india
8148,26356,Unitaed Arab Emirates
8149,44651,United States
8150,33740,United States
8151,32335,germany
8152,16870,United States
8153,12162,United States
8154,16582,india
8155,39581,canada
8156,34421,Unitaed Arab Emirates
8157,12982,Unitaed Arab Emirates
8158,35451,india
8159,34255,United States
8160,13515,Unitaed Arab Emirates
8161,43354,United Kingdom
8162,13622,australia
8163,33799,india
8164,40649,United States
8165,29854,United Kingdom
8166,22201,australia
8167,13470,india
8168,35858,United Kingdom
8169,16900,australia
8170,40705,United Kingdom
8171,18582,United Kingdom
8172,16132,United Kingdom
8173,45405,india
8174,49026,Unitaed Arab Emirates
8175,37266,india
8176,30488,india
8177,24453,india
8178,13538,canada
8179,12747,United Kingdom
8180,28058,Unitaed Arab Emirates
8181,34700,india
8182,41047,germany
8183,23304,United Kingdom
8184,12865,United States
8185,34834,germany
8186,21860,india
8187,49794,Unitaed Arab Emirates
8188,21325,United States
8189,43914,Unitaed Arab Emirates
8190,31068,australia
8191,36895,germany
8192,21532,United States
8193,10892,United Kingdom
8194,46391,Unitaed Arab Emirates
8195,43127,canada
8196,32144,United Kingdom
8197,24371,canada
8198,32648,canada
8199,16335,australia
8200,21739,United States
8201,27950,Unitaed Arab Emirates
8202,43247,india
8203,47660,United Kingdom
8204,33942,india
8205,17097,canada
8206,43867,Unitaed Arab Emirates
8207,24302,germany
8208,35051,australia
8209,27300,Unitaed Arab Emirates
8210,47512,germany
8211,48882,Unitaed Arab Emirates
8212,21013,Unitaed Arab Emirates
8213,18894,germany
8214,26501,United States
8215,29647,india
8216,14667,australia
8217,38784,United States
8218,43814,United Kingdom
8219,38910,germany
8220,48150,germany
8221,30187,United Kingdom
8222,35181,United Kingdom
8223,15419,germany
8224,43330,india
8225,16460,india
8226,48706,canada
8227,30384,germany
8228,18211,United Kingdom
8229,30344,india
8230,19515,india
8231,13541,india
8232,45925,india
8233,21932,australia
8234,16548,United Kingdom
8235,49945,germany
8236,11314,Unitaed Arab Emirates
8237,28810,United Kingdom
8238,38529,United States
8239,18429,Unitaed Arab Emirates
8240,18376,Unitaed Arab Emirates
8241,17887,United Kingdom
8242,44553,canada
8243,17490,germany
8244,47345,Unitaed Arab Emirates
8245,10361,germany
8246,35091,australia
8247,48633,india
8248,34905,Unitaed Arab Emirates
8249,32796,United Kingdom
8250,13141,Unitaed Arab Emirates
8251,30123,germany
8252,26676,germany
8253,48798,United States
8254,26743,canada
8255,11609,Unitaed Arab Emirates
8256,44333,United States
8257,44688,United Kingdom
8258,31097,United States
8259,32303,United States
8260,18766,United Kingdom
8261,10396,Unitaed Arab Emirates
8262,41140,United States
8263,14497,United States
8264,44279,germany
8265,20285,canada
8266,12692,Unitaed Arab Emirates
8267,12032,germany
8268,49756,india
8269,37328,canada
8270,17639,United Kingdom
8271,14252,germany
8272,20668,india
8273,15077,United States
8274,37475,australia
8275,11275,United Kingdom
8276,38938,india
8277,42562,Unitaed Arab Emirates
8278,42826,india
8279,30307,canada
8280,27000,australia
8281,40254,germany
8282,13671,germany
8283,11342,United Kingdom
8284,47520,india
8285,47700,india
8286,43791,india
8287,49733,india
8288,37662,australia
8289,34713,United Kingdom
8290,35438,australia
8291,39452,australia
8292,10592,india
8293,28731,United States
8294,44210,Unitaed Arab Emirates
8295,41936,germany
8296,13325,canada
8297,49415,australia
8298,18993,germany
8299,25153,Unitaed Arab Emirates
8300,20549,United Kingdom
8301,21487,United Kingdom
8302,44815,australia
8303,10130,canada
8304,29451,United States
8305,29735,india
8306,12332,Unitaed Arab Emirates
8307,10736,australia
8308,46615,canada
8309,48523,United Kingdom
8310,10935,Unitaed Arab Emirates
8311,34514,australia
8312,17567,United States
8313,44111,United Kingdom
8314,10364,Unitaed Arab Emirates
8315,36339,Unitaed Arab Emirates
8316,23616,australia
8317,24840,australia
8318,21924,Unitaed Arab Emirates
8319,38668,Unitaed Arab Emirates
8320,36541,australia
8321,29775,india
8322,41211,india
8323,46282,Unitaed Arab Emirates
8324,42647,canada
8325,31045,United Kingdom
8326,25886,india
8327,35395,canada
8328,44482,india
8329,10515,United States
8330,15220,United Kingdom
8331,48017,Unitaed Arab Emirates
8332,34515,australia
8333,22322,Unitaed Arab Emirates
8334,16142,canada
8335,40873,india
8336,21665,australia
8337,29519,india
8338,15071,germany
8339,48710,india
8340,41720,Unitaed Arab Emirates
8341,19468,australia
8342,12962,United States
8343,40734,germany
8344,22627,germany
8345,10588,United States
8346,28429,india
8347,32238,United States
8348,45993,australia
8349,40740,United States
8350,21228,United States
8351,47532,Unitaed Arab Emirates
8352,49855,United States
8353,30437,india
8354,14464,Unitaed Arab Emirates
8355,45474,Unitaed Arab Emirates
8356,22158,United States
8357,17166,india
8358,22646,Unitaed Arab Emirates
8359,44408,United States
8360,28034,Unitaed Arab Emirates
8361,24367,germany
8362,36981,United Kingdom
8363,18253,canada
8364,21641,germany
8365,32113,United States
8366,22739,United States
8367,25443,germany
8368,25341,United States
8369,44460,germany
8370,26740,United States
8371,24466,germany
8372,28008,india
8373,24260,australia
8374,25288,india
8375,47734,germany
8376,21364,United States
8377,34444,germany
8378,37877,Unitaed Arab Emirates
8379,12570,Unitaed Arab Emirates
8380,26476,Unitaed Arab Emirates
8381,20392,australia
8382,42166,canada
8383,22641,Unitaed Arab Emirates
8384,35454,Unitaed Arab Emirates
8385,31087,australia
8386,44664,Unitaed Arab Emirates
8387,35558,canada
8388,45732,germany
8389,41128,australia
8390,19302,Unitaed Arab Emirates
8391,16354,United States
8392,34452,United States
8393,34958,germany
8394,36123,United Kingdom
8395,45686,United Kingdom
8396,31508,germany
8397,23387,india
8398,24339,Unitaed Arab Emirates
8399,29927,germany
8400,48880,germany
8401,12082,india
8402,23553,australia
8403,46495,Unitaed Arab Emirates
8404,15003,india
8405,45626,Unitaed Arab Emirates
8406,10726,india
8407,26720,United Kingdom
8408,29986,canada
8409,48851,United Kingdom
8410,16226,Unitaed Arab Emirates
8411,20557,United Kingdom
8412,14970,United Kingdom
8413,16822,Unitaed Arab Emirates
8414,44558,United States
8415,12881,United Kingdom
8416,15543,United Kingdom
8417,17130,United States
8418,41186,canada
8419,19205,Unitaed Arab Emirates
8420,16133,Unitaed Arab Emirates
8421,28188,india
8422,46466,australia
8423,15973,australia
8424,46125,canada
8425,26515,australia
8426,47935,United States
8427,25914,United States
8428,37228,india
8429,10992,australia
8430,48540,United States
8431,33782,canada
8432,36335,Unitaed Arab Emirates
8433,37675,Unitaed Arab Emirates
8434,12949,Unitaed Arab Emirates
8435,31725,india
8436,40071,germany
8437,35477,canada
8438,15590,United Kingdom
8439,22629,germany
8440,22894,United States
8441,13764,canada
8442,44187,Unitaed Arab Emirates
8443,15477,india
8444,48192,australia
8445,16207,canada
8446,18369,United Kingdom
8447,26618,germany
8448,10761,Unitaed Arab Emirates
8449,31790,United States
8450,11282,australia
8451,25826,United Kingdom
8452,27647,United States
8453,38150,australia
8454,32087,germany
8455,46381,United States
8456,47214,United Kingdom
8457,33493,germany
8458,13383,germany
8459,29393,canada
8460,37454,germany
8461,10029,Unitaed Arab Emirates
8462,19701,United Kingdom
8463,28477,germany
8464,27158,United States
8465,27982,United States
8466,19646,Unitaed Arab Emirates
8467,12480,australia
8468,19038,canada
8469,34782,australia
8470,29514,germany
8471,19421,United Kingdom
8472,31075,United Kingdom
8473,33052,germany
8474,12796,United States
8475,43895,canada
8476,16502,canada
8477,11287,United States
8478,31234,United Kingdom
8479,35124,germany
8480,30329,canada
8481,46697,United Kingdom
8482,46031,germany
8483,35382,United Kingdom
8484,11927,Unitaed Arab Emirates
8485,37709,australia
8486,39905,india
8487,34358,canada
8488,30365,india
8489,28129,canada
8490,38984,australia
8491,22675,australia
8492,15971,india
8493,28450,india
8494,24656,india
8495,49856,germany
8496,13268,india
8497,36529,australia
8498,45878,india
8499,29956,canada
8500,33682,United Kingdom
8501,45368,Unitaed Arab Emirates
8502,44937,Unitaed Arab Emirates
8503,43935,australia
8504,33737,india
8505,45362,United Kingdom
8506,31714,United Kingdom
8507,13104,canada
8508,43173,germany
8509,12411,United States
8510,37603,United States
8511,42447,australia
8512,34738,india
8513,21003,germany
8514,18322,canada
8515,29551,United States
8516,20509,australia
8517,48568,Unitaed Arab Emirates
8518,47650,United States
8519,36988,india
8520,44701,United Kingdom
8521,29889,United Kingdom
8522,12979,canada
8523,11346,United States
8524,12636,Unitaed Arab Emirates
8525,34620,United Kingdom
8526,10346,United States
8527,30177,germany
8528,26199,australia
8529,22934,Unitaed Arab Emirates
8530,39029,australia
8531,28729,United States
8532,25783,canada
8533,13766,germany
8534,41332,canada
8535,46846,canada
8536,47916,australia
8537,13035,australia
8538,12324,germany
8539,33136,india
8540,41422,canada
8541,40074,canada
8542,31310,canada
8543,34613,United Kingdom
8544,15825,australia
8545,33502,germany
8546,31996,canada
8547,49363,india
8548,24363,germany
8549,22989,Unitaed Arab Emirates
8550,48260,canada
8551,24138,australia
8552,49472,india
8553,33852,United Kingdom
8554,42971,canada
8555,49290,United Kingdom
8556,41621,Unitaed Arab Emirates
8557,31618,germany
8558,35619,germany
8559,30220,germany
8560,46025,india
8561,39024,canada
8562,27521,canada
8563,20753,india
8564,18737,United Kingdom
8565,35248,Unitaed Arab Emirates
8566,41325,canada
8567,35335,canada
8568,19536,australia
8569,41085,Unitaed Arab Emirates
8570,43287,United States
8571,18000,canada
8572,30589,india
8573,25241,United Kingdom
8574,38191,germany
8575,42306,United Kingdom
8576,39624,australia
8577,22967,india
8578,23246,canada
8579,16467,Unitaed Arab Emirates
8580,48839,germany
8581,24347,United States
8582,11822,india
8583,28408,germany
8584,25382,canada
8585,11184,United Kingdom
8586,24599,germany
8587,26763,United Kingdom
8588,42496,United States
8589,47785,india
8590,11547,australia
8591,35710,Unitaed Arab Emirates
8592,25773,germany
8593,14355,germany
8594,25157,germany
8595,25710,United Kingdom
8596,41571,United States
8597,39879,United States
8598,41304,United States
8599,17439,United Kingdom
8600,38373,United Kingdom
8601,48788,Unitaed Arab Emirates
8602,49054,Unitaed Arab Emirates
8603,14588,germany
8604,28503,india
8605,17511,United Kingdom
8606,32674,germany
8607,48225,australia
8608,21130,United States
8609,29238,Unitaed Arab Emirates
8610,29598,canada
8611,29824,United States
8612,44487,australia
8613,35413,United Kingdom
8614,27310,canada
8615,13605,United States
8616,21577,germany
8617,34517,United States
8618,23239,canada
8619,31386,Unitaed Arab Emirates
8620,27211,United States
8621,20918,canada
8622,15091,United States
8623,42776,germany
8624,23263,australia
8625,10978,canada
8626,30107,india
8627,28474,australia
8628,36423,australia
8629,29486,canada
8630,30137,germany
8631,46512,United Kingdom
8632,16930,india
8633,44556,Unitaed Arab Emirates
8634,27626,canada
8635,20199,canada
8636,16155,Unitaed Arab Emirates
8637,11363,canada
8638,21111,United Kingdom
8639,38571,australia
8640,49420,Unitaed Arab Emirates
8641,46143,germany
8642,22151,germany
8643,26251,United Kingdom
8644,15632,australia
8645,13432,United Kingdom
8646,26074,canada
8647,40763,australia
8648,48206,india
8649,24942,Unitaed Arab Emirates
8650,25653,United Kingdom
8651,33036,australia
8652,15893,United States
8653,39948,australia
8654,10307,germany
8655,19538,canada
8656,23919,United Kingdom
8657,35442,germany
8658,17809,australia
8659,48504,Unitaed Arab Emirates
8660,39986,United States
8661,34093,canada
8662,41660,india
8663,25296,germany
8664,12283,germany
8665,34518,United Kingdom
8666,35443,United States
8667,11382,United Kingdom
8668,29998,germany
8669,37438,germany
8670,19175,germany
8671,34693,United States
8672,35794,india
8673,34203,australia
8674,27427,india
8675,28889,germany
8676,21711,United States
8677,34142,australia
8678,13156,australia
8679,26959,Unitaed Arab Emirates
8680,37921,canada
8681,21039,canada
8682,43170,germany
8683,18444,canada
8684,11629,india
8685,34352,india
8686,45477,Unitaed Arab Emirates
8687,31207,United Kingdom
8688,21523,india
8689,40129,United States
8690,45427,United Kingdom
8691,15241,United Kingdom
8692,29110,Unitaed Arab Emirates
8693,14105,australia
8694,45540,india
8695,14054,canada
8696,37262,canada
8697,34261,india
8698,30382,United Kingdom
8699,42904,Unitaed Arab Emirates
8700,31170,germany
8701,40295,india
8702,41162,Unitaed Arab Emirates
8703,47539,india
8704,27920,india
8705,45092,australia
8706,19124,india
8707,22037,Unitaed Arab Emirates
8708,17260,United States
8709,49552,india
8710,24446,United States
8711,19259,germany
8712,37514,australia
8713,26594,Unitaed Arab Emirates
8714,20582,australia
8715,49272,canada
8716,37382,india
8717,27187,Unitaed Arab Emirates
8718,28531,australia
8719,25129,australia
8720,21042,canada
8721,11723,australia
8722,25595,india
8723,35407,canada
8724,38337,United States
8725,18594,United States
8726,48363,germany
8727,19809,Unitaed Arab Emirates
8728,38685,canada
8729,10269,Unitaed Arab Emirates
8730,27538,canada
8731,40468,canada
8732,42744,india
8733,32020,United Kingdom
8734,16772,United Kingdom
8735,45116,canada
8736,48826,canada
8737,14522,United Kingdom
8738,12163,australia
8739,25577,canada
8740,14163,Unitaed Arab Emirates
8741,25172,United States
8742,47254,Unitaed Arab Emirates
8743,23737,canada
8744,20853,United Kingdom
8745,36927,australia
8746,26097,india
8747,31895,germany
8748,46951,Unitaed Arab Emirates
8749,37253,Unitaed Arab Emirates
8750,48679,Unitaed Arab Emirates
8751,23964,india
8752,22912,australia
8753,47976,germany
8754,21116,australia
8755,18646,india
8756,33038,United States
8757,29630,india
8758,42689,canada
8759,32007,Unitaed Arab Emirates
8760,27534,india
8761,10648,germany
8762,43123,india
8763,12823,Unitaed Arab Emirates
8764,25581,canada
8765,37961,United States
8766,32763,germany
8767,13934,United States
8768,31998,india
8769,17085,australia
8770,17317,germany
8771,39486,australia
8772,28264,india
8773,27932,germany
8774,43149,United Kingdom
8775,44403,canada
8776,20476,india
8777,17417,United Kingdom
8778,12637,india
8779,48818,United Kingdom
8780,36021,india
8781,32329,australia
8782,42679,Unitaed Arab Emirates
8783,22592,india
8784,38000,australia
8785,22891,United States
8786,43777,india
8787,17779,germany
8788,49908,australia
8789,17824,United Kingdom
8790,48153,canada
8791,39757,germany
8792,38332,Unitaed Arab Emirates
8793,16508,india
8794,21933,australia
8795,34960,canada
8796,17536,United States
8797,32836,United States
8798,12217,india
8799,26530,australia
8800,38165,india
8801,28310,United States
8802,13754,australia
8803,39475,india
8804,16595,United States
8805,38113,germany
8806,27361,Unitaed Arab Emirates
8807,23866,Unitaed Arab Emirates
8808,14390,india
8809,16012,United States
8810,15883,United Kingdom
8811,37506,Unitaed Arab Emirates
8812,29962,india
8813,30548,United States
8814,14651,germany
8815,12956,australia
8816,48549,United Kingdom
8817,45974,germany
8818,47365,Unitaed Arab Emirates
8819,37992,United Kingdom
8820,35476,United States
8821,10659,india
8822,17805,germany
8823,10760,United Kingdom
8824,40773,United Kingdom
8825,43726,india
8826,38067,United States
8827,48608,canada
8828,14408,United Kingdom
8829,11855,australia
8830,37785,United States
8831,26738,United Kingdom
8832,15621,australia
8833,47658,india
8834,37014,germany
8835,13162,Unitaed Arab Emirates
8836,30264,australia
8837,49285,United States
8838,18395,Unitaed Arab Emirates
8839,18076,United Kingdom
8840,43908,canada
8841,36754,australia
8842,14874,Unitaed Arab Emirates
8843,14996,india
8844,31307,canada
8845,49003,australia
8846,15196,australia
8847,17917,australia
8848,10738,United Kingdom
8849,24183,United Kingdom
8850,20892,Unitaed Arab Emirates
8851,46491,australia
8852,33696,canada
8853,19301,Unitaed Arab Emirates
8854,32572,australia
8855,12164,australia
8856,49570,germany
8857,14631,germany
8858,45997,germany
8859,30898,Unitaed Arab Emirates
8860,41732,germany
8861,37951,australia
8862,33009,india
8863,43689,United Kingdom
8864,31171,canada
8865,39483,United States
8866,38115,germany
8867,32154,United States
8868,30413,United Kingdom
8869,45746,germany
8870,19279,Unitaed Arab Emirates
8871,48545,Unitaed Arab Emirates
8872,32925,germany
8873,33415,india
8874,12096,Unitaed Arab Emirates
8875,15572,United Kingdom
8876,28576,india
8877,22685,United States
8878,39442,United Kingdom
8879,31150,United States
8880,40424,germany
8881,48190,canada
8882,35003,canada
8883,29472,United Kingdom
8884,20423,United States
8885,49378,Unitaed Arab Emirates
8886,32617,germany
8887,30047,United States
8888,44749,Unitaed Arab Emirates
8889,39270,United Kingdom
8890,13217,Unitaed Arab Emirates
8891,20294,United Kingdom
8892,15816,india
8893,47449,canada
8894,35311,United States
8895,41975,Unitaed Arab Emirates
8896,25827,United Kingdom
8897,35270,canada
8898,16052,india
8899,10853,United States
8900,10247,germany
8901,25429,india
8902,32876,canada
8903,47305,germany
8904,20495,canada
8905,21963,United States
8906,12463,Unitaed Arab Emirates
8907,19177,australia
8908,16473,india
8909,13134,United States
8910,14000,United Kingdom
8911,26173,germany
8912,19612,australia
8913,33257,United States
8914,11661,Unitaed Arab Emirates
8915,17482,canada
8916,29259,india
8917,39007,germany
8918,33275,United States
8919,39532,canada
8920,22092,Unitaed Arab Emirates
8921,44931,United States
8922,29222,United Kingdom
8923,29844,germany
8924,23475,United Kingdom
8925,11816,canada
8926,25474,United Kingdom
8927,43988,india
8928,33051,germany
8929,23947,australia
8930,20253,canada
8931,45675,United Kingdom
8932,44483,india
8933,25661,australia
8934,24248,india
8935,41152,canada
8936,48878,United Kingdom
8937,26995,United States
8938,20701,United Kingdom
8939,37501,United States
8940,12670,germany
8941,25135,United Kingdom
8942,36203,canada
8943,21631,United Kingdom
8944,49932,india
8945,25516,United States
8946,41453,australia
8947,47024,india
8948,30653,United States
8949,25909,Unitaed Arab Emirates
8950,12073,canada
8951,38151,canada
8952,46138,United States
8953,12484,india
8954,49670,United States
8955,45434,india
8956,26906,United States
8957,28077,canada
8958,14183,Unitaed Arab Emirates
8959,25344,Unitaed Arab Emirates
8960,43365,australia
8961,40718,india
8962,17495,canada
8963,36734,australia
8964,28720,australia
8965,40827,australia
8966,34067,canada
8967,28098,Unitaed Arab Emirates
8968,38314,india
8969,23088,canada
8970,20976,United Kingdom
8971,13176,United States
8972,42125,United Kingdom
8973,34778,germany
8974,45666,canada
8975,38148,india
8976,27648,canada
8977,16943,germany
8978,16850,australia
8979,35813,United States
8980,41160,germany
8981,11554,canada
8982,37735,United Kingdom
8983,10671,india
8984,39720,United States
8985,22512,Unitaed Arab Emirates
8986,31697,india
8987,15237,United Kingdom
8988,36596,india
8989,33522,United States
8990,35751,United States
8991,36980,australia
8992,19474,germany
8993,10534,canada
8994,14666,australia
8995,47441,Unitaed Arab Emirates
8996,46766,canada
8997,33885,canada
8998,36415,Unitaed Arab Emirates
8999,46827,United States
9000,49819,United States
9001,48914,Unitaed Arab Emirates
9002,46463,australia
9003,43291,india
9004,40260,canada
9005,12216,United Kingdom
9006,42304,United Kingdom
9007,16336,india
9008,25573,United Kingdom
9009,31863,United Kingdom
9010,34094,india
9011,46363,germany
9012,30751,india
9013,10737,germany
9014,20984,canada
9015,29202,india
9016,23086,germany
9017,48110,australia
9018,28547,United States
9019,23248,United Kingdom
9020,29460,australia
9021,33300,canada
9022,38737,australia
9023,43216,germany
9024,24436,United Kingdom
9025,33818,india
9026,16873,Unitaed Arab Emirates
9027,16697,canada
9028,14161,United States
9029,20043,canada
9030,10119,United Kingdom
9031,22574,Unitaed Arab Emirates
9032,41791,canada
9033,20394,United States
9034,37908,india
9035,12250,United Kingdom
9036,32967,germany
9037,29621,germany
9038,32906,United Kingdom
9039,34623,india
9040,36852,germany
9041,26321,United Kingdom
9042,48162,Unitaed Arab Emirates
9043,21376,United States
9044,28276,United States
9045,27281,Unitaed Arab Emirates
9046,44506,United States
9047,35544,United Kingdom
9048,45271,australia
9049,33130,australia
9050,19662,india
9051,21822,india
9052,23252,canada
9053,37214,United Kingdom
9054,45329,Unitaed Arab Emirates
9055,47262,Unitaed Arab Emirates
9056,26350,india
9057,29987,australia
9058,16761,Unitaed Arab Emirates
9059,15844,United Kingdom
9060,18491,germany
9061,26415,United States
9062,18733,canada
9063,40516,australia
9064,24759,Unitaed Arab Emirates
9065,30524,United Kingdom
9066,34955,United States
9067,28299,germany
9068,22695,india
9069,34760,canada
9070,20257,india
9071,49546,india
9072,18591,germany
9073,38228,canada
9074,47183,india
9075,21813,Unitaed Arab Emirates
9076,16620,canada
9077,17922,United States
9078,44857,australia
9079,43001,canada
9080,26939,United Kingdom
9081,37060,United States
9082,46501,Unitaed Arab Emirates
9083,47714,canada
9084,10845,india
9085,40678,canada
9086,11319,United Kingdom
9087,24332,United Kingdom
9088,34817,canada
9089,12890,canada
9090,45393,United States
9091,15513,Unitaed Arab Emirates
9092,18644,germany
9093,41226,United Kingdom
9094,44397,australia
9095,33520,Unitaed Arab Emirates
9096,43326,Unitaed Arab Emirates
9097,11068,canada
9098,25472,india
9099,48666,canada
9100,30986,United Kingdom
9101,17810,germany
9102,11913,United States
9103,15328,canada
9104,48177,india
9105,37830,india
9106,47579,germany
9107,15327,australia
9108,40118,canada
9109,46229,United States
9110,17533,United Kingdom
9111,11459,Unitaed Arab Emirates
9112,40411,germany
9113,26840,india
9114,18168,india
9115,48298,United States
9116,10644,United States
9117,20521,australia
9118,22701,Unitaed Arab Emirates
9119,36786,australia
9120,31322,germany
9121,30640,canada
9122,30734,australia
9123,35669,Unitaed Arab Emirates
9124,12761,germany
9125,18500,United Kingdom
9126,16017,United Kingdom
9127,32342,Unitaed Arab Emirates
9128,16847,United States
9129,43197,United Kingdom
9130,10597,United States
9131,47295,australia
9132,44325,United States
9133,33173,Unitaed Arab Emirates
9134,34439,india
9135,43440,United States
9136,45622,canada
9137,27962,canada
9138,27816,australia
9139,18232,United States
9140,14479,canada
9141,29317,australia
9142,27698,United Kingdom
9143,47046,india
9144,33291,australia
9145,44663,United Kingdom
9146,21488,United Kingdom
9147,15404,United States
9148,34476,india
9149,15265,germany
9150,39569,canada
9151,46629,United States
9152,31512,Unitaed Arab Emirates
9153,14954,United Kingdom
9154,11112,Unitaed Arab Emirates
9155,26733,australia
9156,46730,australia
9157,28307,canada
9158,33712,United Kingdom
9159,15877,United States
9160,25518,United States
9161,25491,Unitaed Arab Emirates
9162,42344,Unitaed Arab Emirates
9163,40213,canada
9164,21560,india
9165,26896,canada
9166,32497,germany
9167,26566,india
9168,26258,germany
9169,44869,United Kingdom
9170,26543,Unitaed Arab Emirates
9171,40679,india
9172,15568,india
9173,29052,canada
9174,46148,australia
9175,29499,india
9176,34776,Unitaed Arab Emirates
9177,31943,india
9178,21667,india
9179,31190,Unitaed Arab Emirates
9180,19961,canada
9181,29639,canada
9182,14967,australia
9183,22182,canada
9184,29929,india
9185,32830,canada
9186,30685,india
9187,26478,canada
9188,25988,United Kingdom
9189,20441,canada
9190,39614,United Kingdom
9191,25609,australia
9192,13670,germany
9193,31028,Unitaed Arab Emirates
9194,19191,United States
9195,37813,germany
9196,19216,canada
9197,24255,United Kingdom
9198,22578,Unitaed Arab Emirates
9199,30550,United States
9200,14203,india
9201,44601,australia
9202,15384,United Kingdom
9203,36074,australia
9204,26952,germany
9205,47969,india
9206,31409,germany
9207,27676,germany
9208,39878,germany
9209,14275,india
9210,42733,india
9211,17963,germany
9212,12645,germany
9213,17837,canada
9214,25404,Unitaed Arab Emirates
9215,35107,Unitaed Arab Emirates
9216,17525,germany
9217,47087,Unitaed Arab Emirates
9218,38730,india
9219,31304,United States
9220,39077,United States
9221,48739,Unitaed Arab Emirates
9222,38119,germany
9223,16038,United Kingdom
9224,17477,india
9225,16374,United Kingdom
9226,30525,United Kingdom
9227,10751,india
9228,24491,australia
9229,45922,United States
9230,49486,india
9231,34228,india
9232,41628,United States
9233,28757,Unitaed Arab Emirates
9234,20525,australia
9235,34790,australia
9236,20063,United States
9237,39767,Unitaed Arab Emirates
9238,22644,india
9239,41097,australia
9240,36481,canada
9241,40794,australia
9242,39794,india
9243,41630,india
9244,15874,Unitaed Arab Emirates
9245,11106,canada
9246,18419,australia
9247,42427,india
9248,48787,United Kingdom
9249,31024,canada
9250,42660,australia
9251,38356,Unitaed Arab Emirates
9252,21724,australia
9253,41935,Unitaed Arab Emirates
9254,20878,canada
9255,44644,United Kingdom
9256,46800,United States
9257,12205,United States
9258,34401,india
9259,43314,germany
9260,34742,india
9261,12069,germany
9262,41331,germany
9263,39519,germany
9264,25971,canada
9265,33114,india
9266,42784,United Kingdom
9267,37282,canada
9268,12809,canada
9269,37835,United States
9270,18519,canada
9271,34921,Unitaed Arab Emirates
9272,12354,canada
9273,22463,Unitaed Arab Emirates
9274,24648,United Kingdom
9275,29834,Unitaed Arab Emirates
9276,30089,australia
9277,31643,Unitaed Arab Emirates
9278,39980,india
9279,16412,germany
9280,37429,Unitaed Arab Emirates
9281,18377,Unitaed Arab Emirates
9282,35342,germany
9283,46683,germany
9284,15341,india
9285,38161,australia
9286,33650,Unitaed Arab Emirates
9287,30040,United States
9288,32736,Unitaed Arab Emirates
9289,19851,germany
9290,44746,india
9291,24429,germany
9292,25592,canada
9293,41558,australia
9294,40961,india
9295,49009,australia
9296,42688,Unitaed Arab Emirates
9297,47442,canada
9298,46128,india
9299,30620,United Kingdom
9300,47066,india
9301,13475,Unitaed Arab Emirates
9302,49328,germany
9303,31425,germany
9304,28568,australia
9305,39593,canada
9306,37248,india
9307,12462,Unitaed Arab Emirates
9308,29616,germany
9309,34823,Unitaed Arab Emirates
9310,34430,United Kingdom
9311,41877,germany
9312,40285,australia
9313,42014,Unitaed Arab Emirates
9314,39392,canada
9315,43230,australia
9316,29347,canada
9317,15916,germany
9318,20170,United Kingdom
9319,22735,United Kingdom
9320,42348,United Kingdom
9321,36539,australia
9322,22542,australia
9323,43070,Unitaed Arab Emirates
9324,32267,india
9325,10776,United Kingdom
9326,44227,australia
9327,29770,germany
9328,49798,canada
9329,24723,india
9330,47543,india
9331,35055,United Kingdom
9332,43829,United Kingdom
9333,43055,Unitaed Arab Emirates
9334,39764,australia
9335,33618,Unitaed Arab Emirates
9336,32719,australia
9337,43911,australia
9338,19615,germany
9339,25882,india
9340,37092,canada
9341,29841,United States
9342,45512,australia
9343,28737,United Kingdom
9344,28032,australia
9345,44447,Unitaed Arab Emirates
9346,42061,australia
9347,24689,United Kingdom
9348,13966,United States
9349,41517,Unitaed Arab Emirates
9350,27237,germany
9351,29790,United States
9352,35595,United States
9353,23185,Unitaed Arab Emirates
9354,19776,australia
9355,47679,canada
9356,20806,india
9357,28255,australia
9358,27010,Unitaed Arab Emirates
9359,46975,canada
9360,14766,germany
9361,37754,canada
9362,18217,Unitaed Arab Emirates
9363,38061,germany
9364,18908,United Kingdom
9365,49493,india
9366,30117,germany
9367,41178,canada
9368,11845,canada
9369,22429,United States
9370,45526,india
9371,26914,Unitaed Arab Emirates
9372,29262,australia
9373,13404,United States
9374,35013,australia
9375,37428,United States
9376,15068,Unitaed Arab Emirates
9377,33478,United States
9378,21908,canada
9379,33548,australia
9380,35461,canada
9381,13014,United States
9382,46942,Unitaed Arab Emirates
9383,34884,United Kingdom
9384,29321,australia
9385,24017,canada
9386,27334,canada
9387,14565,Unitaed Arab Emirates
9388,44306,canada
9389,40623,canada
9390,37627,germany
9391,37710,india
9392,29748,india
9393,28499,india
9394,10846,Unitaed Arab Emirates
9395,42392,australia
9396,42350,United States
9397,46837,australia
9398,34031,india
9399,36837,United Kingdom
9400,16911,australia
9401,38548,canada
9402,31490,Unitaed Arab Emirates
9403,36697,india
9404,33625,australia
9405,19478,germany
9406,42825,Unitaed Arab Emirates
9407,19876,United States
9408,49637,United States
9409,26171,canada
9410,11304,canada
9411,30687,canada
9412,26796,canada
9413,15136,india
9414,12777,india
9415,10739,Unitaed Arab Emirates
9416,36824,United Kingdom
9417,38658,australia
9418,34191,australia
9419,22367,australia
9420,32716,United Kingdom
9421,11503,canada
9422,10827,india
9423,29615,United Kingdom
9424,25089,Unitaed Arab Emirates
9425,23355,australia
9426,32236,australia
9427,35085,United Kingdom
9428,18886,United Kingdom
9429,30400,United States
9430,40050,germany
9431,32008,United States
9432,19438,india
9433,28991,Unitaed Arab Emirates
9434,10287,United Kingdom
9435,25796,canada
9436,14532,canada
9437,43208,australia
9438,14885,germany
9439,31476,United States
9440,44036,india
9441,16864,United States
9442,24565,australia
9443,10185,United States
9444,30641,United States
9445,37846,canada
9446,47654,Unitaed Arab Emirates
9447,37638,australia
9448,47408,Unitaed Arab Emirates
9449,37154,United States
9450,41012,canada
9451,10634,United Kingdom
9452,17577,germany
9453,27687,United Kingdom
9454,40304,Unitaed Arab Emirates
9455,29081,germany
9456,10952,germany
9457,45573,United Kingdom
9458,33970,india
9459,49550,United Kingdom
9460,35555,Unitaed Arab Emirates
9461,14130,germany
9462,34326,Unitaed Arab Emirates
9463,13386,australia
9464,26149,Unitaed Arab Emirates
9465,41586,United States
9466,23294,Unitaed Arab Emirates
9467,20727,india
9468,16090,australia
9469,15495,germany
9470,39025,australia
9471,22147,germany
9472,13552,canada
9473,27362,canada
9474,49315,United Kingdom
9475,31897,Unitaed Arab Emirates
9476,34978,Unitaed Arab Emirates
9477,20996,india
9478,27898,United States
9479,19739,germany
9480,26777,india
9481,23297,United States
9482,11743,canada
9483,23536,United States
9484,15436,Unitaed Arab Emirates
9485,40589,United States
9486,10421,United Kingdom
9487,49184,india
9488,47481,United Kingdom
9489,46544,Unitaed Arab Emirates
9490,30774,United Kingdom
9491,33112,United States
9492,34769,germany
9493,22598,australia
9494,39291,germany
9495,38594,india
9496,24980,canada
9497,47819,United States
9498,48879,United Kingdom
9499,14391,australia
9500,34813,australia
9501,30104,United Kingdom
9502,30393,australia
9503,14905,india
9504,45104,india
9505,46685,germany
9506,11114,india
9507,36795,United States
9508,23010,United Kingdom
9509,48808,United Kingdom
9510,17967,australia
9511,32037,canada
9512,43913,United States
9513,11627,india
9514,20050,canada
9515,19674,United States
9516,32145,United States
9517,24264,india
9518,37768,United Kingdom
9519,31704,United Kingdom
9520,41961,germany
9521,40783,United Kingdom
9522,39819,germany
9523,31861,United Kingdom
9524,32289,australia
9525,33821,germany
9526,22271,india
9527,17193,canada
9528,42707,india
9529,19021,Unitaed Arab Emirates
9530,19040,United Kingdom
9531,17899,United Kingdom
9532,36552,Unitaed Arab Emirates
9533,14344,United Kingdom
9534,23402,United States
9535,17203,australia
9536,23318,Unitaed Arab Emirates
9537,12892,Unitaed Arab Emirates
9538,30008,australia
9539,16687,United Kingdom
9540,33807,Unitaed Arab Emirates
9541,49072,United Kingdom
9542,40152,canada
9543,47222,United States
9544,35875,United Kingdom
9545,40552,germany
9546,44939,germany
9547,38939,United Kingdom
9548,18469,United States
9549,27407,india
9550,14621,United Kingdom
9551,22905,australia
9552,35775,Unitaed Arab Emirates
9553,28101,canada
9554,43037,United States
9555,35962,india
9556,15226,United States
9557,15253,india
9558,18726,United Kingdom
9559,33579,australia
9560,31016,United States
9561,41950,germany
9562,39735,Unitaed Arab Emirates
9563,42519,canada
9564,11286,Unitaed Arab Emirates
9565,13860,australia
9566,20274,United Kingdom
9567,20726,india
9568,39282,Unitaed Arab Emirates
9569,39777,australia
9570,35916,australia
9571,24290,australia
9572,12377,india
9573,34771,germany
9574,37037,United States
9575,19696,Unitaed Arab Emirates
9576,48160,Unitaed Arab Emirates
9577,31802,australia
9578,29302,india
9579,35446,germany
9580,40860,australia
9581,19881,germany
9582,27596,germany
9583,48992,Unitaed Arab Emirates
9584,18689,United Kingdom
9585,14620,australia
9586,35937,australia
9587,35372,Unitaed Arab Emirates
9588,14956,United Kingdom
9589,49533,Unitaed Arab Emirates
9590,21911,United States
9591,25696,canada
9592,16670,Unitaed Arab Emirates
9593,42691,germany
9594,31345,australia
9595,45952,australia
9596,48516,canada
9597,20286,United States
9598,47693,United States
9599,23100,United States
9600,26872,Unitaed Arab Emirates
9601,33649,Unitaed Arab Emirates
9602,36410,australia
9603,48045,canada
9604,33106,Unitaed Arab Emirates
9605,38031,canada
9606,16433,United Kingdom
9607,24400,australia
9608,17941,United States
9609,29653,United States
9610,32040,United Kingdom
9611,44041,United States
9612,10538,australia
9613,14212,canada
9614,29323,United States
9615,37190,United States
9616,43253,Unitaed Arab Emirates
9617,21251,United Kingdom
9618,34153,canada
9619,42155,australia
9620,39085,germany
9621,34408,canada
9622,47292,germany
9623,32779,United Kingdom
9624,35674,United Kingdom
9625,28017,germany
9626,26551,canada
9627,29705,india
9628,38479,australia
9629,36836,United Kingdom
9630,25802,india
9631,21031,Unitaed Arab Emirates
9632,31521,germany
9633,31358,germany
9634,35333,canada
9635,47261,United States
9636,11973,canada
9637,20900,Unitaed Arab Emirates
9638,36495,germany
9639,12206,australia
9640,10086,india
9641,19958,canada
9642,49083,United States
9643,13677,germany
9644,35257,india
9645,24570,india
9646,17645,United States
9647,22784,canada
9648,38986,germany
9649,48980,australia
9650,20437,canada
9651,49728,United States
9652,23156,australia
9653,37777,canada
9654,35310,india
9655,29855,canada
9656,15439,United States
9657,46033,Unitaed Arab Emirates
9658,23939,australia
9659,43992,germany
9660,43955,canada
9661,44876,india
9662,31404,canada
9663,37108,canada
9664,39303,india
9665,33582,germany
9666,35135,germany
9667,35021,United Kingdom
9668,40482,germany
9669,17782,Unitaed Arab Emirates
9670,48870,australia
9671,36129,canada
9672,39716,germany
9673,16030,australia
9674,45770,United Kingdom
9675,45333,australia
9676,12583,United States
9677,33881,canada
9678,13918,india
9679,23869,United Kingdom
9680,16511,United States
9681,24116,canada
9682,45981,United Kingdom
9683,13887,United States
9684,11222,United States
9685,15746,United Kingdom
9686,29491,United Kingdom
9687,31236,canada
9688,24432,canada
9689,38014,Unitaed Arab Emirates
9690,26175,germany
9691,14983,United States
9692,20389,United Kingdom
9693,30522,canada
9694,27704,United States
9695,28750,Unitaed Arab Emirates
9696,12535,india
9697,32673,australia
9698,42498,United States
9699,23453,United States
9700,30769,Unitaed Arab Emirates
9701,42992,United Kingdom
9702,12800,United States
9703,11280,Unitaed Arab Emirates
9704,28002,india
9705,39834,india
9706,21874,australia
9707,12306,india
9708,17822,Unitaed Arab Emirates
9709,10942,canada
9710,46699,india
9711,36781,australia
9712,46517,india
9713,14740,United Kingdom
9714,26373,india
9715,15272,australia
9716,24617,germany
9717,18758,germany
9718,25103,Unitaed Arab Emirates
9719,44747,canada
9720,36528,United States
9721,36582,United States
9722,30222,Unitaed Arab Emirates
9723,23476,australia
9724,12315,india
9725,14756,United Kingdom
9726,49564,Unitaed Arab Emirates
9727,24314,canada
9728,10032,canada
9729,18523,Unitaed Arab Emirates
9730,30965,United States
9731,14215,germany
9732,26541,United Kingdom
9733,31329,United States
9734,29072,australia
9735,35268,australia
9736,38459,United States
9737,41473,canada
9738,17846,Unitaed Arab Emirates
9739,44866,United Kingdom
9740,15454,germany
9741,40700,australia
9742,44895,canada
9743,39678,australia
9744,42354,canada
9745,17762,germany
9746,14426,india
9747,11474,United Kingdom
9748,23051,canada
9749,15989,Unitaed Arab Emirates
9750,19240,australia
9751,39795,canada
9752,48275,india
9753,15782,canada
9754,28762,australia
9755,35237,india
9756,28109,germany
9757,48821,United Kingdom
9758,41159,australia
9759,43484,canada
9760,29796,United States
9761,15323,india
9762,38598,canada
9763,30464,germany
9764,41552,canada
9765,45128,australia
9766,36709,United Kingdom
9767,11946,United States
9768,13512,Unitaed Arab Emirates
9769,18118,United Kingdom
9770,11351,germany
9771,29459,Unitaed Arab Emirates
9772,20539,United States
9773,26911,germany
9774,20845,United States
9775,23467,australia
9776,25793,canada
9777,32031,United Kingdom
9778,31544,germany
9779,39761,Unitaed Arab Emirates
9780,33116,United States
9781,23018,canada
9782,25740,canada
9783,30320,Unitaed Arab Emirates
9784,43812,canada
9785,13439,canada
9786,26696,germany
9787,25948,United Kingdom
9788,23759,United Kingdom
9789,30605,australia
9790,22192,Unitaed Arab Emirates
9791,35071,canada
9792,12028,Unitaed Arab Emirates
9793,36668,canada
9794,25690,Unitaed Arab Emirates
9795,39582,canada
9796,12907,United States
9797,42739,canada
9798,13143,United Kingdom
9799,18919,canada
9800,31774,germany
9801,19306,United States
9802,11677,Unitaed Arab Emirates
9803,44811,australia
9804,17681,germany
9805,38540,United Kingdom
9806,41714,canada
9807,13114,canada
9808,14853,germany
9809,37419,Unitaed Arab Emirates
9810,37462,germany
9811,41105,Unitaed Arab Emirates
9812,39446,germany
9813,12341,india
9814,27493,United States
9815,17408,australia
9816,45841,australia
9817,10915,canada
9818,26645,india
9819,48282,United Kingdom
9820,45808,United Kingdom
9821,14903,United States
9822,33321,india
9823,38461,United States
9824,49490,United States
9825,33698,germany
9826,19031,india
9827,37889,Unitaed Arab Emirates
9828,38224,United States
9829,26931,United States
9830,21858,india
9831,39508,india
9832,48320,india
9833,13876,australia
9834,32265,australia
9835,29255,United States
9836,10574,australia
9837,11101,australia
9838,27759,germany
9839,39502,germany
9840,48002,Unitaed Arab Emirates
9841,30332,canada
9842,23816,Unitaed Arab Emirates
9843,24319,india
9844,30188,australia
9845,30848,Unitaed Arab Emirates
9846,48613,canada
9847,46499,United States
9848,33909,Unitaed Arab Emirates
9849,34271,canada
9850,13750,canada
9851,23124,Unitaed Arab Emirates
9852,44067,canada
9853,37641,india
9854,27270,germany
9855,36134,india
9856,21999,india
9857,49770,United Kingdom
9858,32985,india
9859,15527,germany
9860,33941,United States
9861,40422,United States
9862,12156,United States
9863,20615,india
9864,12794,United Kingdom
9865,33210,india
9866,13042,india
9867,33079,canada
9868,14091,australia
9869,29618,australia
9870,41521,india
9871,45140,australia
9872,20396,Unitaed Arab Emirates
9873,41857,United States
9874,45802,australia
9875,48342,germany
9876,15888,canada
9877,19288,Unitaed Arab Emirates
9878,15049,india
9879,35872,india
9880,31215,germany
9881,14968,canada
9882,29150,United States
9883,49593,australia
9884,10667,australia
9885,43282,germany
9886,47057,Unitaed Arab Emirates
9887,37599,canada
9888,43579,india
9889,27862,canada
9890,32202,germany
9891,35607,Unitaed Arab Emirates
9892,13069,canada
9893,33254,germany
9894,44032,australia
9895,16734,germany
9896,40632,germany
9897,30290,australia
9898,24639,United Kingdom
9899,20499,india
9900,10665,United Kingdom
9901,24866,australia
9902,30532,australia
9903,23952,canada
9904,40186,india
9905,16903,germany
9906,48067,australia
9907,26215,United States
9908,37426,Unitaed Arab Emirates
9909,43485,australia
9910,12920,india
9911,43422,germany
9912,35707,australia
9913,37798,germany
9914,46579,United Kingdom
9915,24437,United Kingdom
9916,16111,United Kingdom
9917,20919,india
9918,27465,United Kingdom
9919,22375,germany
9920,37617,australia
9921,20533,United Kingdom
9922,13201,United Kingdom
9923,16998,australia
9924,36663,australia
9925,48099,germany
9926,48506,Unitaed Arab Emirates
9927,13423,United States
9928,13499,United Kingdom
9929,34557,United States
9930,34188,United States
9931,31952,canada
9932,27227,United Kingdom
9933,30823,australia
9934,32051,Unitaed Arab Emirates
9935,42701,Unitaed Arab Emirates
9936,34280,canada
9937,30374,Unitaed Arab Emirates
9938,11200,india
9939,33773,United States
9940,13815,United Kingdom
9941,47175,germany
9942,31606,germany
9943,10687,australia
9944,36905,australia
9945,23444,Unitaed Arab Emirates
9946,47204,australia
9947,10021,Unitaed Arab Emirates
9948,25973,Unitaed Arab Emirates
9949,28388,india
9950,22144,canada
9951,38462,india
9952,43737,germany
9953,40684,india
9954,18536,australia
9955,34461,germany
9956,14295,Unitaed Arab Emirates
9957,32827,germany
9958,25962,india
9959,25073,india
9960,20485,australia
9961,23265,United States
9962,43053,United States
9963,47201,canada
9964,16926,canada
9965,36075,Unitaed Arab Emirates
9966,34932,United Kingdom
9967,49457,United States
9968,30938,germany
9969,18662,Unitaed Arab Emirates
9970,29298,canada
9971,45754,india
9972,25586,canada
9973,45388,germany
9974,21454,germany
9975,19333,canada
9976,47171,United States
9977,32951,canada
9978,21742,germany
9979,39791,india
9980,26438,australia
9981,35877,canada
9982,22103,Unitaed Arab Emirates
9983,49893,Unitaed Arab Emirates
9984,13467,germany
9985,11494,australia
9986,46901,australia
9987,31249,germany
9988,44004,Unitaed Arab Emirates
9989,22427,canada
9990,40158,australia
9991,46895,canada
9992,10072,canada
9993,39143,germany
9994,32151,canada
9995,11789,india
9996,46791,australia
9997,22004,canada
9998,20531,india
9999,41348,germany
10000,21551,germany
10001,45028,germany
10002,41792,canada
10003,12051,india
10004,30815,Unitaed Arab Emirates
10005,45708,United States
10006,21009,germany
10007,13628,germany
10008,48231,United Kingdom
10009,44727,australia
10010,44294,United Kingdom
10011,34223,Unitaed Arab Emirates
10012,37648,United States
10013,40704,United Kingdom
10014,28079,canada
10015,34374,United Kingdom
10016,48043,United Kingdom
10017,46111,germany
10018,24428,Unitaed Arab Emirates
10019,32376,germany
10020,13595,india
10021,24456,india
10022,28883,United States
10023,23187,United States
10024,26970,germany
10025,42177,india
10026,41426,germany
10027,16744,United Kingdom
10028,20692,United States
10029,28867,india
10030,25823,australia
10031,10108,Unitaed Arab Emirates
10032,35101,United States
10033,11498,australia
10034,41111,canada
10035,31331,india
10036,47685,australia
10037,17428,india
10038,33245,germany
10039,43825,germany
10040,32696,Unitaed Arab Emirates
10041,27752,germany
10042,41889,canada
10043,24867,United States
10044,25605,United Kingdom
10045,42084,germany
10046,13625,Unitaed Arab Emirates
10047,31584,United States
10048,22021,United Kingdom
10049,30067,canada
10050,21298,india
10051,18361,germany
10052,37943,United Kingdom
10053,20837,australia
10054,30560,United Kingdom
10055,33307,United Kingdom
10056,26363,Unitaed Arab Emirates
10057,33896,Unitaed Arab Emirates
10058,31216,canada
10059,20124,canada
10060,37737,germany
10061,40135,United Kingdom
10062,44839,australia
10063,29513,United States
10064,14284,india
10065,46303,canada
10066,49133,india
10067,26283,canada
10068,25298,Unitaed Arab Emirates
10069,10352,United States
10070,13122,Unitaed Arab Emirates
10071,15207,United Kingdom
10072,40941,United States
10073,28415,australia
10074,45694,United States
10075,48593,canada
10076,14044,india
10077,47388,australia
10078,11170,Unitaed Arab Emirates
10079,15640,Unitaed Arab Emirates
10080,31629,United States
10081,36181,United Kingdom
10082,21125,United States
10083,34647,Unitaed Arab Emirates
10084,12292,Unitaed Arab Emirates
10085,24977,Unitaed Arab Emirates
10086,39209,germany
10087,38158,canada
10088,15197,canada
10089,33572,United Kingdom
10090,23958,canada
10091,13466,canada
10092,21959,canada
10093,15945,United Kingdom
10094,42036,australia
10095,31879,germany
10096,16319,United States
10097,37430,canada
10098,35791,canada
10099,30547,india
10100,31658,india
10101,35029,United States
10102,44299,australia
10103,30945,Unitaed Arab Emirates
10104,16571,canada
10105,44543,canada
10106,20681,australia
10107,30090,United Kingdom
10108,15155,germany
10109,33789,Unitaed Arab Emirates
10110,23714,canada
10111,39067,germany
10112,36713,United States
10113,26466,australia
10114,47704,australia
10115,12074,United States
10116,41112,United Kingdom
10117,42588,germany
10118,18572,india
10119,10636,india
10120,42693,india
10121,37131,australia
10122,30693,canada
10123,35755,germany
10124,43384,canada
10125,12088,United Kingdom
10126,30257,Unitaed Arab Emirates
10127,35604,canada
10128,11044,United Kingdom
10129,27324,australia
10130,39602,canada
10131,11666,australia
10132,45232,United States
10133,10037,australia
10134,31391,Unitaed Arab Emirates
10135,26647,United States
10136,32911,australia
10137,41506,india
10138,35990,Unitaed Arab Emirates
10139,47873,United Kingdom
10140,44389,United States
10141,35137,United Kingdom
10142,48276,canada
10143,19957,australia
10144,30540,australia
10145,15861,germany
10146,41637,germany
10147,41946,canada
10148,38840,canada
10149,27429,australia
10150,18015,australia
10151,34962,Unitaed Arab Emirates
10152,27996,australia
10153,12507,United States
10154,28584,United States
10155,20964,australia
10156,18998,australia
10157,24822,United Kingdom
10158,30167,United States
10159,42578,canada
10160,43408,canada
10161,48693,india
10162,30470,United States
10163,20834,india
10164,22277,australia
10165,25699,United States
10166,32173,australia
10167,13749,india
10168,49270,United States
10169,22960,australia
10170,47045,canada
10171,18103,germany
10172,22954,United States
10173,23013,United States
10174,33891,canada
10175,14448,germany
10176,18668,germany
10177,38141,United Kingdom
10178,31712,australia
10179,15194,Unitaed Arab Emirates
10180,40549,United Kingdom
10181,15350,germany
10182,46425,United Kingdom
10183,43036,germany
10184,35597,canada
10185,42857,United States
10186,39031,india
10187,23611,canada
10188,46015,canada
10189,27532,Unitaed Arab Emirates
10190,39398,india
10191,26241,canada
10192,19794,canada
10193,15297,Unitaed Arab Emirates
10194,36378,canada
10195,18196,germany
10196,13542,india
10197,11373,australia
10198,14839,canada
10199,21490,india
10200,42190,Unitaed Arab Emirates
10201,39806,germany
10202,30398,United Kingdom
10203,16049,india
10204,32042,australia
10205,35704,australia
10206,35685,india
10207,18697,United Kingdom
10208,43263,india
10209,33521,canada
10210,40344,United States
10211,21726,canada
10212,46382,germany
10213,17280,canada
10214,28280,australia
10215,38430,germany
10216,46285,United Kingdom
10217,36910,australia
10218,39594,canada
10219,40465,australia
10220,35978,india
10221,13794,germany
10222,15307,canada
10223,18121,United Kingdom
10224,15229,germany
10225,12955,germany
10226,12953,canada
10227,48510,Unitaed Arab Emirates
10228,27472,canada
10229,22010,Unitaed Arab Emirates
10230,22746,india
10231,10394,Unitaed Arab Emirates
10232,48083,United Kingdom
10233,19765,australia
10234,27446,germany
10235,42419,Unitaed Arab Emirates
10236,40427,United States
10237,14371,india
10238,13581,United States
10239,23549,United States
10240,14258,germany
10241,42063,australia
10242,47996,United States
10243,22467,australia
10244,40851,United Kingdom
10245,44310,germany
10246,42737,australia
10247,45667,Unitaed Arab Emirates
10248,35587,india
10249,35032,canada
10250,31394,germany
10251,30435,australia
10252,34219,australia
10253,34479,germany
10254,42033,United Kingdom
10255,31263,germany
10256,43906,germany
10257,19552,india
10258,24794,australia
10259,45958,United States
10260,34631,india
10261,30903,australia
10262,41092,canada
10263,20151,australia
10264,40057,australia
10265,47745,Unitaed Arab Emirates
10266,33088,germany
10267,48959,United Kingdom
10268,45807,india
10269,35260,United Kingdom
10270,13428,United Kingdom
10271,36986,australia
10272,37810,india
10273,40727,United States
10274,33138,United States
10275,46156,germany
10276,40746,Unitaed Arab Emirates
10277,31453,india
10278,30755,United States
10279,23112,germany
10280,16934,Unitaed Arab Emirates
10281,32371,canada
10282,16859,india
10283,38570,germany
10284,39148,canada
10285,27440,United Kingdom
10286,32044,australia
10287,49568,canada
10288,19770,canada
10289,45774,germany
10290,40580,australia
10291,32224,canada
10292,17145,canada
10293,32573,australia
10294,23922,Unitaed Arab Emirates
10295,21007,canada
10296,10872,United Kingdom
10297,25794,United Kingdom
10298,31301,canada
10299,46028,india
10300,18885,australia
10301,33826,Unitaed Arab Emirates
10302,23026,United States
10303,33585,canada
10304,23006,United Kingdom
10305,38532,india
10306,15609,germany
10307,16642,australia
10308,41042,canada
10309,19139,United States
10310,14373,Unitaed Arab Emirates
10311,10397,germany
10312,44545,Unitaed Arab Emirates
10313,14060,canada
10314,41117,germany
10315,26277,Unitaed Arab Emirates
10316,32112,india
10317,22630,canada
10318,41100,United Kingdom
10319,43107,india
10320,26390,india
10321,11296,Unitaed Arab Emirates
10322,43337,india
10323,35218,canada
10324,49541,india
10325,28935,Unitaed Arab Emirates
10326,26493,india
10327,46418,australia
10328,10731,germany
10329,21235,germany
10330,32077,india
10331,48324,Unitaed Arab Emirates
10332,33488,india
10333,19549,india
10334,40124,United Kingdom
10335,39518,india
10336,17263,india
10337,11071,india
10338,17445,australia
10339,47839,United States
10340,32396,United Kingdom
10341,10074,canada
10342,11988,United States
10343,41031,Unitaed Arab Emirates
10344,13083,germany
10345,30202,canada
10346,30075,United States
10347,45001,canada
10348,24164,india
10349,46936,india
10350,30396,United States
10351,45082,Unitaed Arab Emirates
10352,19655,United States
10353,12914,india
10354,30318,United States
10355,12701,india
10356,44913,india
10357,22997,United States
10358,47479,india
10359,34005,india
10360,16023,australia
10361,45670,australia
10362,25747,United Kingdom
10363,27629,germany
10364,18631,australia
10365,39203,Unitaed Arab Emirates
10366,30884,canada
10367,43064,australia
10368,29332,india
10369,28989,india
10370,32861,germany
10371,27478,canada
10372,39387,australia
10373,15101,Unitaed Arab Emirates
10374,11074,india
10375,26399,germany
10376,42479,United Kingdom
10377,13199,United States
10378,21433,india
10379,36179,United Kingdom
10380,23491,United States
10381,20977,Unitaed Arab Emirates
10382,44760,Unitaed Arab Emirates
10383,49239,india
10384,15822,United Kingdom
10385,49173,Unitaed Arab Emirates
10386,28522,germany
10387,14289,United States
10388,35663,United Kingdom
10389,23605,germany
10390,18417,Unitaed Arab Emirates
10391,18636,australia
10392,20573,australia
10393,22233,United States
10394,13603,Unitaed Arab Emirates
10395,36058,Unitaed Arab Emirates
10396,31836,australia
10397,18436,india
10398,14048,Unitaed Arab Emirates
10399,27188,australia
10400,11760,australia
10401,39961,canada
10402,49073,germany
10403,30779,Unitaed Arab Emirates
10404,15344,United Kingdom
10405,18265,Unitaed Arab Emirates
10406,24916,india
10407,22262,australia
10408,23873,United Kingdom
10409,40579,germany
10410,14187,india
10411,20986,australia
10412,44178,germany
10413,41547,United Kingdom
10414,46380,australia
10415,33723,germany
10416,14780,germany
10417,47235,germany
10418,48123,india
10419,35641,canada
10420,41519,United States
10421,30379,United Kingdom
10422,18802,germany
10423,46983,Unitaed Arab Emirates
10424,11838,United Kingdom
10425,48416,United States
10426,16684,Unitaed Arab Emirates
10427,36671,canada
10428,32083,canada
10429,33536,United States
10430,16182,germany
10431,10472,United Kingdom
10432,35732,United States
10433,47187,canada
10434,26284,australia
10435,36399,Unitaed Arab Emirates
10436,30839,United Kingdom
10437,33788,United Kingdom
10438,22006,United States
10439,19365,United Kingdom
10440,16056,india
10441,21722,United States
10442,27060,india
10443,17223,Unitaed Arab Emirates
10444,49319,Unitaed Arab Emirates
10445,41188,Unitaed Arab Emirates
10446,30323,canada
10447,30722,australia
10448,20127,United States
10449,33041,United Kingdom
10450,19384,canada
10451,23744,Unitaed Arab Emirates
10452,40557,canada
10453,19793,United States
10454,10187,United States
10455,35942,germany
10456,37225,australia
10457,26718,Unitaed Arab Emirates
10458,20576,australia
10459,26739,Unitaed Arab Emirates
10460,14327,Unitaed Arab Emirates
10461,13338,United Kingdom
10462,10795,canada
10463,26573,australia
10464,22335,australia
10465,20442,australia
10466,44826,United States
10467,48838,india
10468,35796,india
10469,45148,australia
10470,40872,india
10471,41810,india
10472,29093,india
10473,39364,United States
10474,36662,United Kingdom
10475,22086,United Kingdom
10476,39151,australia
10477,49640,india
10478,49687,Unitaed Arab Emirates
10479,42369,germany
10480,43722,canada
10481,23723,United States
10482,38364,australia
10483,49636,india
10484,40486,canada
10485,37644,Unitaed Arab Emirates
10486,10235,india
10487,42635,Unitaed Arab Emirates
10488,38327,United States
10489,28180,canada
10490,46241,United Kingdom
10491,15285,canada
10492,25260,germany
10493,48297,australia
10494,21323,United States
10495,28595,Unitaed Arab Emirates
10496,23169,germany
10497,45409,Unitaed Arab Emirates
10498,29612,United Kingdom
10499,43694,United Kingdom
10500,29305,canada
10501,46595,germany
10502,25226,india
10503,33719,canada
10504,30297,india
10505,22926,australia
10506,42250,germany
10507,40831,india
10508,41219,United States
10509,33202,india
10510,32290,United Kingdom
10511,31522,United Kingdom
10512,45859,canada
10513,19968,germany
10514,32681,india
10515,29251,australia
10516,46317,india
10517,47544,Unitaed Arab Emirates
10518,11754,United States
10519,18238,australia
10520,16497,United Kingdom
10521,34791,india
10522,23734,Unitaed Arab Emirates
10523,39680,United States
10524,35812,United States
10525,41882,australia
10526,43775,canada
10527,14829,canada
10528,36714,United States
10529,18057,canada
10530,44927,germany
10531,29568,United States
10532,26362,australia
10533,34943,australia
10534,14473,australia
10535,14920,australia
10536,24892,australia
10537,45884,india
10538,27678,United Kingdom
10539,41214,germany
10540,46744,Unitaed Arab Emirates
10541,32774,india
10542,22323,United Kingdom
10543,42553,germany
10544,33709,australia
10545,14981,Unitaed Arab Emirates
10546,12429,india
10547,42380,germany
10548,20965,india
10549,17462,United Kingdom
10550,37605,United Kingdom
10551,43641,germany
10552,29480,australia
10553,20298,germany
10554,21715,United States
10555,34729,United States
10556,35542,australia
10557,40703,United States
10558,43824,australia
10559,21634,United Kingdom
10560,33729,United Kingdom
10561,19861,United States
10562,30460,canada
10563,13774,United States
10564,47554,india
10565,16938,australia
10566,19833,australia
10567,18109,germany
10568,13829,Unitaed Arab Emirates
10569,24148,germany
10570,48288,canada
10571,31264,United States
10572,19077,australia
10573,49718,australia
10574,42928,australia
10575,46946,india
10576,46680,india
10577,29086,canada
10578,30491,australia
10579,29989,United States
10580,19745,india
10581,47437,canada
10582,23478,United Kingdom
10583,42712,United States
10584,29341,Unitaed Arab Emirates
10585,24046,canada
10586,12664,United Kingdom
10587,13234,United States
10588,20348,United Kingdom
10589,43196,canada
10590,38915,United Kingdom
10591,22594,germany
10592,40504,canada
10593,10900,canada
10594,43516,canada
10595,40841,canada
10596,20603,United States
10597,39833,Unitaed Arab Emirates
10598,31209,Unitaed Arab Emirates
10599,14553,germany
10600,25441,india
10601,33376,canada
10602,39385,United States
10603,44378,United States
10604,47207,Unitaed Arab Emirates
10605,23650,United States
10606,14758,United States
10607,37770,United Kingdom
10608,25307,canada
10609,43013,United Kingdom
10610,19469,Unitaed Arab Emirates
10611,24901,germany
10612,17058,germany
10613,20520,india
10614,11556,Unitaed Arab Emirates
10615,44990,canada
10616,39886,United States
10617,18496,australia
10618,36613,australia
10619,45734,United Kingdom
10620,24084,canada
10621,20908,canada
10622,37396,Unitaed Arab Emirates
10623,14002,australia
10624,11360,australia
10625,19245,United States
10626,27166,United States
10627,45378,United States
10628,20006,Unitaed Arab Emirates
10629,10233,australia
10630,36649,canada
10631,20623,canada
10632,25895,germany
10633,30872,australia
10634,43606,United States
10635,12784,australia
10636,31978,germany
10637,10205,germany
10638,26568,india
10639,48270,United Kingdom
10640,22686,india
10641,12729,india
10642,26697,india
10643,49569,United States
10644,29477,australia
10645,25960,United States
10646,30479,Unitaed Arab Emirates
10647,29123,india
10648,13336,canada
10649,45889,germany
10650,36684,canada
10651,25378,australia
10652,12355,Unitaed Arab Emirates
10653,25684,canada
10654,16737,germany
10655,17929,canada
10656,43788,canada
10657,10240,germany
10658,12052,United States
10659,44370,india
10660,20596,United Kingdom
10661,30873,Unitaed Arab Emirates
10662,41898,United States
10663,28460,germany
10664,24128,germany
10665,36022,india
10666,49877,United Kingdom
10667,13516,india
10668,47197,Unitaed Arab Emirates
10669,20469,canada
10670,28235,india
10671,42074,Unitaed Arab Emirates
10672,46199,germany
10673,25946,india
10674,14482,india
10675,16252,india
10676,13271,india
10677,37828,germany
10678,20804,india
10679,40455,United Kingdom
10680,49744,United Kingdom
10681,30276,United States
10682,45879,germany
10683,30701,canada
10684,35628,United Kingdom
10685,37618,australia
10686,48695,Unitaed Arab Emirates
10687,12095,United Kingdom
10688,19018,germany
10689,47463,Unitaed Arab Emirates
10690,43537,australia
10691,33098,United Kingdom
10692,38546,United Kingdom
10693,19264,australia
10694,15367,Unitaed Arab Emirates
10695,40525,Unitaed Arab Emirates
10696,34082,germany
10697,37059,india
10698,25163,india
10699,15502,United States
10700,36874,United States
10701,24576,australia
10702,38505,United States
10703,47168,canada
10704,23899,india
10705,28026,canada
10706,15617,australia
10707,42412,United Kingdom
10708,14471,australia
10709,30634,germany
10710,24877,australia
10711,22969,canada
10712,25434,australia
10713,15955,Unitaed Arab Emirates
10714,21136,india
10715,29883,Unitaed Arab Emirates
10716,25008,australia
10717,41932,Unitaed Arab Emirates
10718,42780,United Kingdom
10719,37504,canada
10720,41713,Unitaed Arab Emirates
10721,31660,australia
10722,30771,germany
10723,23927,canada
10724,24958,United Kingdom
10725,31252,United States
10726,48538,United States
10727,41559,australia
10728,23211,United Kingdom
10729,37025,australia
10730,16199,United Kingdom
10731,27480,australia
10732,27353,canada
10733,46019,canada
10734,37420,United Kingdom
10735,23047,United Kingdom
10736,27636,india
10737,27178,Unitaed Arab Emirates
10738,37298,australia
10739,44394,United States
10740,26082,Unitaed Arab Emirates
10741,47958,australia
10742,17243,india
10743,41927,australia
10744,46227,canada
10745,12369,germany
10746,28852,United Kingdom
10747,36233,germany
10748,26729,canada
10749,41434,Unitaed Arab Emirates
10750,38457,United Kingdom
10751,48148,Unitaed Arab Emirates
10752,40041,canada
10753,16292,australia
10754,44680,canada
10755,41137,Unitaed Arab Emirates
10756,49964,australia
10757,21877,canada
10758,34434,United States
10759,18058,australia
10760,48448,United Kingdom
10761,29644,india
10762,10325,United Kingdom
10763,28519,germany
10764,25817,canada
10765,30637,germany
10766,19488,United States
10767,10281,india
10768,43424,india
10769,12210,india
10770,37821,germany
10771,41851,india
10772,19092,germany
10773,42911,germany
10774,29753,United Kingdom
10775,46701,Unitaed Arab Emirates
10776,31144,australia
10777,34748,United States
10778,12048,australia
10779,37672,United States
10780,11894,United Kingdom
10781,15320,germany
10782,43176,United Kingdom
10783,38125,india
10784,18145,United States
10785,38183,canada
10786,30561,canada
10787,43370,australia
10788,30139,Unitaed Arab Emirates
10789,42289,canada
10790,30453,Unitaed Arab Emirates
10791,48102,india
10792,19179,United Kingdom
10793,47004,United States
10794,45886,australia
10795,11083,india
10796,13546,canada
10797,44118,United States
10798,28378,United States
10799,24140,india
10800,46050,australia
10801,47678,india
10802,46753,Unitaed Arab Emirates
10803,32140,australia
10804,49209,canada
10805,17976,germany
10806,30537,germany
10807,42039,Unitaed Arab Emirates
10808,11949,United Kingdom
10809,31877,canada
10810,21709,Unitaed Arab Emirates
10811,12134,india
10812,36437,United States
10813,43378,United Kingdom
10814,32501,United States
10815,42731,canada
10816,36906,australia
10817,33429,United States
10818,43596,United States
10819,21072,Unitaed Arab Emirates
10820,32158,india
10821,46233,india
10822,44057,germany
10823,38196,india
10824,26856,United Kingdom
10825,49310,United Kingdom
10826,20767,Unitaed Arab Emirates
10827,32701,germany
10828,27995,germany
10829,32818,india
10830,30860,United States
10831,42106,australia
10832,23316,Unitaed Arab Emirates
10833,22197,india
10834,46101,india
10835,12517,United States
10836,21240,australia
10837,44922,United States
10838,24906,australia
10839,42529,United Kingdom
10840,30002,australia
10841,30227,United Kingdom
10842,26904,United States
10843,10041,india
10844,24932,australia
10845,21103,canada
10846,23135,Unitaed Arab Emirates
10847,36884,india
10848,11513,United States
10849,30120,germany
10850,19472,india
10851,47692,germany
10852,37714,australia
10853,31343,germany
10854,36608,canada
10855,33610,Unitaed Arab Emirates
10856,26844,india
10857,26673,United States
10858,26837,australia
10859,44814,United Kingdom
10860,40544,germany
10861,41495,canada
10862,15911,canada
10863,35266,australia
10864,15479,india
10865,48933,Unitaed Arab Emirates
10866,39821,germany
10867,36004,United Kingdom
10868,48542,india
10869,47993,india
10870,47519,United States
10871,41264,United Kingdom
10872,12218,Unitaed Arab Emirates
10873,36928,india
10874,17915,canada
10875,17106,United States
10876,10874,australia
10877,25293,canada
10878,41577,germany
10879,49287,United States
10880,16014,india
10881,42848,United Kingdom
10882,43677,Unitaed Arab Emirates
10883,37546,australia
10884,28363,germany
10885,14775,india
10886,33212,United States
10887,10729,australia
10888,37875,australia
10889,40910,canada
10890,17905,germany
10891,16332,United Kingdom
10892,46032,germany
10893,29427,germany
10894,15946,australia
10895,20761,Unitaed Arab Emirates
10896,39725,germany
10897,34498,United Kingdom
10898,17964,Unitaed Arab Emirates
10899,11964,germany
10900,42678,india
10901,37848,india
10902,42465,germany
10903,45505,United States
10904,32405,United Kingdom
10905,41578,canada
10906,37973,australia
10907,47173,Unitaed Arab Emirates
10908,47566,germany
10909,37950,canada
10910,47560,australia
10911,13713,Unitaed Arab Emirates
10912,38324,United States
10913,21988,canada
10914,37276,germany
10915,14416,germany
10916,26687,United Kingdom
10917,39598,Unitaed Arab Emirates
10918,41799,india
10919,16165,canada
10920,23595,United Kingdom
10921,18294,germany
10922,35315,United Kingdom
10923,48477,United States
10924,32778,Unitaed Arab Emirates
10925,40581,germany
10926,25010,canada
10927,41234,United Kingdom
10928,28666,canada
10929,10374,United Kingdom
10930,45090,canada
10931,19586,australia
10932,39584,australia
10933,38449,United States
10934,35499,Unitaed Arab Emirates
10935,19032,australia
10936,47491,United States
10937,28435,australia
10938,24869,United States
10939,24013,canada
10940,45221,United Kingdom
10941,12364,australia
10942,24874,Unitaed Arab Emirates
10943,17821,United States
10944,14614,canada
10945,27307,Unitaed Arab Emirates
10946,36121,india
10947,42258,Unitaed Arab Emirates
10948,39643,United States
10949,16758,india
10950,33851,india
10951,45026,Unitaed Arab Emirates
10952,38440,United States
10953,14542,canada
10954,19516,United States
10955,41181,canada
10956,10367,germany
10957,32913,germany
10958,47844,australia
10959,36349,canada
10960,33309,australia
10961,28304,australia
10962,35263,germany
10963,21285,United Kingdom
10964,20280,australia
10965,33901,australia
10966,33560,australia
10967,22220,australia
10968,19262,india
10969,13790,United States
10970,49664,australia
10971,46866,Unitaed Arab Emirates
10972,39447,australia
10973,33960,United States
10974,43827,United States
10975,22013,canada
10976,33985,United Kingdom
10977,19633,Unitaed Arab Emirates
10978,45034,United Kingdom
10979,28632,Unitaed Arab Emirates
10980,10835,canada
10981,11007,india
10982,18958,australia
10983,31114,United States
10984,36347,australia
10985,11612,germany
10986,38749,canada
10987,39003,india
10988,40882,india
10989,29394,india
10990,14245,india
10991,19800,United Kingdom
10992,43129,germany
10993,45189,United Kingdom
10994,46958,Unitaed Arab Emirates
10995,23906,germany
10996,25289,Unitaed Arab Emirates
10997,20321,Unitaed Arab Emirates
10998,42761,germany
10999,31112,United States
11000,25331,United States
11001,20652,india
11002,28434,Unitaed Arab Emirates
11003,30643,germany
11004,14712,australia
11005,19560,United Kingdom
11006,21338,canada
11007,32587,United States
11008,32909,United Kingdom
11009,41816,canada
11010,35236,canada
11011,31626,germany
11012,30946,germany
11013,17456,United States
11014,16380,United Kingdom
11015,18911,germany
11016,34747,australia
11017,43941,United Kingdom
11018,24047,United States
11019,47434,Unitaed Arab Emirates
11020,47668,canada
11021,11174,United States
11022,30128,United Kingdom
11023,14208,australia
11024,20133,germany
11025,46799,Unitaed Arab Emirates
11026,49399,United Kingdom
11027,14021,australia
11028,18889,germany
11029,11774,United Kingdom
11030,46831,canada
11031,37330,germany
11032,16268,United Kingdom
11033,12680,australia
11034,29728,india
11035,23488,United States
11036,36005,United States
11037,39600,United Kingdom
11038,30155,United States
11039,49510,germany
11040,39263,United States
11041,11523,United Kingdom
11042,48120,germany
11043,15054,india
11044,42703,United Kingdom
11045,13965,australia
11046,47849,United States
11047,11773,Unitaed Arab Emirates
11048,33920,canada
11049,43859,Unitaed Arab Emirates
11050,25112,United Kingdom
11051,34503,canada
11052,16106,United States
11053,19766,australia
11054,47208,Unitaed Arab Emirates
11055,36675,United States
11056,46284,Unitaed Arab Emirates
11057,21997,india
11058,26975,canada
11059,10692,United States
11060,34984,india
11061,12382,germany
11062,31784,canada
11063,18596,United States
11064,32359,germany
11065,31126,Unitaed Arab Emirates
11066,20314,United States
11067,35440,australia
11068,11584,germany
11069,17413,canada
11070,27126,United Kingdom
11071,22030,Unitaed Arab Emirates
11072,19055,australia
11073,30430,Unitaed Arab Emirates
11074,40214,australia
11075,46452,United Kingdom
11076,35025,United States
11077,39923,australia
11078,42741,Unitaed Arab Emirates
11079,27499,United States
11080,12837,india
11081,33428,germany
11082,12193,United States
11083,29722,india
11084,12166,australia
11085,42458,canada
11086,25418,United Kingdom
11087,29802,Unitaed Arab Emirates
11088,29096,United Kingdom
11089,47756,United States
11090,23889,australia
11091,22704,canada
11092,21082,germany
11093,43511,United States
11094,27389,United States
11095,18204,Unitaed Arab Emirates
11096,28234,india
11097,31285,United Kingdom
11098,41783,india
11099,17814,United States
11100,40660,United States
11101,39445,canada
11102,20420,germany
11103,19954,United States
11104,19208,germany
11105,25168,germany
11106,47350,australia
11107,47253,australia
11108,46812,australia
11109,42550,United States
11110,38794,United Kingdom
11111,12836,canada
11112,24091,australia
11113,37540,india
11114,10099,United States
11115,30053,india
11116,35169,canada
11117,37457,australia
11118,18139,Unitaed Arab Emirates
11119,13052,United Kingdom
11120,31620,Unitaed Arab Emirates
11121,11777,United States
11122,33317,Unitaed Arab Emirates
11123,41189,india
11124,16820,australia
11125,22499,germany
11126,10584,United States
11127,18548,australia
11128,47964,United Kingdom
11129,21546,australia
11130,19901,United Kingdom
11131,13681,United States
11132,18728,canada
11133,19947,australia
11134,28934,india
11135,27271,United States
11136,47606,australia
11137,36184,australia
11138,17790,india
11139,49495,canada
11140,48299,australia
11141,42975,canada
11142,12899,germany
11143,41296,canada
11144,17804,canada
11145,11649,Unitaed Arab Emirates
11146,40165,germany
11147,31980,india
11148,17542,Unitaed Arab Emirates
11149,47153,Unitaed Arab Emirates
11150,18902,australia
11151,35536,australia
11152,23110,germany
11153,10004,canada
11154,14919,germany
11155,29175,Unitaed Arab Emirates
11156,39332,canada
11157,40009,canada
11158,23512,United Kingdom
11159,26220,United States
11160,19758,Unitaed Arab Emirates
11161,16573,australia
11162,15829,germany
11163,13372,australia
11164,31923,india
11165,37905,United States
11166,37284,Unitaed Arab Emirates
11167,35761,United Kingdom
11168,37922,canada
11169,47280,Unitaed Arab Emirates
11170,13120,United Kingdom
11171,39605,india
11172,13070,United Kingdom
11173,37206,australia
11174,48437,australia
11175,20197,Unitaed Arab Emirates
11176,35009,United Kingdom
11177,21108,Unitaed Arab Emirates
11178,41665,United Kingdom
11179,22154,canada
11180,41465,india
11181,39107,United States
11182,41405,australia
11183,19725,australia
11184,31992,Unitaed Arab Emirates
11185,23560,United States
11186,37732,germany
11187,25015,india
11188,32931,canada
11189,12084,United States
11190,21795,canada
11191,11681,australia
11192,36883,Unitaed Arab Emirates
11193,13722,germany
11194,37902,Unitaed Arab Emirates
11195,12036,australia
11196,13157,india
11197,42307,india
11198,17555,india
11199,33951,germany
11200,41382,india
11201,48220,United States
11202,25350,australia
11203,39844,Unitaed Arab Emirates
11204,29213,Unitaed Arab Emirates
11205,10227,germany
11206,26388,germany
11207,22444,australia
11208,21521,australia
11209,45845,australia
11210,41947,United States
11211,13971,germany
11212,11004,germany
11213,18002,canada
11214,46428,Unitaed Arab Emirates
11215,35570,india
11216,49257,United States
11217,25475,australia
11218,14708,United Kingdom
11219,16087,australia
11220,33201,United States
11221,28309,United Kingdom
11222,15702,germany
11223,19318,australia
11224,46411,australia
11225,36562,canada
11226,19426,United States
11227,21958,Unitaed Arab Emirates
11228,30099,germany
11229,41661,canada
11230,28505,germany
11231,33647,india
11232,39042,Unitaed Arab Emirates
11233,32928,germany
11234,22927,Unitaed Arab Emirates
11235,25864,australia
11236,47600,australia
11237,41155,germany
11238,23427,United States
11239,13174,australia
11240,22852,United States
11241,31023,United Kingdom
11242,43871,Unitaed Arab Emirates
11243,29067,Unitaed Arab Emirates
11244,14944,germany
11245,16964,india
11246,18587,australia
11247,21131,india
11248,40007,canada
11249,33761,Unitaed Arab Emirates
11250,41028,United Kingdom
11251,44632,United Kingdom
11252,20466,canada
11253,30828,germany
11254,36899,United States
11255,13433,canada
11256,39397,germany
11257,22672,canada
11258,15140,canada
11259,23999,australia
11260,23778,United States
11261,25108,United States
11262,37511,canada
11263,44471,canada
11264,47084,Unitaed Arab Emirates
11265,47454,india
11266,47676,canada
11267,13230,australia
11268,34718,germany
11269,44617,United Kingdom
11270,14020,Unitaed Arab Emirates
11271,26834,canada
11272,19195,United Kingdom
11273,39989,canada
11274,37927,germany
11275,28380,germany
11276,38250,canada
11277,47656,Unitaed Arab Emirates
11278,27878,canada
11279,35648,United Kingdom
11280,22304,germany
11281,11578,india
11282,36315,Unitaed Arab Emirates
11283,23004,germany
11284,37541,australia
11285,41806,Unitaed Arab Emirates
11286,27943,germany
11287,17888,india
11288,14575,Unitaed Arab Emirates
11289,14139,germany
11290,46295,canada
11291,23162,canada
11292,15819,Unitaed Arab Emirates
11293,39707,germany
11294,25230,germany
11295,38220,germany
11296,43582,canada
11297,17584,india
11298,23378,india
11299,24655,Unitaed Arab Emirates
11300,21517,canada
11301,11323,canada
11302,34580,canada
11303,19450,United Kingdom
11304,12034,United States
11305,32974,United States
11306,15966,australia
11307,40717,australia
11308,11705,United Kingdom
11309,38517,canada
11310,13758,Unitaed Arab Emirates
11311,44964,australia
11312,42027,United Kingdom
11313,12133,Unitaed Arab Emirates
11314,12578,United Kingdom
11315,43581,United States
11316,16551,india
11317,44395,australia
11318,12580,india
11319,13932,germany
11320,18487,australia
11321,17113,germany
11322,38556,United Kingdom
11323,29656,canada
11324,28816,Unitaed Arab Emirates
11325,46365,india
11326,15525,Unitaed Arab Emirates
11327,31002,United States
11328,13480,United Kingdom
11329,30990,canada
11330,29056,germany
11331,14032,germany
11332,32377,Unitaed Arab Emirates
11333,36277,canada
11334,17425,canada
11335,22892,australia
11336,30230,Unitaed Arab Emirates
11337,26679,canada
11338,26309,United Kingdom
11339,14483,United Kingdom
11340,41850,United States
11341,44264,india
11342,32417,Unitaed Arab Emirates
11343,41911,United Kingdom
11344,31834,germany
11345,11975,Unitaed Arab Emirates
11346,14132,canada
11347,14278,Unitaed Arab Emirates
11348,17925,canada
11349,23833,Unitaed Arab Emirates
11350,26847,australia
11351,42472,Unitaed Arab Emirates
11352,43697,germany
11353,17918,United States
11354,16365,United Kingdom
11355,27041,australia
11356,11212,United Kingdom
11357,38397,canada
11358,16435,australia
11359,10757,Unitaed Arab Emirates
11360,15536,Unitaed Arab Emirates
11361,40757,canada
11362,35806,canada
11363,37549,Unitaed Arab Emirates
11364,37834,United States
11365,36588,india
11366,15125,india
11367,47861,Unitaed Arab Emirates
11368,31976,canada
11369,40299,United States
11370,24848,india
11371,41501,canada
11372,17966,india
11373,30146,United States
11374,41054,australia
11375,32629,Unitaed Arab Emirates
11376,21064,india
11377,24895,canada
11378,40586,Unitaed Arab Emirates
11379,40248,australia
11380,36428,germany
11381,39059,germany
11382,20871,Unitaed Arab Emirates
11383,10863,india
11384,35625,australia
11385,14806,australia
11386,15383,Unitaed Arab Emirates
11387,19686,germany
11388,26751,germany
11389,26795,United States
11390,26737,canada
11391,41139,United Kingdom
11392,27722,germany
11393,33400,United Kingdom
11394,21021,germany
11395,11486,Unitaed Arab Emirates
11396,17607,australia
11397,42740,canada
11398,30119,india
11399,27121,australia
11400,13888,australia
11401,49660,australia
11402,47611,india
11403,36370,india
11404,35878,australia
11405,49059,United Kingdom
11406,14238,india
11407,14166,australia
11408,41030,Unitaed Arab Emirates
11409,10637,india
11410,12641,United States
11411,21138,United States
11412,18962,india
11413,41075,United States
11414,17638,india
11415,46478,canada
11416,36229,germany
11417,32900,germany
11418,16507,india
11419,15165,india
11420,13706,United States
11421,41965,germany
11422,40611,United Kingdom
11423,14114,india
11424,12317,canada
11425,47440,canada
11426,38378,germany
11427,24323,india
11428,35244,australia
11429,24750,canada
11430,13814,australia
11431,30403,india
11432,47483,United Kingdom
11433,38433,germany
11434,20091,Unitaed Arab Emirates
11435,39673,canada
11436,28615,United Kingdom
11437,43143,Unitaed Arab Emirates
11438,32465,canada
11439,48345,germany
11440,25447,Unitaed Arab Emirates
11441,16489,australia
11442,36383,india
11443,43496,United Kingdom
11444,40565,United States
11445,45191,germany
11446,49401,United States
11447,12247,australia
11448,15574,germany
11449,39663,United States
11450,48761,australia
11451,11912,United States
11452,41218,india
11453,19886,United States
11454,47299,india
11455,44505,germany
11456,48465,Unitaed Arab Emirates
11457,42813,United States
11458,49787,Unitaed Arab Emirates
11459,48659,United States
11460,11941,australia
11461,40968,canada
11462,34158,germany
11463,38630,canada
11464,13919,canada
11465,36312,australia
11466,37442,india
11467,24981,United States
11468,46606,United States
11469,21011,germany
11470,25819,india
11471,45418,germany
11472,46022,canada
11473,41029,australia
11474,34011,United States
11475,22061,germany
11476,14392,canada
11477,42105,canada
11478,19621,india
11479,44576,United Kingdom
11480,30778,United States
11481,47436,Unitaed Arab Emirates
11482,21230,Unitaed Arab Emirates
11483,12239,india
11484,35627,United Kingdom
11485,40075,germany
11486,26812,United States
11487,28515,canada
11488,35073,United Kingdom
11489,24484,Unitaed Arab Emirates
11490,35634,canada
11491,44912,canada
11492,33487,United States
11493,20764,United Kingdom
11494,36357,United States
11495,39597,United Kingdom
11496,42713,australia
11497,34979,United States
11498,15342,United Kingdom
11499,41170,United Kingdom
11500,42951,United Kingdom
11501,38215,Unitaed Arab Emirates
11502,25745,United States
11503,11516,india
11504,13693,australia
11505,22433,canada
11506,22470,australia
11507,45559,canada
11508,10995,canada
11509,12856,india
11510,49841,australia
11511,37412,Unitaed Arab Emirates
11512,35640,Unitaed Arab Emirates
11513,37006,Unitaed Arab Emirates
11514,34744,australia
11515,43506,Unitaed Arab Emirates
11516,27701,United Kingdom
11517,44055,germany
11518,16081,germany
11519,14036,canada
11520,14536,australia
11521,39033,australia
11522,30587,australia
11523,34308,australia
11524,29585,United States
11525,42681,australia
11526,18767,australia
11527,44660,india
11528,16720,canada
11529,13648,india
11530,23685,india
11531,41611,United States
11532,29125,australia
11533,15227,australia
11534,15511,germany
11535,28681,Unitaed Arab Emirates
11536,36275,australia
11537,29718,Unitaed Arab Emirates
11538,35240,United Kingdom
11539,20276,canada
11540,24095,canada
11541,16912,germany
11542,10435,United States
11543,14396,india
11544,26013,United Kingdom
11545,28081,australia
11546,34478,United States
11547,22203,Unitaed Arab Emirates
11548,19238,canada
11549,44186,United States
11550,24768,india
11551,21213,Unitaed Arab Emirates
11552,49928,Unitaed Arab Emirates
11553,37730,australia
11554,17643,United States
11555,21698,india
11556,21396,india
11557,39773,United States
11558,49186,United States
11559,16487,germany
11560,11985,United Kingdom
11561,14816,Unitaed Arab Emirates
11562,22223,Unitaed Arab Emirates
11563,28413,canada
11564,17205,canada
11565,35049,United Kingdom
11566,31500,australia
11567,46012,United States
11568,48743,United States
11569,17769,United Kingdom
11570,18989,United States
11571,31951,Unitaed Arab Emirates
11572,22932,india
11573,41151,United Kingdom
11574,43089,india
11575,18515,United States
11576,32939,canada
11577,15338,canada
11578,18836,germany
11579,13844,australia
11580,19903,United States
11581,18494,india
11582,24234,australia
11583,30144,United Kingdom
11584,33386,United States
11585,10335,Unitaed Arab Emirates
11586,28262,canada
11587,37867,canada
11588,44620,United Kingdom
11589,14755,Unitaed Arab Emirates
11590,44768,india
11591,17788,United States
11592,39575,australia
11593,28513,india
11594,15132,United States
11595,36532,india
11596,28730,canada
11597,10749,United States
11598,20935,india
11599,26049,United States
11600,12915,United Kingdom
11601,17579,india
11602,18227,india
11603,22709,germany
11604,29933,United Kingdom
11605,27817,australia
11606,39134,United Kingdom
11607,10080,germany
11608,22707,germany
11609,29326,canada
11610,35370,United States
11611,35747,germany
11612,44810,australia
11613,39511,india
11614,46328,india
11615,20074,australia
11616,14710,germany
11617,26700,india
11618,43892,canada
11619,20482,Unitaed Arab Emirates
11620,43881,canada
11621,11972,United Kingdom
11622,17767,United States
11623,30606,canada
11624,47482,india
11625,17661,canada
11626,17143,australia
11627,22164,United States
11628,41018,india
11629,10683,Unitaed Arab Emirates
11630,44743,United Kingdom
11631,10303,germany
11632,22189,United Kingdom
11633,46772,Unitaed Arab Emirates
11634,19452,canada
11635,17397,Unitaed Arab Emirates
11636,19386,Unitaed Arab Emirates
11637,18425,australia
11638,21112,United States
11639,10492,australia
11640,21474,canada
11641,18029,germany
11642,15886,United States
11643,18456,United States
11644,28056,germany
11645,30031,Unitaed Arab Emirates
11646,24780,australia
11647,39928,Unitaed Arab Emirates
11648,18645,United Kingdom
11649,34924,United Kingdom
11650,37338,canada
11651,25483,germany
11652,26965,United Kingdom
11653,45430,canada
11654,41807,canada
11655,25966,india
11656,16923,india
11657,35605,india
11658,26799,germany
11659,31443,United Kingdom
11660,19575,germany
11661,43811,Unitaed Arab Emirates
11662,28130,canada
11663,41014,Unitaed Arab Emirates
11664,30875,india
11665,34041,australia
11666,14443,United Kingdom
11667,19480,United States
11668,14170,canada
11669,46916,australia
11670,32593,canada
11671,42883,Unitaed Arab Emirates
11672,26662,germany
11673,39041,india
11674,16042,canada
11675,15066,United Kingdom
11676,42962,india
11677,11328,United States
11678,16393,india
11679,49901,United States
11680,23761,Unitaed Arab Emirates
11681,24394,United States
11682,23883,australia
11683,27941,germany
11684,45892,india
11685,18720,Unitaed Arab Emirates
11686,49066,United States
11687,17146,india
11688,44578,United States
11689,17914,United States
11690,29229,germany
11691,17341,United Kingdom
11692,43087,Unitaed Arab Emirates
11693,25391,india
11694,34470,australia
11695,46154,canada
11696,39301,United States
11697,46106,australia
11698,49502,australia
11699,10869,australia
11700,16784,india
11701,42232,Unitaed Arab Emirates
11702,17042,canada
11703,49197,canada
11704,10685,canada
11705,25757,United States
11706,47795,australia
11707,19576,Unitaed Arab Emirates
11708,35486,australia
11709,48232,canada
11710,41531,United Kingdom
11711,47883,United Kingdom
11712,33793,United Kingdom
11713,26950,United States
11714,19657,United Kingdom
11715,45233,canada
11716,41039,Unitaed Arab Emirates
11717,14348,Unitaed Arab Emirates
11718,13926,india
11719,21705,australia
11720,14010,canada
11721,11400,india
11722,49475,Unitaed Arab Emirates
11723,36144,germany
11724,40227,United Kingdom
11725,27124,United Kingdom
11726,16255,germany
11727,35449,United States
11728,36984,United Kingdom
11729,42765,germany
11730,17127,australia
11731,44588,india
11732,41699,United Kingdom
11733,27763,australia
11734,34422,United Kingdom
11735,14347,United Kingdom
11736,39257,United States
11737,27727,australia
11738,31654,United Kingdom
11739,26988,United Kingdom
11740,20847,United Kingdom
11741,10591,germany
11742,30338,australia
11743,34587,United States
11744,49547,canada
11745,42889,Unitaed Arab Emirates
11746,39096,germany
11747,12276,Unitaed Arab Emirates
11748,49844,United Kingdom
11749,18837,australia
11750,13382,United States
11751,32344,United States
11752,23911,australia
11753,39142,australia
11754,28481,australia
11755,30250,australia
11756,38207,United States
11757,36590,india
11758,45117,germany
11759,37974,Unitaed Arab Emirates
11760,40446,United States
11761,12585,germany
11762,43086,canada
11763,14104,australia
11764,42627,United Kingdom
11765,13126,United States
11766,38968,canada
11767,49680,United States
11768,42606,australia
11769,11270,United Kingdom
11770,22544,Unitaed Arab Emirates
11771,31596,india
11772,40933,United States
11773,11829,canada
11774,26338,Unitaed Arab Emirates
11775,46507,india
11776,32000,india
11777,25237,germany
11778,45575,United Kingdom
11779,12919,United Kingdom
11780,36872,germany
11781,40538,india
11782,15756,germany
11783,16707,United Kingdom
11784,36912,Unitaed Arab Emirates
11785,37032,United Kingdom
11786,33260,india
11787,29959,United Kingdom
11788,28958,United Kingdom
11789,25150,india
11790,13424,United States
11791,23332,india
11792,10197,india
11793,12688,Unitaed Arab Emirates
11794,17098,United Kingdom
11795,32513,germany
11796,19062,india
11797,10509,United States
11798,41346,United States
11799,47439,germany
11800,10984,canada
11801,48857,canada
11802,32101,United Kingdom
11803,29377,United States
11804,17627,germany
11805,47339,germany
11806,22591,canada
11807,36808,australia
11808,36888,United Kingdom
11809,19629,canada
11810,36796,United Kingdom
11811,35482,United Kingdom
11812,30825,india
11813,11095,Unitaed Arab Emirates
11814,44574,canada
11815,18399,india
11816,19557,United Kingdom
11817,15501,india
11818,39660,United States
11819,20255,india
11820,34821,United States
11821,25761,canada
11822,24015,australia
11823,27861,australia
11824,32669,canada
11825,12497,india
11826,15850,australia
11827,11787,india
11828,41542,Unitaed Arab Emirates
11829,38787,Unitaed Arab Emirates
11830,26288,Unitaed Arab Emirates
11831,43683,Unitaed Arab Emirates
11832,35468,india
11833,17313,australia
11834,38965,germany
11835,29199,germany
11836,31669,india
11837,47361,india
11838,10976,australia
11839,13555,Unitaed Arab Emirates
11840,31183,United Kingdom
11841,21818,United Kingdom
11842,40928,United Kingdom
11843,13028,United Kingdom
11844,15239,australia
11845,37547,United Kingdom
11846,44173,United Kingdom
11847,25369,germany
11848,26698,canada
11849,39316,Unitaed Arab Emirates
11850,42367,india
11851,46438,australia
11852,28293,germany
11853,14463,canada
11854,16774,australia
11855,42509,india
11856,41347,india
11857,29654,canada
11858,35829,Unitaed Arab Emirates
11859,42963,Unitaed Arab Emirates
11860,18981,United Kingdom
11861,21259,canada
11862,46321,germany
11863,40380,canada
11864,45348,india
11865,34549,canada
11866,43172,United Kingdom
11867,37323,United States
11868,18144,germany
11869,29228,United States
11870,12336,canada
11871,10089,United Kingdom
11872,31446,germany
11873,39996,United Kingdom
11874,40137,india
11875,19717,United Kingdom
11876,36271,United States
11877,38266,germany
11878,46809,australia
11879,10715,United Kingdom
11880,28825,United Kingdom
11881,34523,canada
11882,48036,United Kingdom
11883,36227,australia
11884,33780,United States
11885,26033,australia
11886,29285,india
11887,29976,United States
11888,34758,germany
11889,33049,Unitaed Arab Emirates
11890,49600,canada
11891,42851,United States
11892,19934,australia
11893,19132,Unitaed Arab Emirates
11894,27420,india
11895,27784,australia
11896,46248,United States
11897,48517,United States
11898,10724,india
11899,42955,United Kingdom
11900,40471,india
11901,47380,germany
11902,17211,Unitaed Arab Emirates
11903,34024,United States
11904,42148,germany
11905,34936,United States
11906,25424,germany
11907,27612,india
11908,43666,United States
11909,37640,Unitaed Arab Emirates
11910,31764,australia
11911,26473,australia
11912,15563,australia
11913,21361,Unitaed Arab Emirates
11914,15429,india
11915,19282,canada
11916,21821,United Kingdom
11917,18342,United Kingdom
11918,24653,india
11919,10983,United States
11920,27360,United Kingdom
11921,45546,Unitaed Arab Emirates
11922,23916,Unitaed Arab Emirates
11923,28955,canada
11924,19378,United States
11925,26213,india
11926,39888,United Kingdom
11927,48252,india
11928,46175,United Kingdom
11929,38328,United States
11930,43540,germany
11931,35740,United Kingdom
11932,14953,United States
11933,14594,germany
11934,18840,germany
11935,36799,germany
11936,10987,germany
11937,28574,germany
11938,47391,Unitaed Arab Emirates
11939,28169,india
11940,19719,United Kingdom
11941,16149,india
11942,39255,Unitaed Arab Emirates
11943,11901,germany
11944,28787,United States
11945,29369,Unitaed Arab Emirates
11946,44618,india
11947,35583,canada
11948,35121,United Kingdom
11949,35100,germany
11950,22202,australia
11951,19929,india
11952,12021,canada
11953,21379,United States
11954,19933,United Kingdom
11955,38981,canada
11956,17359,Unitaed Arab Emirates
11957,33830,United States
11958,35934,United Kingdom
11959,33164,Unitaed Arab Emirates
11960,44364,australia
11961,36556,australia
11962,18747,United Kingdom
11963,22156,australia
11964,37635,Unitaed Arab Emirates
11965,47122,United Kingdom
11966,27218,canada
11967,19058,germany
11968,42743,india
11969,27287,australia
11970,37033,United Kingdom
11971,34270,germany
11972,29774,Unitaed Arab Emirates
11973,12759,germany
11974,22081,india
11975,17819,United States
11976,38309,australia
11977,45921,canada
11978,38690,United Kingdom
11979,45599,australia
11980,32896,germany
11981,18649,Unitaed Arab Emirates
11982,31696,United Kingdom
11983,33829,canada
11984,23968,germany
11985,49970,United States
11986,11608,United Kingdom
11987,46662,United Kingdom
11988,49556,india
11989,42077,United States
11990,39863,United Kingdom
11991,39399,india
11992,29795,canada
11993,12144,germany
11994,10899,india
11995,10697,United Kingdom
11996,30439,germany
11997,49999,australia
11998,46184,india
11999,21242,canada
12000,45257,United Kingdom
12001,16594,Unitaed Arab Emirates
12002,16377,United Kingdom
12003,27176,india
12004,36651,canada
12005,11481,australia
12006,18933,Unitaed Arab Emirates
12007,28417,germany
12008,44213,United States
12009,45677,india
12010,15768,india
12011,35199,canada
12012,15740,canada
12013,28441,india
12014,42089,Unitaed Arab Emirates
12015,43932,United Kingdom
12016,38699,germany
12017,13171,United Kingdom
12018,26138,germany
12019,16536,United Kingdom
12020,23136,canada
12021,43028,Unitaed Arab Emirates
12022,41812,United States
12023,38709,United Kingdom
12024,15185,australia
12025,32591,canada
12026,29178,germany
12027,42408,india
12028,25013,germany
12029,16988,canada
12030,38184,australia
12031,43934,india
12032,47077,canada
12033,34268,australia
12034,48301,germany
12035,12541,india
12036,32184,United Kingdom
12037,43916,germany
12038,38526,United States
12039,24679,australia
12040,27159,Unitaed Arab Emirates
12041,25880,canada
12042,42270,germany
12043,48975,germany
12044,42433,australia
12045,49946,Unitaed Arab Emirates
12046,18798,United States
12047,38279,india
12048,36196,germany
12049,14311,germany
12050,30849,germany
12051,28672,United States
12052,12368,germany
12053,34137,Unitaed Arab Emirates
12054,22901,canada
12055,18111,germany
12056,10283,Unitaed Arab Emirates
12057,24208,india
12058,36390,india
12059,28518,United Kingdom
12060,32710,india
12061,49309,United Kingdom
12062,42781,United States
12063,18360,australia
12064,14824,Unitaed Arab Emirates
12065,45055,australia
12066,25068,Unitaed Arab Emirates
12067,47133,Unitaed Arab Emirates
12068,44077,United Kingdom
12069,32862,germany
12070,23877,United States
12071,26826,United Kingdom
12072,27291,Unitaed Arab Emirates
12073,36993,United Kingdom
12074,34650,canada
12075,12470,United Kingdom
12076,25170,United Kingdom
12077,31224,canada
12078,49182,germany
12079,35697,Unitaed Arab Emirates
12080,22389,United States
12081,33979,United Kingdom
12082,27512,australia
12083,18863,australia
12084,31403,Unitaed Arab Emirates
12085,48873,germany
12086,29721,australia
12087,49331,United States
12088,28847,canada
12089,31858,Unitaed Arab Emirates
12090,46758,india
12091,48272,australia
12092,20782,United Kingdom
12093,21222,United Kingdom
12094,22731,United Kingdom
12095,39601,germany
12096,37613,canada
12097,29785,india
12098,46869,Unitaed Arab Emirates
12099,43995,india
12100,28800,india
12101,10721,germany
12102,42432,Unitaed Arab Emirates
12103,37960,United States
12104,21157,australia
12105,45243,canada
12106,13687,india
12107,43794,india
12108,15795,germany
12109,20769,United States
12110,29552,australia
12111,27160,india
12112,34723,Unitaed Arab Emirates
12113,26019,United States
12114,25616,United States
12115,27885,canada
12116,49267,australia
12117,11664,Unitaed Arab Emirates
12118,16596,United Kingdom
12119,22232,canada
12120,49088,canada
12121,42653,United Kingdom
12122,18401,canada
12123,33675,United States
12124,19379,United States
12125,34414,United Kingdom
12126,13053,germany
12127,35852,United States
12128,31238,canada
12129,29338,canada
12130,37269,canada
12131,35805,United States
12132,14855,United Kingdom
12133,40037,canada
12134,14674,australia
12135,12908,United Kingdom
12136,39320,Unitaed Arab Emirates
12137,34939,canada
12138,10469,australia
12139,39206,canada
12140,33056,germany
12141,14323,United Kingdom
12142,10988,United States
12143,39870,australia
12144,24218,United States
12145,49464,Unitaed Arab Emirates
12146,22302,Unitaed Arab Emirates
12147,22890,australia
12148,17483,germany
12149,29604,Unitaed Arab Emirates
12150,31011,canada
12151,13440,canada
12152,15732,germany
12153,15152,germany
12154,39345,United Kingdom
12155,19501,germany
12156,27064,india
12157,36284,canada
12158,31206,australia
12159,46668,Unitaed Arab Emirates
12160,47132,germany
12161,13857,india
12162,34446,canada
12163,22431,australia
12164,20461,germany
12165,10780,United States
12166,48497,United States
12167,47298,United Kingdom
12168,15664,india
12169,26181,germany
12170,42547,germany
12171,46080,india
12172,21318,United States
12173,28814,United Kingdom
12174,19821,United States
12175,39838,United States
12176,26944,United States
12177,12695,australia
12178,17910,australia
12179,20851,United Kingdom
12180,24803,United Kingdom
12181,17460,australia
12182,20951,United States
12183,44771,canada
12184,22408,india
12185,46760,United Kingdom
12186,44229,canada
12187,39460,Unitaed Arab Emirates
12188,39796,United States
12189,27278,canada
12190,15278,United States
12191,10517,australia
12192,16825,germany
12193,15299,australia
12194,43768,United States
12195,18831,United States
12196,39324,india
12197,45705,canada
12198,46964,United States
12199,49231,canada
12200,25033,germany
12201,29800,United States
12202,24691,Unitaed Arab Emirates
12203,41588,germany
12204,42292,Unitaed Arab Emirates
12205,23597,germany
12206,14550,germany
12207,48211,canada
12208,10209,Unitaed Arab Emirates
12209,46708,australia
12210,24779,United Kingdom
12211,42943,india
12212,17254,United States
12213,14856,germany
12214,29913,canada
12215,18408,india
12216,43587,germany
12217,24022,Unitaed Arab Emirates
12218,20663,United Kingdom
12219,25216,United States
12220,42332,germany
12221,10184,india
12222,35177,United Kingdom
12223,27693,United Kingdom
12224,44139,germany
12225,20958,Unitaed Arab Emirates
12226,39201,india
12227,36430,germany
12228,10006,United States
12229,14045,india
12230,11623,india
12231,24834,United States
12232,10586,india
12233,19447,United Kingdom
12234,28871,United States
12235,46714,Unitaed Arab Emirates
12236,34533,Unitaed Arab Emirates
12237,34674,india
12238,20651,United States
12239,24945,india
12240,26721,germany
12241,14341,canada
12242,14299,United States
12243,33432,india
12244,11216,germany
12245,29814,canada
12246,32057,United States
12247,18927,United Kingdom
12248,20523,canada
12249,40307,india
12250,14668,australia
12251,38199,canada
12252,32074,United Kingdom
12253,39612,Unitaed Arab Emirates
12254,39918,india
12255,26591,Unitaed Arab Emirates
12256,37046,australia
12257,43961,United States
12258,47002,canada
12259,44426,germany
12260,33947,Unitaed Arab Emirates
12261,26809,australia
12262,25806,india
12263,39832,United States
12264,15029,United Kingdom
12265,15064,australia
12266,43336,canada
12267,43762,United Kingdom
12268,41005,canada
12269,14039,Unitaed Arab Emirates
12270,42379,germany
12271,17202,Unitaed Arab Emirates
12272,24285,germany
12273,16041,germany
12274,43353,germany
12275,30226,germany
12276,11177,United States
12277,19930,australia
12278,47296,germany
12279,41496,canada
12280,46097,germany
12281,15461,Unitaed Arab Emirates
12282,14597,canada
12283,35993,australia
12284,32955,india
12285,49586,australia
12286,35109,United Kingdom
12287,49443,Unitaed Arab Emirates
12288,37491,canada
12289,23677,United Kingdom
12290,39535,india
12291,44457,Unitaed Arab Emirates
12292,48450,india
12293,28677,United States
12294,19664,United Kingdom
12295,34968,United Kingdom
12296,30991,United States
12297,37138,United States
12298,21775,United Kingdom
12299,33795,United States
12300,16950,United Kingdom
12301,12616,germany
12302,21826,United States
12303,14823,United Kingdom
12304,40161,Unitaed Arab Emirates
12305,26366,Unitaed Arab Emirates
12306,22767,Unitaed Arab Emirates
12307,16915,india
12308,22496,india
12309,26340,United Kingdom
12310,42804,germany
12311,33699,United Kingdom
12312,35996,Unitaed Arab Emirates
12313,40198,United States
12314,18698,United Kingdom
12315,36190,United States
12316,10972,india
12317,23678,United Kingdom
12318,37956,United Kingdom
12319,42979,canada
12320,28715,United Kingdom
12321,42006,germany
12322,27916,Unitaed Arab Emirates
12323,42107,canada
12324,24796,United States
12325,33866,Unitaed Arab Emirates
12326,12407,germany
12327,41653,United States
12328,15162,canada
12329,34449,india
12330,22933,United States
12331,41388,germany
12332,28637,United States
12333,35511,United States
12334,27893,india
12335,24225,United States
12336,43761,india
12337,42822,india
12338,25090,United Kingdom
12339,33113,canada
12340,20553,australia
12341,48927,canada
12342,15528,United States
12343,35351,india
12344,45660,Unitaed Arab Emirates
12345,30571,United States
12346,20568,Unitaed Arab Emirates
12347,47465,india
12348,12944,Unitaed Arab Emirates
12349,32923,Unitaed Arab Emirates
12350,11153,india
12351,41874,United Kingdom
12352,21781,Unitaed Arab Emirates
12353,30116,australia
12354,17719,Unitaed Arab Emirates
12355,46035,canada
12356,30888,United States
12357,39554,germany
12358,42838,germany
12359,14640,United States
12360,14914,United States
12361,24279,germany
12362,47748,india
12363,21086,germany
12364,28195,australia
12365,48598,United Kingdom
12366,19964,india
12367,26384,australia
12368,15361,Unitaed Arab Emirates
12369,44949,United Kingdom
12370,21515,Unitaed Arab Emirates
12371,47732,india
12372,24090,india
12373,20969,Unitaed Arab Emirates
12374,15191,United States
12375,47384,india
12376,35484,australia
12377,11922,india
12378,44754,canada
12379,40402,germany
12380,30426,United States
12381,38217,Unitaed Arab Emirates
12382,10500,germany
12383,24313,india
12384,35907,india
12385,27611,india
12386,12055,United Kingdom
12387,20069,australia
12388,25991,germany
12389,45338,United States
12390,17476,United Kingdom
12391,12969,canada
12392,23490,United Kingdom
12393,31494,United States
12394,15723,australia
12395,15131,United Kingdom
12396,27657,United States
12397,13710,australia
12398,10420,australia
12399,45847,australia
12400,24500,United States
12401,45187,Unitaed Arab Emirates
12402,11418,australia
12403,23731,Unitaed Arab Emirates
12404,47315,india
12405,12041,australia
12406,23583,Unitaed Arab Emirates
12407,40251,germany
12408,29952,australia
12409,43139,germany
12410,32738,United Kingdom
12411,15650,australia
12412,22868,australia
12413,45969,canada
12414,35202,germany
12415,25449,australia
12416,14307,United Kingdom
12417,29345,australia
12418,44414,canada
12419,33899,United States
12420,29019,australia
12421,12343,australia
12422,32382,United Kingdom
12423,25599,United States
12424,48491,canada
12425,14976,United Kingdom
12426,14038,canada
12427,34071,australia
12428,29268,United Kingdom
12429,44090,United States
12430,45377,United Kingdom
12431,40723,canada
12432,28795,United Kingdom
12433,31232,canada
12434,19746,Unitaed Arab Emirates
12435,39070,germany
12436,40408,Unitaed Arab Emirates
12437,34679,germany
12438,40526,germany
12439,31046,india
12440,29107,United States
12441,22140,United States
12442,20607,United Kingdom
12443,28281,canada
12444,47588,india
12445,27098,Unitaed Arab Emirates
12446,12872,canada
12447,48699,germany
12448,41905,canada
12449,27586,United Kingdom
12450,26475,United States
12451,15769,germany
12452,30363,canada
12453,19511,australia
12454,49920,United Kingdom
12455,28624,germany
12456,19061,india
12457,37342,Unitaed Arab Emirates
12458,21549,india
12459,16371,india
12460,38714,canada
12461,12558,United Kingdom
12462,36909,australia
12463,11320,Unitaed Arab Emirates
12464,33588,india
12465,33634,canada
12466,11240,United States
12467,13322,United States
12468,14752,germany
12469,34081,Unitaed Arab Emirates
12470,20578,australia
12471,30707,United States
12472,27643,United Kingdom
12473,12413,United Kingdom
12474,24769,canada
12475,12905,Unitaed Arab Emirates
12476,20688,Unitaed Arab Emirates
12477,12554,Unitaed Arab Emirates
12478,13402,United States
12479,30666,United States
12480,48424,canada
12481,44296,india
12482,47177,canada
12483,30910,germany
12484,21690,australia
12485,17270,United States
12486,29191,United States
12487,40369,canada
12488,39914,australia
12489,20194,germany
12490,31972,india
12491,22897,United States
12492,40513,india
12493,43706,germany
12494,48508,United States
12495,39894,india
12496,33167,canada
12497,42907,india
12498,17061,United Kingdom
12499,26810,Unitaed Arab Emirates
12500,27602,india
12501,38886,United Kingdom
12502,38257,australia
12503,42732,United States
12504,19644,Unitaed Arab Emirates
12505,11717,germany
12506,44967,india
12507,11428,Unitaed Arab Emirates
12508,11311,Unitaed Arab Emirates
12509,49044,germany
12510,17569,Unitaed Arab Emirates
12511,13106,canada
12512,45682,United Kingdom
12513,27137,canada
12514,26867,canada
12515,17812,United Kingdom
12516,18736,United States
12517,45674,canada
12518,12746,canada
12519,30610,india
12520,42142,United States
12521,37898,australia
12522,47287,canada
12523,32258,germany
12524,38641,australia
12525,44977,india
12526,38766,United States
12527,31314,canada
12528,17396,germany
12529,10656,germany
12530,15014,canada
12531,36660,germany
12532,45258,india
12533,21299,germany
12534,36009,United Kingdom
12535,45960,india
12536,15043,United Kingdom
12537,24624,United States
12538,48765,Unitaed Arab Emirates
12539,35671,canada
12540,44756,australia
12541,41619,australia
12542,11588,United States
12543,36054,United Kingdom
12544,22656,germany
12545,10409,germany
12546,46727,india
12547,13574,United Kingdom
12548,34736,United Kingdom
12549,48621,australia
12550,22058,india
12551,29862,canada
12552,48999,United Kingdom
12553,30918,United Kingdom
12554,26883,United Kingdom
12555,47209,australia
12556,33755,india
12557,48816,canada
12558,22457,United Kingdom
12559,18949,australia
12560,33668,Unitaed Arab Emirates
12561,34539,canada
12562,16860,india
12563,17035,United Kingdom
12564,35285,United Kingdom
12565,48300,germany
12566,28585,australia
12567,49135,Unitaed Arab Emirates
12568,39269,United States
12569,27825,United Kingdom
12570,40180,United Kingdom
12571,43451,germany
12572,40367,germany
12573,15170,australia
12574,25316,germany
12575,41051,Unitaed Arab Emirates
12576,15715,United States
12577,25652,United States
12578,42013,australia
12579,46752,germany
12580,36465,United States
12581,31639,Unitaed Arab Emirates
12582,32786,india
12583,19471,india
12584,49242,australia
12585,13994,canada
12586,21656,United States
12587,29214,germany
12588,16410,australia
12589,48786,india
12590,43627,United States
12591,35126,United Kingdom
12592,16147,india
12593,10677,australia
12594,18653,australia
12595,19328,india
12596,22404,australia
12597,31819,india
12598,49883,australia
12599,33566,india
12600,18315,United Kingdom
12601,34403,United States
12602,22443,germany
12603,23588,canada
12604,13930,canada
12605,13776,canada
12606,47867,germany
12607,37348,canada
12608,36377,india
12609,30057,United Kingdom
12610,18335,United States
12611,18357,australia
12612,46696,canada
12613,28741,germany
12614,38683,United Kingdom
12615,10576,india
12616,25029,australia
12617,11298,canada
12618,22900,United Kingdom
12619,12263,india
12620,14754,australia
12621,46631,canada
12622,15598,germany
12623,49418,Unitaed Arab Emirates
12624,21538,United States
12625,45786,india
12626,19396,india
12627,41725,australia
12628,38452,Unitaed Arab Emirates
12629,32299,canada
12630,30943,United Kingdom
12631,22614,germany
12632,18192,india
12633,45283,germany
12634,48981,canada
12635,48531,canada
12636,28324,Unitaed Arab Emirates
12637,17010,United Kingdom
12638,34667,United Kingdom
12639,49283,australia
12640,30275,United States
12641,44914,United Kingdom
12642,37133,canada
12643,36452,canada
12644,13663,canada
12645,15081,india
12646,34058,india
12647,43729,canada
12648,32466,australia
12649,14374,canada
12650,37397,india
12651,29965,United States
12652,22718,australia
12653,38108,australia
12654,12312,germany
12655,12492,United States
12656,12270,United States
12657,41481,United Kingdom
12658,49469,germany
12659,18460,Unitaed Arab Emirates
12660,37274,germany
12661,32568,Unitaed Arab Emirates
12662,30461,United States
12663,34000,germany
12664,27186,india
12665,48902,United States
12666,32850,india
12667,11303,United States
12668,15213,germany
12669,49775,germany
12670,39239,india
12671,40979,india
12672,25067,india
12673,41399,Unitaed Arab Emirates
12674,35258,canada
12675,13058,india
12676,34200,Unitaed Arab Emirates
12677,44069,india
12678,36371,australia
12679,35471,United Kingdom
12680,39603,United States
12681,35056,United Kingdom
12682,14037,Unitaed Arab Emirates
12683,23762,canada
12684,49712,Unitaed Arab Emirates
12685,40824,india
12686,20166,australia
12687,34765,india
12688,43026,United States
12689,12419,canada
12690,33359,germany
12691,13332,United Kingdom
12692,29501,United Kingdom
12693,47507,india
12694,48364,Unitaed Arab Emirates
12695,12314,United States
12696,11557,Unitaed Arab Emirates
12697,41849,Unitaed Arab Emirates
12698,44484,germany
12699,39196,United States
12700,19699,germany
12701,36540,United Kingdom
12702,21327,germany
12703,34392,United States
12704,17803,germany
12705,21921,australia
12706,35480,germany
12707,47589,United Kingdom
12708,15559,United States
12709,29583,United States
12710,45109,Unitaed Arab Emirates
12711,48027,australia
12712,21786,india
12713,20178,germany
12714,20522,india
12715,23758,United States
12716,39513,United States
12717,42450,canada
12718,26589,Unitaed Arab Emirates
12719,35214,United States
12720,46385,india
12721,26447,Unitaed Arab Emirates
12722,30216,United States
12723,29560,australia
12724,31181,Unitaed Arab Emirates
12725,14023,germany
12726,26778,Unitaed Arab Emirates
12727,11859,germany
12728,16441,United Kingdom
12729,31928,australia
12730,27404,australia
12731,29856,United States
12732,39224,india
12733,15517,United Kingdom
12734,23571,canada
12735,40845,india
12736,20410,United States
12737,49827,United Kingdom
12738,36624,india
12739,12288,india
12740,31063,australia
12741,22048,Unitaed Arab Emirates
12742,22244,canada
12743,31080,germany
12744,24355,Unitaed Arab Emirates
12745,40010,United Kingdom
12746,33000,australia
12747,32484,germany
12748,14782,canada
12749,40769,canada
12750,27462,australia
12751,30969,canada
12752,27739,United States
12753,32401,india
12754,35728,australia
12755,18566,United States
12756,20777,Unitaed Arab Emirates
12757,44419,india
12758,37681,australia
12759,38989,india
12760,22007,Unitaed Arab Emirates
12761,47448,germany
12762,20792,india
12763,46957,Unitaed Arab Emirates
12764,14742,United Kingdom
12765,11741,United Kingdom
12766,19706,United States
12767,30208,india
12768,13841,United States
12769,31451,australia
12770,38765,United States
12771,28745,canada
12772,34935,canada
12773,39069,australia
12774,19571,United Kingdom
12775,19647,United Kingdom
12776,49816,Unitaed Arab Emirates
12777,43977,india
12778,27548,germany
12779,34458,Unitaed Arab Emirates
12780,35656,United States
12781,26066,germany
12782,36279,germany
12783,24069,Unitaed Arab Emirates
12784,25301,United States
12785,33393,United Kingdom
12786,42950,United Kingdom
12787,44301,United Kingdom
12788,10155,australia
12789,32195,germany
12790,36720,australia
12791,47652,United Kingdom
12792,24573,United States
12793,31804,United Kingdom
12794,38853,Unitaed Arab Emirates
12795,40610,United Kingdom
12796,15274,australia
12797,30391,United States
12798,14858,United Kingdom
12799,25207,india
12800,47446,germany
12801,26060,canada
12802,25963,Unitaed Arab Emirates
12803,33218,United States
12804,36676,india
12805,35289,United States
12806,27835,Unitaed Arab Emirates
12807,27781,United Kingdom
12808,48942,canada
12809,39471,United Kingdom
12810,43458,india
12811,17898,australia
12812,42247,germany
12813,46347,United Kingdom
12814,21716,india
12815,18967,germany
12816,18820,canada
12817,35034,United States
12818,10878,United Kingdom
12819,40383,Unitaed Arab Emirates
12820,20002,germany
12821,29973,canada
12822,49393,india
12823,21700,australia
12824,23310,canada
12825,15281,canada
12826,14111,United Kingdom
12827,10688,canada
12828,20304,Unitaed Arab Emirates
12829,16216,germany
12830,28635,Unitaed Arab Emirates
12831,21835,United States
12832,45428,United States
12833,20434,canada
12834,41269,germany
12835,15662,Unitaed Arab Emirates
12836,49221,Unitaed Arab Emirates
12837,30325,United States
12838,39876,Unitaed Arab Emirates
12839,17412,australia
12840,27631,canada
12841,19465,Unitaed Arab Emirates
12842,16886,india
12843,14705,india
12844,43465,germany
12845,12066,canada
12846,49682,United States
12847,44841,australia
12848,40445,india
12849,43818,United Kingdom
12850,44920,United States
12851,23323,Unitaed Arab Emirates
12852,21340,Unitaed Arab Emirates
12853,37265,india
12854,30287,germany
12855,17510,germany
12856,26832,United Kingdom
12857,24389,United States
12858,15835,canada
12859,37062,United States
12860,31519,india
12861,14945,Unitaed Arab Emirates
12862,40191,germany
12863,39906,canada
12864,44627,Unitaed Arab Emirates
12865,20866,canada
12866,49158,germany
12867,43316,india
12868,28784,Unitaed Arab Emirates
12869,13170,canada
12870,12621,canada
12871,46169,australia
12872,49234,australia
12873,40193,United States
12874,16172,germany
12875,10542,germany
12876,19531,Unitaed Arab Emirates
12877,40246,canada
12878,34501,Unitaed Arab Emirates
12879,20421,United States
12880,15773,australia
12881,16310,germany
12882,47248,canada
12883,30087,Unitaed Arab Emirates
12884,17259,Unitaed Arab Emirates
12885,28618,australia
12886,13536,United States
12887,26941,United States
12888,41738,Unitaed Arab Emirates
12889,11810,United States
12890,28740,Unitaed Arab Emirates
12891,24351,canada
12892,22349,Unitaed Arab Emirates
12893,42064,india
12894,33714,india
12895,33319,canada
12896,23636,germany
12897,25734,australia
12898,17912,canada
12899,35528,United States
12900,40159,canada
12901,12574,United Kingdom
12902,40537,Unitaed Arab Emirates
12903,49715,United Kingdom
12904,49669,United Kingdom
12905,10334,United Kingdom
12906,23186,germany
12907,32820,Unitaed Arab Emirates
12908,11730,germany
12909,48023,Unitaed Arab Emirates
12910,41319,Unitaed Arab Emirates
12911,46621,canada
12912,28108,india
12913,10911,canada
12914,40440,Unitaed Arab Emirates
12915,41751,Unitaed Arab Emirates
12916,39627,germany
12917,49789,germany
12918,24147,canada
12919,22706,United Kingdom
12920,46427,germany
12921,22793,germany
12922,21586,australia
12923,25290,United States
12924,30481,india
12925,25993,india
12926,34453,Unitaed Arab Emirates
12927,42783,canada
12928,47142,germany
12929,49281,Unitaed Arab Emirates
12930,42669,United Kingdom
12931,23250,United States
12932,15174,Unitaed Arab Emirates
12933,21505,United States
12934,44075,United States
12935,47542,United States
12936,48982,United Kingdom
12937,46410,india
12938,26463,Unitaed Arab Emirates
12939,41803,Unitaed Arab Emirates
12940,32348,United States
12941,31993,United Kingdom
12942,25049,United States
12943,42516,germany
12944,28602,United Kingdom
12945,19712,germany
12946,11984,Unitaed Arab Emirates
12947,13723,canada
12948,11460,canada
12949,11208,germany
12950,13795,germany
12951,45276,germany
12952,37057,australia
12953,24962,australia
12954,22674,United Kingdom
12955,20132,germany
12956,14309,United Kingdom
12957,32924,india
12958,43133,india
12959,12221,United States
12960,46389,Unitaed Arab Emirates
12961,40618,Unitaed Arab Emirates
12962,25541,australia
12963,26985,germany
12964,18803,United States
12965,10326,Unitaed Arab Emirates
12966,12927,india
12967,23527,australia
12968,44732,United States
12969,47227,australia
12970,35599,canada
12971,31685,india
12972,28138,india
12973,44849,australia
12974,16281,canada
12975,12075,Unitaed Arab Emirates
12976,14028,india
12977,14201,Unitaed Arab Emirates
12978,26155,United Kingdom
12979,36398,australia
12980,44024,United States
12981,32354,india
12982,14297,United States
12983,22830,canada
12984,42808,Unitaed Arab Emirates
12985,12859,canada
12986,44805,canada
12987,44442,germany
12988,12518,india
12989,18691,United States
12990,45821,australia
12991,28854,australia
12992,34411,United States
12993,24738,Unitaed Arab Emirates
12994,24829,australia
12995,32226,United Kingdom
12996,11257,Unitaed Arab Emirates
12997,16635,United Kingdom
12998,12972,United States
12999,15041,india
13000,33058,United States
13001,48607,United Kingdom
13002,40801,canada
13003,34827,india
13004,15672,United Kingdom
13005,28371,United Kingdom
13006,39388,australia
13007,15218,Unitaed Arab Emirates
13008,12642,india
13009,25776,United States
13010,21073,United States
13011,35626,canada
13012,42360,india
13013,27005,india
13014,42786,australia
13015,23457,germany
13016,44670,Unitaed Arab Emirates
13017,42658,australia
13018,25919,United States
13019,43974,india
13020,34221,germany
13021,46848,Unitaed Arab Emirates
13022,26548,United Kingdom
13023,16952,india
13024,23525,canada
13025,27595,Unitaed Arab Emirates
13026,45927,Unitaed Arab Emirates
13027,11495,india
13028,26119,Unitaed Arab Emirates
13029,39749,australia
13030,21919,india
13031,23245,United States
13032,37567,australia
13033,41428,United States
13034,11791,United States
13035,33506,canada
13036,12389,Unitaed Arab Emirates
13037,17582,australia
13038,23750,india
13039,26684,india
13040,24995,Unitaed Arab Emirates
13041,41417,canada
13042,37590,Unitaed Arab Emirates
13043,41136,australia
13044,11746,canada
13045,18870,australia
13046,47775,canada
13047,10343,australia
13048,25898,United States
13049,21639,Unitaed Arab Emirates
13050,20344,Unitaed Arab Emirates
13051,38773,australia
13052,15783,United States
13053,10489,germany
13054,21414,United States
13055,19565,canada
13056,39036,United States
13057,25587,United Kingdom
13058,15811,canada
13059,13401,United Kingdom
13060,28826,United States
13061,26807,india
13062,23818,Unitaed Arab Emirates
13063,22864,United Kingdom
13064,45631,United States
13065,12012,canada
13066,17647,Unitaed Arab Emirates
13067,22132,australia
13068,23434,Unitaed Arab Emirates
13069,16749,canada
13070,44411,United States
13071,19995,india
13072,43721,United States
13073,37890,United Kingdom
13074,39459,australia
13075,31809,Unitaed Arab Emirates
13076,35758,germany
13077,33421,United States
13078,27292,canada
13079,32983,canada
13080,21629,United States
13081,14534,australia
13082,41866,Unitaed Arab Emirates
13083,19750,germany
13084,48085,United States
13085,36744,canada
13086,32952,australia
13087,36460,germany
13088,17422,germany
13089,39314,United States
13090,12866,australia
13091,40791,United Kingdom
13092,34698,Unitaed Arab Emirates
13093,10391,india
13094,13298,United Kingdom
13095,23202,Unitaed Arab Emirates
13096,47321,australia
13097,24518,australia
13098,28943,germany
13099,37347,australia
13100,15894,canada
13101,41893,germany
13102,47456,United States
13103,31912,canada
13104,36026,United Kingdom
13105,15790,United Kingdom
13106,42555,australia
13107,36902,india
13108,48947,Unitaed Arab Emirates
13109,29236,canada
13110,26851,germany
13111,29192,germany
13112,48327,india
13113,45541,United States
13114,12857,United States
13115,13165,germany
13116,32293,germany
13117,44277,United Kingdom
13118,26549,india
13119,46294,canada
13120,21633,germany
13121,35977,Unitaed Arab Emirates
13122,46771,Unitaed Arab Emirates
13123,44182,australia
13124,12749,australia
13125,46625,india
13126,19734,australia
13127,40421,United States
13128,14403,india
13129,41035,United Kingdom
13130,39425,Unitaed Arab Emirates
13131,21367,australia
13132,33887,canada
13133,44792,canada
13134,12981,germany
13135,11305,Unitaed Arab Emirates
13136,45869,United Kingdom
13137,41400,india
13138,17014,Unitaed Arab Emirates
13139,33223,canada
13140,15684,germany
13141,13974,india
13142,31427,canada
13143,13220,canada
13144,40993,germany
13145,14644,canada
13146,19862,Unitaed Arab Emirates
13147,48972,United States
13148,35659,australia
13149,32907,Unitaed Arab Emirates
13150,44630,canada
13151,36375,canada
13152,42717,australia
13153,30342,germany
13154,22294,germany
13155,23216,india
13156,30392,canada
13157,13793,australia
13158,18674,india
13159,20730,india
13160,18603,United Kingdom
13161,45247,australia
13162,14098,australia
13163,33483,United Kingdom
13164,30639,Unitaed Arab Emirates
13165,35994,australia
13166,11055,canada
13167,28914,canada
13168,35432,canada
13169,17825,canada
13170,43109,germany
13171,26960,Unitaed Arab Emirates
13172,46796,australia
13173,28578,United Kingdom
13174,46818,germany
13175,32013,United States
13176,15416,United States
13177,15106,germany
13178,41424,germany
13179,39818,Unitaed Arab Emirates
13180,21552,germany
13181,27123,United Kingdom
13182,43277,Unitaed Arab Emirates
13183,43361,india
13184,36038,canada
13185,41446,australia
13186,19784,canada
13187,14883,india
13188,13822,United Kingdom
13189,17754,germany
13190,48181,india
13191,29226,germany
13192,16565,Unitaed Arab Emirates
13193,40172,canada
13194,30697,india
13195,12200,germany
13196,40477,australia
13197,24372,United States
13198,18881,United Kingdom
13199,24645,canada
13200,13962,germany
13201,40494,Unitaed Arab Emirates
13202,38500,germany
13203,13252,Unitaed Arab Emirates
13204,23992,United States
13205,29714,United Kingdom
13206,49395,germany
13207,16977,Unitaed Arab Emirates
13208,22775,germany
13209,46593,canada
13210,39155,Unitaed Arab Emirates
13211,22935,United Kingdom
13212,34878,india
13213,34993,United Kingdom
13214,48357,germany
13215,43597,Unitaed Arab Emirates
13216,42255,germany
13217,43905,india
13218,40073,germany
13219,36758,Unitaed Arab Emirates
13220,32740,Unitaed Arab Emirates
13221,10786,australia
13222,45317,canada
13223,20659,Unitaed Arab Emirates
13224,31600,United Kingdom
13225,45105,india
13226,20346,india
13227,11802,Unitaed Arab Emirates
13228,31100,United Kingdom
13229,37978,United Kingdom
13230,10727,germany
13231,38803,germany
13232,22626,United Kingdom
13233,34796,Unitaed Arab Emirates
13234,47645,United States
13235,21088,india
13236,22039,United States
13237,14172,Unitaed Arab Emirates
13238,12652,United Kingdom
13239,22142,germany
13240,23463,United States
13241,44172,canada
13242,35533,australia
13243,46279,Unitaed Arab Emirates
13244,20560,india
13245,31593,germany
13246,43508,United Kingdom
13247,19498,india
13248,26152,United Kingdom
13249,24292,Unitaed Arab Emirates
13250,37625,india
13251,24715,United Kingdom
13252,34832,United Kingdom
13253,36782,australia
13254,46610,Unitaed Arab Emirates
13255,38874,United Kingdom
13256,38753,germany
13257,19661,australia
13258,11048,United States
13259,24083,australia
13260,41606,canada
13261,33667,Unitaed Arab Emirates
13262,25508,Unitaed Arab Emirates
13263,22308,india
13264,20877,canada
13265,18824,United States
13266,41359,germany
13267,39117,canada
13268,18478,Unitaed Arab Emirates
13269,39336,Unitaed Arab Emirates
13270,16094,australia
13271,15932,United States
13272,24702,Unitaed Arab Emirates
13273,22593,australia
13274,10178,australia
13275,11911,india
13276,41687,australia
13277,28716,canada
13278,13989,canada
13279,29138,canada
13280,40447,india
13281,12050,india
13282,41479,canada
13283,18453,Unitaed Arab Emirates
13284,47124,australia
13285,41746,germany
13286,45587,australia
13287,14868,germany
13288,16622,United States
13289,37192,india
13290,22487,Unitaed Arab Emirates
13291,22955,canada
13292,48584,Unitaed Arab Emirates
13293,38756,Unitaed Arab Emirates
13294,27545,india
13295,10508,United Kingdom
13296,38531,United States
13297,31560,germany
13298,36715,india
13299,47647,germany
13300,27777,australia
13301,20810,germany
13302,39812,canada
13303,41389,canada
13304,27682,Unitaed Arab Emirates
13305,37527,canada
13306,13858,australia
13307,10740,germany
13308,48373,canada
13309,39437,United Kingdom
13310,10175,australia
13311,33454,germany
13312,27823,United Kingdom
13313,38704,United States
13314,10208,United States
13315,41321,germany
13316,23905,United Kingdom
13317,45662,Unitaed Arab Emirates
13318,21966,canada
13319,43557,australia
13320,29353,Unitaed Arab Emirates
13321,19232,australia
13322,24863,india
13323,21393,india
13324,24698,United Kingdom
13325,12663,india
13326,37917,Unitaed Arab Emirates
13327,28699,United States
13328,22504,canada
13329,15817,australia
13330,29786,canada
13331,23071,germany
13332,48938,United States
13333,19707,canada
13334,33688,australia
13335,21801,india
13336,25658,canada
13337,11502,germany
13338,44404,india
13339,44577,Unitaed Arab Emirates
13340,18458,United Kingdom
13341,31257,india
13342,45589,australia
13343,35376,United Kingdom
13344,44794,india
13345,39015,germany
13346,32732,india
13347,32250,Unitaed Arab Emirates
13348,40945,germany
13349,17474,india
13350,44582,United Kingdom
13351,20541,Unitaed Arab Emirates
13352,22507,United Kingdom
13353,17147,canada
13354,22715,australia
13355,14236,india
13356,33496,United States
13357,47021,australia
13358,25225,United Kingdom
13359,17861,Unitaed Arab Emirates
13360,43976,india
13361,23528,australia
13362,12995,australia
13363,17642,germany
13364,11906,australia
13365,14179,germany
13366,36167,Unitaed Arab Emirates
13367,44907,canada
13368,13645,india
13369,18670,United States
13370,22119,germany
13371,21889,United States
13372,44782,germany
13373,33509,germany
13374,28011,canada
13375,31108,india
13376,35986,germany
13377,33972,United Kingdom
13378,48244,australia
13379,48557,germany
13380,18618,Unitaed Arab Emirates
13381,28929,canada
13382,44083,Unitaed Arab Emirates
13383,36231,United Kingdom
13384,48890,Unitaed Arab Emirates
13385,45537,United States
13386,37722,australia
13387,21782,United Kingdom
13388,31044,United Kingdom
13389,27175,india
13390,32110,Unitaed Arab Emirates
13391,48247,Unitaed Arab Emirates
13392,21600,Unitaed Arab Emirates
13393,34104,india
13394,38597,australia
13395,29994,United States
13396,22236,canada
13397,22839,Unitaed Arab Emirates
13398,44207,canada
13399,41307,United States
13400,13276,United Kingdom
13401,49215,canada
13402,25184,canada
13403,18174,canada
13404,36573,United States
13405,19989,canada
13406,14321,canada
13407,45328,Unitaed Arab Emirates
13408,10028,Unitaed Arab Emirates
13409,19172,United Kingdom
13410,24950,canada
13411,37630,australia
13412,46351,United States
13413,15108,india
13414,17521,australia
13415,31204,australia
13416,16615,india
13417,32842,australia
13418,38537,india
13419,20518,Unitaed Arab Emirates
13420,48175,United States
13421,34972,Unitaed Arab Emirates
13422,32324,United States
13423,46350,Unitaed Arab Emirates
13424,22170,india
13425,37181,Unitaed Arab Emirates
13426,35422,United States
13427,41804,canada
13428,32041,Unitaed Arab Emirates
13429,11386,canada
13430,15240,australia
13431,24832,United States
13432,44366,canada
13433,24606,Unitaed Arab Emirates
13434,15236,Unitaed Arab Emirates
13435,13859,india
13436,32421,germany
13437,31681,india
13438,28548,australia
13439,44546,germany
13440,25524,india
13441,27132,india
13442,41314,india
13443,34562,germany
13444,20473,australia
13445,42189,United Kingdom
13446,23400,United Kingdom
13447,45595,Unitaed Arab Emirates
13448,34756,United States
13449,35746,india
13450,42374,United Kingdom
13451,15896,australia
13452,40261,United Kingdom
13453,28094,germany
13454,33578,United States
13455,33402,australia
13456,32533,india
13457,33230,canada
13458,36255,australia
13459,39623,india
13460,18421,germany
13461,15625,United Kingdom
13462,24031,canada
13463,32686,Unitaed Arab Emirates
13464,42696,germany
13465,33208,india
13466,28712,United Kingdom
13467,42672,United Kingdom
13468,25606,australia
13469,47979,australia
13470,46864,Unitaed Arab Emirates
13471,15410,Unitaed Arab Emirates
13472,44031,germany
13473,49392,germany
13474,37919,germany
13475,16797,United States
13476,14884,germany
13477,44954,india
13478,42070,canada
13479,42135,australia
13480,49376,canada
13481,17133,india
13482,39872,india
13483,36097,canada
13484,38832,canada
13485,27047,Unitaed Arab Emirates
13486,43734,United Kingdom
13487,14842,india
13488,32411,Unitaed Arab Emirates
13489,39261,germany
13490,43202,canada
13491,27655,United Kingdom
13492,39739,United Kingdom
13493,49611,United States
13494,47957,United States
13495,11767,india
13496,34249,australia
13497,13180,india
13498,45079,Unitaed Arab Emirates
13499,19780,australia
13500,42575,Unitaed Arab Emirates
13501,28028,canada
13502,44360,canada
13503,10077,United Kingdom
13504,15658,United States
13505,38770,germany
13506,33336,Unitaed Arab Emirates
13507,31692,Unitaed Arab Emirates
13508,21215,United Kingdom
13509,32832,canada
13510,34298,india
13511,34173,United Kingdom
13512,41704,United States
13513,48410,United States
13514,34482,australia
13515,11660,canada
13516,36197,Unitaed Arab Emirates
13517,32413,Unitaed Arab Emirates
13518,30171,canada
13519,10280,United Kingdom
13520,28899,germany
13521,45223,india
13522,24014,canada
13523,29470,Unitaed Arab Emirates
13524,23313,United States
13525,48819,germany
13526,19593,canada
13527,23067,india
13528,42480,United Kingdom
13529,15506,canada
13530,11098,australia
13531,23354,india
13532,29588,Unitaed Arab Emirates
13533,18622,india
13534,10794,United Kingdom
13535,30350,germany
13536,40775,india
13537,25074,Unitaed Arab Emirates
13538,45279,india
13539,34399,india
13540,39274,australia
13541,12830,canada
13542,39074,australia
13543,16169,Unitaed Arab Emirates
13544,34315,germany
13545,22297,Unitaed Arab Emirates
13546,19825,australia
13547,30478,germany
13548,25183,United States
13549,24879,canada
13550,42863,india
13551,22076,india
13552,13510,australia
13553,15807,United Kingdom
13554,43382,United States
13555,41930,Unitaed Arab Emirates
13556,23129,Unitaed Arab Emirates
13557,17204,germany
13558,17377,United States
13559,17023,United States
13560,17934,United Kingdom
13561,18004,United Kingdom
13562,15634,United Kingdom
13563,20186,Unitaed Arab Emirates
13564,36242,germany
13565,17048,Unitaed Arab Emirates
13566,48425,germany
13567,37292,germany
13568,38606,United Kingdom
13569,39329,germany
13570,49253,germany
13571,21312,canada
13572,31145,canada
13573,39444,india
13574,34904,india
13575,16699,Unitaed Arab Emirates
13576,11464,canada
13577,32891,india
13578,44367,United Kingdom
13579,25147,United Kingdom
13580,26422,United States
13581,37288,australia
13582,49206,Unitaed Arab Emirates
13583,34614,canada
13584,35325,canada
13585,31441,Unitaed Arab Emirates
13586,29215,australia
13587,14557,United Kingdom
13588,10668,canada
13589,29137,Unitaed Arab Emirates
13590,15369,United States
13591,36625,germany
13592,47516,Unitaed Arab Emirates
13593,42949,United States
13594,16145,australia
13595,29625,australia
13596,23581,canada
13597,29307,india
13598,26289,canada
13599,28239,Unitaed Arab Emirates
13600,41510,india
13601,26492,germany
13602,16034,United Kingdom
13603,34236,United Kingdom
13604,21392,United States
13605,36891,canada
13606,36008,australia
13607,48488,germany
13608,13927,germany
13609,38041,Unitaed Arab Emirates
13610,12976,india
13611,26854,United Kingdom
13612,21907,United States
13613,39436,Unitaed Arab Emirates
13614,34685,United Kingdom
13615,28646,australia
13616,35692,germany
13617,25677,Unitaed Arab Emirates
13618,14991,canada
13619,38956,United Kingdom
13620,14694,United States
13621,14762,United States
13622,22027,india
13623,18148,australia
13624,38721,United Kingdom
13625,41945,United States
13626,21152,germany
13627,25312,canada
13628,45999,United Kingdom
13629,28245,United States
13630,35797,australia
13631,12313,australia
13632,13562,australia
13633,44127,United States
13634,17883,india
13635,19374,canada
13636,12242,Unitaed Arab Emirates
13637,37959,australia
13638,48915,United States
13639,10764,germany
13640,11835,United Kingdom
13641,20781,United Kingdom
13642,48836,Unitaed Arab Emirates
13643,22409,india
13644,29386,United Kingdom
13645,33510,Unitaed Arab Emirates
13646,23552,United Kingdom
13647,13124,australia
13648,13195,canada
13649,34885,United Kingdom
13650,49763,canada
13651,22844,india
13652,16841,canada
13653,45024,Unitaed Arab Emirates
13654,26818,Unitaed Arab Emirates
13655,21315,india
13656,18078,United States
13657,10849,germany
13658,34682,germany
13659,34695,canada
13660,37610,United Kingdom
13661,40583,germany
13662,15788,Unitaed Arab Emirates
13663,42686,Unitaed Arab Emirates
13664,11646,United States
13665,39125,germany
13666,18423,india
13667,40498,germany
13668,41492,canada
13669,26945,germany
13670,11806,Unitaed Arab Emirates
13671,10875,United Kingdom
13672,16514,india
13673,36214,india
13674,35568,Unitaed Arab Emirates
13675,30737,germany
13676,12476,india
13677,23321,United Kingdom
13678,10676,australia
13679,42935,india
13680,18208,india
13681,17052,australia
13682,11545,United States
13683,27914,United Kingdom
13684,13813,india
13685,26762,germany
13686,14435,canada
13687,41788,United States
13688,49050,australia
13689,24719,germany
13690,13852,United States
13691,43441,canada
13692,46288,Unitaed Arab Emirates
13693,21231,United States
13694,12057,germany
13695,31579,Unitaed Arab Emirates
13696,38888,australia
13697,39987,United Kingdom
13698,23972,india
13699,36300,germany
13700,45421,canada
13701,19253,canada
13702,17256,United Kingdom
13703,41541,United Kingdom
13704,47874,india
13705,33810,Unitaed Arab Emirates
13706,27686,canada
13707,13075,germany
13708,16733,australia
13709,14805,canada
13710,24661,australia
13711,20152,australia
13712,28084,United Kingdom
13713,37596,germany
13714,11024,United States
13715,35175,United States
13716,38681,canada
13717,17619,germany
13718,39805,australia
13719,24559,canada
13720,41350,canada
13721,43610,Unitaed Arab Emirates
13722,29798,United Kingdom
13723,28687,United States
13724,39691,United States
13725,27811,germany
13726,30238,germany
13727,14071,canada
13728,41562,Unitaed Arab Emirates
13729,21812,australia
13730,37526,india
13731,31558,canada
13732,20347,germany
13733,49629,australia
13734,27067,australia
13735,28427,United Kingdom
13736,43728,Unitaed Arab Emirates
13737,13077,United Kingdom
13738,43274,United Kingdom
13739,22480,United Kingdom
13740,12803,United Kingdom
13741,39181,United States
13742,10733,australia
13743,14555,germany
13744,30518,canada
13745,40545,india
13746,10261,Unitaed Arab Emirates
13747,30663,canada
13748,46367,Unitaed Arab Emirates
13749,26769,Unitaed Arab Emirates
13750,11034,United States
13751,40930,Unitaed Arab Emirates
13752,37050,canada
13753,24160,germany
13754,44368,canada
13755,30071,australia
13756,47558,United States
13757,27184,canada
13758,49977,germany
13759,21467,india
13760,37433,United Kingdom
13761,27869,United States
13762,26008,australia
13763,38728,germany
13764,18465,United States
13765,34231,canada
13766,30345,india
13767,14528,United States
13768,18064,United States
13769,44051,australia
13770,42428,india
13771,40472,australia
13772,49889,Unitaed Arab Emirates
13773,37954,Unitaed Arab Emirates
13774,43323,india
13775,45022,india
13776,11140,india
13777,24253,United States
13778,15745,india
13779,17592,United Kingdom
13780,32515,Unitaed Arab Emirates
13781,45867,United Kingdom
13782,29999,australia
13783,17931,canada
13784,22958,United Kingdom
13785,34484,United States
13786,23293,germany
13787,37289,United States
13788,19907,canada
13789,19305,germany
13790,47172,United States
13791,20179,United Kingdom
13792,13021,United States
13793,19720,australia
13794,22570,United States
13795,11130,canada
13796,41526,australia
13797,16739,United Kingdom
13798,32468,Unitaed Arab Emirates
13799,17504,United Kingdom
13800,11929,Unitaed Arab Emirates
13801,41503,germany
13802,33511,United Kingdom
13803,41131,india
13804,14725,india
13805,37332,United States
13806,34876,United States
13807,46860,Unitaed Arab Emirates
13808,49014,australia
13809,33715,United Kingdom
13810,46686,canada
13811,24152,United Kingdom
13812,24513,india
13813,20011,canada
13814,40573,canada
13815,11710,United Kingdom
13816,17328,germany
13817,30576,Unitaed Arab Emirates
13818,33205,United States
13819,35735,canada
13820,43155,United States
13821,44671,germany
13822,41722,United Kingdom
13823,42457,india
13824,39616,canada
13825,31160,United States
13826,11001,canada
13827,19004,australia
13828,15421,india
13829,28780,Unitaed Arab Emirates
13830,27731,germany
13831,23635,australia
13832,27921,germany
13833,11782,australia
13834,15873,United Kingdom
13835,45003,Unitaed Arab Emirates
13836,32656,canada
13837,13564,United States
13838,39860,australia
13839,33535,canada
13840,47492,United Kingdom
13841,41130,United Kingdom
13842,29208,australia
13843,23375,United Kingdom
13844,46286,United Kingdom
13845,30404,United States
13846,23540,india
13847,39176,United States
13848,34361,United States
13849,22012,Unitaed Arab Emirates
13850,14607,United Kingdom
13851,42767,germany
13852,14642,United Kingdom
13853,47850,australia
13854,25704,india
13855,29172,United Kingdom
13856,13115,germany
13857,37125,United Kingdom
13858,34485,Unitaed Arab Emirates
13859,48312,india
13860,21377,canada
13861,28348,india
13862,14769,canada
13863,22963,United States
13864,25266,United States
13865,38752,canada
13866,38974,canada
13867,24242,Unitaed Arab Emirates
13868,45180,United States
13869,40960,australia
13870,48159,canada
13871,40184,Unitaed Arab Emirates
13872,33151,germany
13873,21940,United States
13874,33839,australia
13875,43301,United States
13876,41826,india
13877,26395,india
13878,43284,india
13879,39018,india
13880,11724,india
13881,16655,United Kingdom
13882,44443,germany
13883,12793,Unitaed Arab Emirates
13884,32631,Unitaed Arab Emirates
13885,36996,australia
13886,32152,canada
13887,44268,United States
13888,14330,Unitaed Arab Emirates
13889,25537,india
13890,30312,australia
13891,39009,United Kingdom
13892,43223,United States
13893,26085,canada
13894,32108,india
13895,36564,india
13896,10557,United Kingdom
13897,22749,Unitaed Arab Emirates
13898,32498,india
13899,27552,india
13900,11367,india
13901,19791,Unitaed Arab Emirates
13902,18348,canada
13903,14989,germany
13904,33679,Unitaed Arab Emirates
13905,35623,canada
13906,43698,United States
13907,35700,United States
13908,40770,australia
13909,44049,United Kingdom
13910,24763,germany
13911,26034,australia
13912,47583,australia
13913,26889,australia
13914,48991,United Kingdom
13915,25390,india
13916,18416,germany
13917,46820,india
13918,43509,india
13919,31837,germany
13920,25423,United Kingdom
13921,19458,canada
13922,24696,canada
13923,27652,canada
13924,17989,canada
13925,46448,United Kingdom
13926,17312,United Kingdom
13927,30431,United Kingdom
13928,25927,australia
13929,28027,United States
13930,20220,india
13931,23217,Unitaed Arab Emirates
13932,41452,germany
13933,22785,canada
13934,36238,australia
13935,49109,australia
13936,45049,United States
13937,11289,india
13938,31484,india
13939,27702,australia
13940,27847,United Kingdom
13941,27968,Unitaed Arab Emirates
13942,26953,United States
13943,32150,Unitaed Arab Emirates
13944,17468,india
13945,26728,United Kingdom
13946,11659,australia
13947,41926,germany
13948,43701,United Kingdom
13949,41890,Unitaed Arab Emirates
13950,14716,india
13951,23032,australia
13952,16746,india
13953,24710,United States
13954,13575,Unitaed Arab Emirates
13955,45319,india
13956,40190,Unitaed Arab Emirates
13957,32049,australia
13958,33562,Unitaed Arab Emirates
13959,27395,United Kingdom
13960,20500,United States
13961,43628,canada
13962,11439,United Kingdom
13963,42609,United Kingdom
13964,49528,india
13965,49383,germany
13966,26545,germany
13967,27441,canada
13968,41858,Unitaed Arab Emirates
13969,27837,australia
13970,29168,United Kingdom
13971,46135,canada
13972,30651,germany
13973,49734,United States
13974,14294,india
13975,42241,germany
13976,45095,india
13977,14041,United Kingdom
13978,12618,United Kingdom
13979,25532,United Kingdom
13980,22441,australia
13981,26093,canada
13982,44522,United Kingdom
13983,17659,United States
13984,18128,United States
13985,32143,United Kingdom
13986,27081,United States
13987,30341,germany
13988,23729,india
13989,34293,canada
13990,22559,United Kingdom
13991,49323,india
13992,11038,United States
13993,40280,germany
13994,18901,germany
13995,47169,United Kingdom
13996,36015,canada
13997,33117,Unitaed Arab Emirates
13998,29699,germany
13999,25579,United Kingdom
14000,42179,United States
14001,40903,United States
14002,15243,india
14003,36158,australia
14004,26946,canada
14005,24917,United States
14006,18054,United Kingdom
14007,21029,Unitaed Arab Emirates
14008,17500,canada
14009,24229,United Kingdom
14010,41993,australia
14011,38069,United States
14012,33516,australia
14013,11678,United Kingdom
14014,32944,United Kingdom
14015,16064,canada
14016,26649,United States
14017,12404,canada
14018,39218,canada
14019,28336,United States
14020,10975,canada
14021,34433,germany
14022,41373,Unitaed Arab Emirates
14023,38269,germany
14024,42828,canada
14025,44228,australia
14026,15325,Unitaed Arab Emirates
14027,22841,United Kingdom
14028,16001,india
14029,20787,United States
14030,36506,canada
14031,43664,india
14032,14300,india
14033,45486,germany
14034,25930,canada
14035,16879,germany
14036,39292,india
14037,17675,canada
14038,26848,United States
14039,11817,canada
14040,26333,germany
14041,49996,australia
14042,33294,india
14043,24076,Unitaed Arab Emirates
14044,33828,Unitaed Arab Emirates
14045,11940,australia
14046,17606,Unitaed Arab Emirates
14047,26172,india
14048,21400,canada
14049,15569,germany
14050,19601,germany
14051,34740,United Kingdom
14052,31188,germany
14053,24637,United States
14054,35726,Unitaed Arab Emirates
14055,16791,germany
14056,43380,australia
14057,18268,australia
14058,20946,Unitaed Arab Emirates
14059,11051,canada
14060,12983,United States
14061,32927,india
14062,20296,germany
14063,13154,india
14064,42587,australia
14065,22726,canada
14066,16557,United Kingdom
14067,27255,germany
14068,28345,Unitaed Arab Emirates
14069,36756,Unitaed Arab Emirates
14070,41423,Unitaed Arab Emirates
14071,40305,germany
14072,40951,United Kingdom
14073,17330,germany
14074,48128,United Kingdom
14075,28419,australia
14076,43157,Unitaed Arab Emirates
14077,31525,United States
14078,37310,United Kingdom
14079,21756,United Kingdom
14080,32187,india
14081,14077,india
14082,20760,canada
14083,34937,australia
14084,30964,australia
14085,16941,United States
14086,34915,United Kingdom
14087,47349,australia
14088,29120,india
14089,43807,germany
14090,18312,United States
14091,32857,United Kingdom
14092,32611,United Kingdom
14093,25540,United States
14094,14481,germany
14095,47311,india
14096,21143,germany
14097,24590,United Kingdom
14098,49771,Unitaed Arab Emirates
14099,14960,United Kingdom
14100,37937,australia
14101,25859,india
14102,11908,australia
14103,37608,australia
14104,41549,Unitaed Arab Emirates
14105,15231,United Kingdom
14106,16004,australia
14107,14121,Unitaed Arab Emirates
14108,11876,india
14109,49019,germany
14110,11700,Unitaed Arab Emirates
14111,11590,Unitaed Arab Emirates
14112,32045,Unitaed Arab Emirates
14113,12064,Unitaed Arab Emirates
14114,45408,india
14115,42139,United States
14116,29971,United States
14117,49360,United States
14118,16731,germany
14119,16383,United Kingdom
14120,14899,canada
14121,47302,Unitaed Arab Emirates
14122,41491,United Kingdom
14123,43290,canada
14124,29723,australia
14125,28836,australia
14126,48963,canada
14127,26683,india
14128,44144,Unitaed Arab Emirates
14129,42585,canada
14130,23306,canada
14131,31369,United Kingdom
14132,27882,germany
14133,47778,Unitaed Arab Emirates
14134,36602,australia
14135,13870,germany
14136,22981,india
14137,20504,United Kingdom
14138,34400,canada
14139,37415,australia
14140,48386,United States
14141,41989,Unitaed Arab Emirates
14142,29942,Unitaed Arab Emirates
14143,11784,australia
14144,12916,canada
14145,39419,india
14146,34898,United States
14147,20831,australia
14148,40136,germany
14149,47018,germany
14150,47009,india
14151,21165,United Kingdom
14152,36073,germany
14153,48286,United States
14154,29133,United States
14155,44699,United States
14156,43206,australia
14157,35288,australia
14158,48694,Unitaed Arab Emirates
14159,34502,germany
14160,39851,United Kingdom
14161,31222,Unitaed Arab Emirates
14162,45534,United Kingdom
14163,38643,United Kingdom
14164,28447,Unitaed Arab Emirates
14165,11358,Unitaed Arab Emirates
14166,38882,australia
14167,49529,australia
14168,36114,canada
14169,14601,Unitaed Arab Emirates
14170,21898,germany
14171,35378,germany
14172,33656,india
14173,33759,germany
14174,42724,australia
14175,47568,United States
14176,43592,india
14177,24241,india
14178,49078,United States
14179,13297,United States
14180,24455,United States
14181,32429,United Kingdom
14182,21511,United Kingdom
14183,17089,canada
14184,32880,United Kingdom
14185,48402,Unitaed Arab Emirates
14186,23305,canada
14187,25676,United Kingdom
14188,33297,germany
14189,43817,canada
14190,46369,United Kingdom
14191,49233,United States
14192,38802,Unitaed Arab Emirates
14193,17749,india
14194,45751,Unitaed Arab Emirates
14195,42568,germany
14196,42709,canada
14197,35103,australia
14198,17173,germany
14199,26417,Unitaed Arab Emirates
14200,34360,germany
14201,49314,germany
14202,41900,australia
14203,36655,australia
14204,42777,Unitaed Arab Emirates
14205,11727,United Kingdom
14206,49500,canada
14207,13098,canada
14208,28860,United Kingdom
14209,21769,United Kingdom
14210,14539,india
14211,36929,United States
14212,13142,australia
14213,17274,india
14214,44795,india
14215,14726,United Kingdom
14216,44767,germany
14217,25812,india
14218,34087,canada
14219,42558,canada
14220,42508,United Kingdom
14221,34582,United States
14222,39644,Unitaed Arab Emirates
14223,13765,Unitaed Arab Emirates
14224,23307,australia
14225,38775,india
14226,30434,australia
14227,38376,australia
14228,20605,germany
14229,44684,United Kingdom
14230,39903,india
14231,25998,germany
14232,41925,Unitaed Arab Emirates
14233,20083,Unitaed Arab Emirates
14234,16572,Unitaed Arab Emirates
14235,30514,australia
14236,13863,United States
14237,33713,Unitaed Arab Emirates
14238,14503,canada
14239,14099,australia
14240,30840,australia
14241,29421,Unitaed Arab Emirates
14242,32131,United States
14243,11889,United States
14244,41779,Unitaed Arab Emirates
14245,28766,india
14246,46163,Unitaed Arab Emirates
14247,34014,australia
14248,12510,canada
14249,48868,india
14250,45170,india
14251,16486,australia
14252,28486,germany
14253,39548,United States
14254,35490,United States
14255,28701,india
14256,15991,United Kingdom
14257,43733,United States
14258,42104,germany
14259,33366,Unitaed Arab Emirates
14260,23007,United States
14261,11031,canada
14262,30179,australia
14263,13867,United States
14264,17581,canada
14265,13203,United Kingdom
14266,47769,australia
14267,14890,canada
14268,23740,United States
14269,23411,canada
14270,16379,canada
14271,31367,germany
14272,15927,germany
14273,45185,germany
14274,10258,canada
14275,29494,india
14276,18437,United Kingdom
14277,17570,Unitaed Arab Emirates
14278,17175,canada
14279,10251,australia
14280,29327,United Kingdom
14281,44773,United Kingdom
14282,48929,india
14283,29697,Unitaed Arab Emirates
14284,11276,canada
14285,15999,Unitaed Arab Emirates
14286,18961,canada
14287,20498,United States
14288,16740,canada
14289,44741,United Kingdom
14290,20445,canada
14291,35612,United Kingdom
14292,42296,canada
14293,28936,United States
14294,19946,United States
14295,37862,canada
14296,31807,australia
14297,23975,australia
14298,12352,canada
14299,25785,United Kingdom
14300,24537,australia
14301,16705,Unitaed Arab Emirates
14302,18411,United States
14303,26310,australia
14304,49235,United Kingdom
14305,30613,germany
14306,16530,india
14307,46205,india
14308,41163,Unitaed Arab Emirates
14309,30566,germany
14310,10890,australia
14311,38282,india
14312,48014,india
14313,13921,germany
14314,37548,United Kingdom
14315,40891,germany
14316,45146,United Kingdom
14317,39434,United Kingdom
14318,15358,Unitaed Arab Emirates
14319,44850,australia
14320,35353,india
14321,25004,Unitaed Arab Emirates
14322,21949,Unitaed Arab Emirates
14323,41449,Unitaed Arab Emirates
14324,33784,germany
14325,13567,germany
14326,48105,United Kingdom
14327,32507,india
14328,11734,germany
14329,43695,india
14330,38592,Unitaed Arab Emirates
14331,32596,germany
14332,33448,canada
14333,22941,United Kingdom
14334,12699,United States
14335,25633,canada
14336,38522,Unitaed Arab Emirates
14337,28947,United Kingdom
14338,46107,australia
14339,19572,germany
14340,14942,australia
14341,32301,australia
14342,18830,United States
14343,29069,australia
14344,14075,india
14345,27758,United States
14346,33559,Unitaed Arab Emirates
14347,48118,india
14348,28110,Unitaed Arab Emirates
14349,25452,Unitaed Arab Emirates
14350,34176,australia
14351,49817,Unitaed Arab Emirates
14352,49375,United States
14353,29346,Unitaed Arab Emirates
14354,14913,United Kingdom
14355,13572,United Kingdom
14356,38504,United Kingdom
14357,20737,United States
14358,32167,canada
14359,16294,canada
14360,45701,Unitaed Arab Emirates
14361,45710,australia
14362,22983,india
14363,24245,United States
14364,49099,United States
14365,43535,india
14366,18575,india
14367,11337,United States
14368,12147,canada
14369,11411,United Kingdom
14370,32973,United Kingdom
14371,40616,United States
14372,16898,canada
14373,46819,Unitaed Arab Emirates
14374,13392,germany
14375,38824,United States
14376,44101,canada
14377,30768,United Kingdom
14378,20906,india
14379,13082,United Kingdom
14380,45172,canada
14381,25148,germany
14382,36570,india
14383,32843,canada
14384,47467,germany
14385,13385,Unitaed Arab Emirates
14386,49397,Unitaed Arab Emirates
14387,20812,india
14388,25224,canada
14389,19671,United Kingdom
14390,42526,germany
14391,28691,india
14392,24023,Unitaed Arab Emirates
14393,46404,canada
14394,34977,india
14395,49139,United Kingdom
14396,46531,australia
14397,30280,canada
14398,25589,germany
14399,28919,United States
14400,25069,india
14401,27767,United Kingdom
14402,17680,United Kingdom
14403,45163,United Kingdom
14404,46051,india
14405,37200,canada
14406,45929,germany
14407,35613,United States
14408,26402,Unitaed Arab Emirates
14409,35196,United States
14410,15951,australia
14411,15382,australia
14412,28768,australia
14413,47117,australia
14414,25949,india
14415,35213,india
14416,14915,United States
14417,26381,germany
14418,36368,Unitaed Arab Emirates
14419,41191,canada
14420,18032,germany
14421,47092,australia
14422,15958,Unitaed Arab Emirates
14423,30528,canada
14424,14822,Unitaed Arab Emirates
14425,15808,australia
14426,39281,india
14427,22324,Unitaed Arab Emirates
14428,21593,canada
14429,26106,germany
14430,25205,Unitaed Arab Emirates
14431,44217,Unitaed Arab Emirates
14432,40002,canada
14433,20388,Unitaed Arab Emirates
14434,48149,United States
14435,40347,United States
14436,49860,canada
14437,23008,india
14438,43863,india
14439,29525,india
14440,47855,australia
14441,15117,canada
14442,26089,Unitaed Arab Emirates
14443,48825,Unitaed Arab Emirates
14444,31847,canada
14445,26242,australia
14446,37900,canada
14447,38928,Unitaed Arab Emirates
14448,22907,india
14449,24884,United Kingdom
14450,11848,United States
14451,19738,australia
14452,39779,United Kingdom
14453,15869,United Kingdom
14454,20798,australia
14455,10344,United States
14456,46995,Unitaed Arab Emirates
14457,44002,Unitaed Arab Emirates
14458,47580,germany
14459,46940,United States
14460,19355,germany
14461,31412,australia
14462,18945,United States
14463,44358,germany
14464,22354,australia
14465,13089,australia
14466,20763,germany
14467,22877,Unitaed Arab Emirates
14468,49634,australia
14469,15858,Unitaed Arab Emirates
14470,46896,Unitaed Arab Emirates
14471,29874,germany
14472,38563,canada
14473,31328,germany
14474,16723,india
14475,11073,canada
14476,18861,australia
14477,18654,germany
14478,45361,United States
14479,26819,canada
14480,35596,australia
14481,35299,germany
14482,45707,india
14483,38940,canada
14484,44975,United States
14485,48263,United Kingdom
14486,45284,india
14487,45437,australia
14488,31874,india
14489,13008,australia
14490,46397,United States
14491,33889,Unitaed Arab Emirates
14492,32908,United Kingdom
14493,23817,United Kingdom
14494,39237,United Kingdom
14495,26193,Unitaed Arab Emirates
14496,18049,india
14497,19219,Unitaed Arab Emirates
14498,22278,australia
14499,44704,australia
14500,44383,canada
14501,28504,canada
14502,36032,United Kingdom
14503,37416,United States
14504,43884,india
14505,46955,canada
14506,28963,United Kingdom
14507,28514,germany
14508,30326,india
14509,24913,Unitaed Arab Emirates
14510,12712,United States
14511,42218,germany
14512,22881,india
14513,14599,Unitaed Arab Emirates
14514,22764,United States
14515,37307,Unitaed Arab Emirates
14516,41953,United Kingdom
14517,22677,canada
14518,24250,canada
14519,40674,United States
14520,14340,india
14521,18153,germany
14522,22084,United Kingdom
14523,28295,Unitaed Arab Emirates
14524,27094,canada
14525,41933,india
14526,39326,United States
14527,42352,United States
14528,44384,Unitaed Arab Emirates
14529,38442,Unitaed Arab Emirates
14530,25568,india
14531,23251,india
14532,43520,india
14533,34906,germany
14534,45811,canada
14535,35242,United States
14536,31061,United States
14537,18882,Unitaed Arab Emirates
14538,24816,canada
14539,28087,germany
14540,16787,United Kingdom
14541,12337,Unitaed Arab Emirates
14542,17815,Unitaed Arab Emirates
14543,34767,australia
14544,32086,United States
14545,48107,Unitaed Arab Emirates
14546,26070,india
14547,32121,Unitaed Arab Emirates
14548,28440,United Kingdom
14549,49091,canada
14550,19493,Unitaed Arab Emirates
14551,44595,canada
14552,30646,canada
14553,31777,United Kingdom
14554,20978,australia
14555,24530,Unitaed Arab Emirates
14556,33180,canada
14557,12061,india
14558,19843,United States
14559,10735,germany
14560,21804,australia
14561,22240,germany
14562,26360,United Kingdom
14563,46244,canada
14564,24893,germany
14565,13131,australia
14566,13123,australia
14567,36435,india
14568,16799,australia
14569,32164,Unitaed Arab Emirates
14570,24507,Unitaed Arab Emirates
14571,45133,Unitaed Arab Emirates
14572,39322,Unitaed Arab Emirates
14573,25786,Unitaed Arab Emirates
14574,34084,canada
14575,18096,United Kingdom
14576,34304,australia
14577,17459,india
14578,14772,Unitaed Arab Emirates
14579,12693,australia
14580,34753,germany
14581,23477,australia
14582,38508,australia
14583,11695,germany
14584,13293,india
14585,28021,australia
14586,36951,United Kingdom
14587,13485,United States
14588,17346,australia
14589,14918,canada
14590,21612,United Kingdom
14591,40956,canada
14592,13924,United States
14593,33403,Unitaed Arab Emirates
14594,23923,australia
14595,49621,india
14596,29442,australia
14597,38290,india
14598,48941,Unitaed Arab Emirates
14599,11691,canada
14600,32586,germany
14601,45773,United States
14602,42591,india
14603,40645,canada
14604,44517,canada
14605,27761,United Kingdom
14606,36408,india
14607,37952,United States
14608,27452,germany
14609,45177,germany
14610,48348,Unitaed Arab Emirates
14611,14637,india
14612,25876,canada
14613,23511,india
14614,43163,australia
14615,26923,Unitaed Arab Emirates
14616,45435,india
14617,27554,india
14618,33115,germany
14619,27881,Unitaed Arab Emirates
14620,12757,United States
14621,31055,Unitaed Arab Emirates
14622,47768,germany
14623,18694,Unitaed Arab Emirates
14624,22337,Unitaed Arab Emirates
14625,39574,australia
14626,45743,United Kingdom
14627,22522,india
14628,17493,United Kingdom
14629,33998,canada
14630,31226,australia
14631,22341,india
14632,24217,canada
14633,28992,germany
14634,47642,australia
14635,26521,United States
14636,10532,canada
14637,13373,australia
14638,49646,india
14639,21882,Unitaed Arab Emirates
14640,13145,india
14641,16675,india
14642,48797,germany
14643,27559,germany
14644,36262,india
14645,24578,canada
14646,34050,germany
14647,44540,australia
14648,30484,United Kingdom
14649,12887,india
14650,33930,Unitaed Arab Emirates
14651,17896,australia
14652,27356,india
14653,32339,United Kingdom
14654,33177,canada
14655,21012,United States
14656,21227,india
14657,22410,canada
14658,45094,canada
14659,17004,Unitaed Arab Emirates
14660,15652,germany
14661,28257,Unitaed Arab Emirates
14662,14698,United States
14663,16736,Unitaed Arab Emirates
14664,17956,canada
14665,42768,Unitaed Arab Emirates
14666,33695,canada
14667,37616,United Kingdom
14668,24469,United States
14669,24801,United States
14670,18287,germany
14671,41523,Unitaed Arab Emirates
14672,38983,Unitaed Arab Emirates
14673,31850,United States
14674,34842,germany
14675,43889,canada
14676,28988,Unitaed Arab Emirates
14677,13205,Unitaed Arab Emirates
14678,19309,india
14679,37827,india
14680,22108,canada
14681,19844,india
14682,39229,australia
14683,22968,canada
14684,48028,germany
14685,25235,United States
14686,28479,germany
14687,12842,United States
14688,37909,india
14689,16713,germany
14690,14959,australia
14691,19818,australia
14692,40665,india
14693,29665,india
14694,17909,United Kingdom
14695,48652,canada
14696,20611,canada
14697,21925,United States
14698,11336,germany
14699,11960,United States
14700,10001,United Kingdom
14701,37655,Unitaed Arab Emirates
14702,45616,australia
14703,40271,australia
14704,19225,United Kingdom
14705,46390,australia
14706,42388,Unitaed Arab Emirates
14707,12926,canada
14708,39977,United Kingdom
14709,48630,United Kingdom
14710,21432,australia
14711,41377,United Kingdom
14712,20945,United States
14713,10471,Unitaed Arab Emirates
14714,47619,canada
14715,31127,Unitaed Arab Emirates
14716,29034,india
14717,13609,india
14718,36187,germany
14719,20786,australia
14720,42974,Unitaed Arab Emirates
14721,46004,Unitaed Arab Emirates
14722,16020,United States
14723,30752,germany
14724,11084,United Kingdom
14725,42548,india
14726,27345,india
14727,27141,United States
14728,34204,germany
14729,37512,United Kingdom
14730,44087,germany
14731,43449,canada
14732,38485,australia
14733,48858,india
14734,18088,canada
14735,12346,United States
14736,39528,india
14737,12715,india
14738,35495,United States
14739,34416,United States
14740,49432,United States
14741,19609,germany
14742,13850,canada
14743,46705,australia
14744,25231,Unitaed Arab Emirates
14745,40988,germany
14746,42300,United Kingdom
14747,38334,australia
14748,13148,germany
14749,40527,germany
14750,32171,germany
14751,15123,canada
14752,30563,United States
14753,24549,india
14754,10791,australia
14755,30536,australia
14756,38359,germany
14757,47264,United States
14758,43719,australia
14759,16079,United Kingdom
14760,11882,australia
14761,31845,Unitaed Arab Emirates
14762,47865,United States
14763,16407,australia
14764,47312,United States
14765,21343,australia
14766,46863,india
14767,16259,United States
14768,15459,germany
14769,31035,United States
14770,31713,australia
14771,25703,United Kingdom
14772,36325,australia
14773,17972,United States
14774,29520,australia
14775,35457,canada
14776,33045,canada
14777,10220,india
14778,48602,australia
14779,48351,canada
14780,22869,australia
14781,46416,United Kingdom
14782,44555,Unitaed Arab Emirates
14783,16311,Unitaed Arab Emirates
14784,33645,Unitaed Arab Emirates
14785,34100,United Kingdom
14786,31493,germany
14787,24027,canada
14788,39576,germany
14789,42019,Unitaed Arab Emirates
14790,12291,United States
14791,30622,United Kingdom
14792,34895,Unitaed Arab Emirates
14793,30912,United States
14794,45547,india
14795,41869,United Kingdom
14796,25109,United States
14797,23037,canada
14798,11996,australia
14799,21437,india
14800,36861,United States
14801,24797,germany
14802,10411,Unitaed Arab Emirates
14803,26454,germany
14804,30111,australia
14805,10717,Unitaed Arab Emirates
14806,31860,australia
14807,20480,United Kingdom
14808,33197,australia
14809,34119,United Kingdom
14810,41398,Unitaed Arab Emirates
14811,25889,canada
14812,28709,United Kingdom
14813,37117,United Kingdom
14814,45203,australia
14815,20526,United States
14816,47940,United States
14817,46638,United Kingdom
14818,12131,United States
14819,39585,Unitaed Arab Emirates
14820,21115,United States
14821,30816,germany
14822,42124,australia
14823,42650,australia
14824,18708,australia
14825,16060,germany
14826,44915,United Kingdom
14827,10027,germany
14828,28746,germany
14829,14133,United Kingdom
14830,30060,canada
14831,45143,canada
14832,21905,australia
14833,18197,germany
14834,17602,germany
14835,11362,india
14836,22020,United States
14837,10007,canada
14838,14872,United Kingdom
14839,28916,australia
14840,31259,canada
14841,23706,australia
14842,12466,canada
14843,15329,Unitaed Arab Emirates
14844,12461,india
14845,14846,germany
14846,32139,india
14847,43374,india
14848,35092,Unitaed Arab Emirates
14849,23360,india
14850,40745,canada
14851,46109,United Kingdom
14852,44027,United Kingdom
14853,10596,Unitaed Arab Emirates
14854,16389,canada
14855,33153,germany
14856,19156,United States
14857,41718,india
14858,25395,Unitaed Arab Emirates
14859,41268,United Kingdom
14860,13258,United Kingdom
14861,26643,canada
14862,43644,United States
14863,44723,australia
14864,12274,United Kingdom
14865,17735,canada
14866,11739,Unitaed Arab Emirates
14867,25313,United States
14868,23412,United Kingdom
14869,10555,United Kingdom
14870,35306,Unitaed Arab Emirates
14871,30417,australia
14872,27547,germany
14873,16028,australia
14874,46454,australia
14875,17016,United States
14876,46267,canada
14877,19546,United States
14878,37904,australia
14879,48793,germany
14880,16607,germany
14881,36706,United Kingdom
14882,33406,germany
14883,46877,United Kingdom
14884,24542,United States
14885,15254,Unitaed Arab Emirates
14886,48658,United States
14887,30826,canada
14888,27432,Unitaed Arab Emirates
14889,28343,Unitaed Arab Emirates
14890,30314,canada
14891,19067,australia
14892,21912,canada
14893,24591,australia
14894,21730,germany
14895,19011,United States
14896,46677,United States
14897,11884,australia
14898,17497,United Kingdom
14899,20887,australia
14900,20677,australia
14901,37661,india
14902,14605,india
14903,35693,india
14904,30440,canada
14905,27880,Unitaed Arab Emirates
14906,37677,Unitaed Arab Emirates
14907,39466,germany
14908,48815,United Kingdom
14909,21164,germany
14910,38595,australia
14911,41019,canada
14912,43174,india
14913,31005,Unitaed Arab Emirates
14914,32472,canada
14915,30827,australia
14916,28837,india
14917,12987,germany
14918,29173,india
14919,10200,australia
14920,32584,United States
14921,24420,Unitaed Arab Emirates
14922,45528,india
14923,15225,United States
14924,14921,canada
14925,46481,United Kingdom
14926,32036,United States
14927,19130,United Kingdom
14928,35830,canada
14929,47387,Unitaed Arab Emirates
14930,19461,australia
14931,26342,United States
14932,33924,Unitaed Arab Emirates
14933,40619,india
14934,30577,india
14935,31825,canada
14936,47372,germany
14937,27326,india
14938,16283,United Kingdom
14939,19381,india
14940,46392,australia
14941,25414,germany
14942,17391,United Kingdom
14943,45442,germany
14944,32217,australia
14945,12602,germany
14946,32181,United States
14947,10154,australia
14948,11527,germany
14949,40389,india
14950,43393,australia
14951,27069,canada
14952,37039,United States
14953,38047,canada
14954,40661,United Kingdom
14955,22428,india
14956,10904,Unitaed Arab Emirates
14957,23651,germany
14958,36426,United States
14959,44790,australia
14960,11242,United States
14961,12711,United Kingdom
14962,48705,United States
14963,27120,United States
14964,40064,australia
14965,14784,United Kingdom
14966,16794,australia
14967,47500,india
14968,18422,germany
14969,49517,United Kingdom
14970,10518,United States
14971,20458,germany
14972,46619,United States
14973,49623,United States
14974,35609,United States
14975,26039,germany
14976,32436,india
14977,49526,canada
14978,43755,Unitaed Arab Emirates
14979,24880,canada
14980,47195,germany
14981,42846,india
14982,42113,australia
14983,19236,india
14984,41124,Unitaed Arab Emirates
14985,25258,United Kingdom
14986,19803,canada
14987,10431,australia
14988,37179,United States
14989,40115,australia
14990,23336,canada
14991,24638,india
14992,35188,United Kingdom
14993,41818,Unitaed Arab Emirates
14994,38283,United States
14995,47199,india
14996,38706,germany
14997,31535,germany
14998,41574,india
14999,44730,india
15000,46716,United States
15001,27312,germany
15002,23429,india
15003,35919,Unitaed Arab Emirates
15004,31771,United Kingdom
15005,40388,australia
15006,19389,Unitaed Arab Emirates
15007,42965,canada
15008,19048,canada
15009,41546,United Kingdom
15010,33249,india
15011,35569,germany
15012,26179,australia
15013,42047,Unitaed Arab Emirates
15014,49058,australia
15015,31891,United States
15016,47733,germany
15017,10345,Unitaed Arab Emirates
15018,26539,Unitaed Arab Emirates
15019,33860,United Kingdom
15020,46299,canada
15021,13875,United Kingdom
15022,17079,Unitaed Arab Emirates
15023,22914,Unitaed Arab Emirates
15024,42597,germany
15025,28146,Unitaed Arab Emirates
15026,40428,australia
15027,44196,australia
15028,28303,germany
15029,25461,United States
15030,32183,United Kingdom
15031,16137,Unitaed Arab Emirates
15032,17563,canada
15033,38038,india
15034,19912,germany
15035,24903,germany
15036,43346,india
15037,15004,United States
15038,12600,germany
15039,24282,india
15040,32166,canada
15041,22096,germany
15042,41328,germany
15043,15859,germany
15044,23215,germany
15045,22590,india
15046,47711,Unitaed Arab Emirates
15047,31407,United Kingdom
15048,12126,india
15049,30339,United Kingdom
15050,15083,United Kingdom
15051,41545,canada
15052,16609,australia
15053,21378,australia
15054,37199,Unitaed Arab Emirates
15055,23617,india
15056,35178,germany
15057,24269,germany
15058,14109,United States
15059,44858,United Kingdom
15060,43866,United Kingdom
15061,29266,United States
15062,12010,United States
15063,34497,australia
15064,15378,australia
15065,14943,germany
15066,20350,germany
15067,31020,United States
15068,31225,india
15069,38402,australia
15070,23335,Unitaed Arab Emirates
15071,38498,United States
15072,15791,australia
15073,37465,Unitaed Arab Emirates
15074,34816,india
15075,23663,Unitaed Arab Emirates
15076,21094,Unitaed Arab Emirates
15077,12400,United Kingdom
15078,46166,United Kingdom
15079,36319,United Kingdom
15080,22657,germany
15081,46736,Unitaed Arab Emirates
15082,25453,United Kingdom
15083,28789,canada
15084,20300,canada
15085,34030,United Kingdom
15086,27659,canada
15087,43909,United Kingdom
15088,41836,australia
15089,44334,United States
15090,49065,australia
15091,37102,United States
15092,38949,Unitaed Arab Emirates
15093,31657,United Kingdom
15094,46624,canada
15095,45672,india
15096,15988,india
15097,36391,canada
15098,38393,germany
15099,23712,india
15100,48861,canada
15101,32841,United States
15102,11329,United Kingdom
15103,32314,canada
15104,42095,india
15105,49793,United States
15106,36719,canada
15107,32061,australia
15108,33772,canada
15109,24287,United States
15110,41563,australia
15111,41910,australia
15112,32180,australia
15113,33736,Unitaed Arab Emirates
15114,45195,india
15115,18930,United States
15116,45767,Unitaed Arab Emirates
15117,39947,india
15118,37782,australia
15119,30813,australia
15120,40957,United Kingdom
15121,27264,United Kingdom
15122,42197,germany
15123,34334,United Kingdom
15124,37796,germany
15125,39193,Unitaed Arab Emirates
15126,28430,germany
15127,44962,United States
15128,34873,germany
15129,25965,United States
15130,16513,australia
15131,37432,australia
15132,43661,canada
15133,36061,germany
15134,49871,United States
15135,27513,india
15136,31157,germany
15137,36049,United States
15138,45295,canada
15139,26337,United Kingdom
15140,15021,germany
15141,28302,Unitaed Arab Emirates
15142,41919,canada
15143,13697,australia
15144,46601,australia
15145,14450,india
15146,31571,canada
15147,26629,germany
15148,35222,United States
15149,17036,canada
15150,38883,United States
15151,21800,United Kingdom
15152,16839,Unitaed Arab Emirates
15153,36084,germany
15154,38617,india
15155,27258,Unitaed Arab Emirates
15156,21878,canada
15157,44098,india
15158,34475,australia
15159,13753,canada
15160,47274,United Kingdom
15161,16630,United Kingdom
15162,10567,canada
15163,36273,Unitaed Arab Emirates
15164,48575,australia
15165,37719,United Kingdom
15166,35676,United States
15167,29190,germany
15168,19730,Unitaed Arab Emirates
15169,29167,United States
15170,48988,germany
15171,48896,Unitaed Arab Emirates
15172,10660,United Kingdom
15173,16250,australia
15174,42175,germany
15175,24833,germany
15176,19222,india
15177,27208,United States
15178,16220,germany
15179,23253,germany
15180,12331,australia
15181,46597,Unitaed Arab Emirates
15182,49519,india
15183,40788,germany
15184,35698,australia
15185,44883,canada
15186,44893,canada
15187,23888,United States
15188,23353,canada
15189,14229,canada
15190,24187,United States
15191,21068,United Kingdom
15192,13406,canada
15193,18625,australia
15194,25746,canada
15195,46475,United Kingdom
15196,32660,germany
15197,18258,canada
15198,36854,canada
15199,18859,Unitaed Arab Emirates
15200,22160,india
15201,26533,United States
15202,39490,australia
15203,47478,india
15204,23929,india
15205,24130,india
15206,43307,Unitaed Arab Emirates
15207,40457,United States
15208,38200,Unitaed Arab Emirates
15209,20904,United Kingdom
15210,45386,United States
15211,29233,germany
15212,25686,australia
15213,25219,australia
15214,31728,Unitaed Arab Emirates
15215,25141,Unitaed Arab Emirates
15216,36732,india
15217,29872,australia
15218,26942,germany
15219,36161,australia
15220,38022,india
15221,45099,india
15222,23031,australia
15223,16824,Unitaed Arab Emirates
15224,31472,Unitaed Arab Emirates
15225,14836,australia
15226,25801,Unitaed Arab Emirates
15227,32972,canada
15228,43184,United States
15229,29334,germany
15230,22403,australia
15231,21370,United Kingdom
15232,11569,india
15233,40751,india
15234,13232,canada
15235,40582,germany
15236,45800,United Kingdom
15237,47275,australia
15238,42520,canada
15239,12265,australia
15240,35953,germany
15241,42144,australia
15242,43188,australia
15243,10314,australia
15244,49001,United Kingdom
15245,31739,Unitaed Arab Emirates
15246,12617,United States
15247,39669,australia
15248,34820,United States
15249,29836,Unitaed Arab Emirates
15250,32689,canada
15251,38058,United States
15252,11013,Unitaed Arab Emirates
15253,14389,canada
15254,10245,india
15255,13520,canada
15256,36969,canada
15257,46007,United States
15258,19831,germany
15259,20840,United States
15260,24936,germany
15261,27423,australia
15262,23805,United Kingdom
15263,20913,germany
15264,34471,australia
15265,19178,india
15266,12252,canada
15267,47020,United Kingdom
15268,31918,United Kingdom
15269,10298,australia
15270,41023,india
15271,32823,germany
15272,25649,United Kingdom
15273,42109,india
15274,27536,United States
15275,42000,india
15276,26759,United Kingdom
15277,32743,australia
15278,19499,india
15279,25591,canada
15280,15163,United Kingdom
15281,38659,United Kingdom
15282,20382,Unitaed Arab Emirates
15283,15918,australia
15284,11536,United Kingdom
15285,19741,Unitaed Arab Emirates
15286,11245,germany
15287,19323,United Kingdom
15288,37535,india
15289,25868,Unitaed Arab Emirates
15290,28157,germany
15291,35341,canada
15292,27964,canada
15293,25672,United States
15294,18178,australia
15295,11087,australia
15296,40012,germany
15297,13489,germany
15298,22569,australia
15299,18011,United States
15300,12489,United Kingdom
15301,18030,canada
15302,36060,United Kingdom
15303,33701,United States
15304,34423,germany
15305,47252,canada
15306,44099,canada
15307,45007,United States
15308,27789,germany
15309,41964,United Kingdom
15310,32749,india
15311,18742,india
15312,16127,germany
15313,39227,germany
15314,14074,canada
15315,32163,germany
15316,30636,india
15317,15933,United Kingdom
15318,40722,australia
15319,33940,canada
15320,13895,germany
15321,35922,United Kingdom
15322,14440,Unitaed Arab Emirates
15323,18812,United Kingdom
15324,49651,Unitaed Arab Emirates
15325,46648,Unitaed Arab Emirates
15326,27516,United Kingdom
15327,42193,australia
15328,27338,india
15329,10604,germany
15330,47429,United Kingdom
15331,21458,United States
15332,38515,Unitaed Arab Emirates
15333,16447,canada
15334,12548,United States
15335,44653,germany
15336,10338,australia
15337,36642,United States
15338,15803,australia
15339,16558,india
15340,10910,india
15341,15500,australia
15342,47382,Unitaed Arab Emirates
15343,18424,india
15344,41460,United Kingdom
15345,21848,germany
15346,43015,United States
15347,11611,australia
15348,34716,United Kingdom
15349,46960,canada
15350,21519,United States
15351,11377,india
15352,33539,United States
15353,19742,australia
15354,24178,canada
15355,35383,United States
15356,14879,United States
15357,27695,germany
15358,21032,germany
15359,18327,United Kingdom
15360,16631,canada
15361,38846,germany
15362,41349,india
15363,29416,canada
15364,41057,United Kingdom
15365,28790,germany
15366,34003,canada
15367,40974,United States
15368,17886,australia
15369,38246,United States
15370,43394,Unitaed Arab Emirates
15371,26671,india
15372,29091,Unitaed Arab Emirates
15373,12103,United Kingdom
15374,45149,Unitaed Arab Emirates
15375,44402,United States
15376,25176,canada
15377,36171,australia
15378,21447,canada
15379,35262,germany
15380,20674,United Kingdom
15381,39655,australia
15382,30446,australia
15383,48281,United States
15384,31667,india
15385,11401,canada
15386,37451,canada
15387,46338,canada
15388,32679,india
15389,27348,Unitaed Arab Emirates
15390,36650,Unitaed Arab Emirates
15391,26295,germany
15392,17366,United States
15393,49989,india
15394,25953,india
15395,29890,india
15396,27402,Unitaed Arab Emirates
15397,19412,australia
15398,42228,germany
15399,12879,Unitaed Arab Emirates
15400,49425,australia
15401,44314,canada
15402,23691,United Kingdom
15403,13977,india
15404,47875,United Kingdom
15405,40816,canada
15406,34046,United States
15407,30895,United States
15408,24325,india
15409,34781,canada
15410,24226,germany
15411,46529,germany
15412,21092,canada
15413,37277,United States
15414,48471,Unitaed Arab Emirates
15415,39882,United Kingdom
15416,13000,United States
15417,15515,United States
15418,22719,United States
15419,35106,Unitaed Arab Emirates
15420,39039,United Kingdom
15421,14862,germany
15422,44764,Unitaed Arab Emirates
15423,43842,germany
15424,33912,United States
15425,37538,Unitaed Arab Emirates
15426,43634,United Kingdom
15427,35768,india
15428,30405,canada
15429,24016,United Kingdom
15430,23115,india
15431,26974,Unitaed Arab Emirates
15432,17191,canada
15433,12224,india
15434,15333,Unitaed Arab Emirates
15435,48901,United States
15436,37215,United Kingdom
15437,14904,Unitaed Arab Emirates
15438,14898,United States
15439,35780,india
15440,45251,india
15441,29985,india
15442,20048,germany
15443,14572,australia
15444,16896,United Kingdom
15445,15233,germany
15446,34507,india
15447,48596,germany
15448,11210,Unitaed Arab Emirates
15449,25625,Unitaed Arab Emirates
15450,16846,germany
15451,28182,Unitaed Arab Emirates
15452,23146,australia
15453,18233,india
15454,11748,United Kingdom
15455,23399,germany
15456,16913,United Kingdom
15457,44328,United Kingdom
15458,13777,United Kingdom
15459,34169,United Kingdom
15460,28151,United Kingdom
15461,44088,United States
15462,39106,australia
15463,25197,United Kingdom
15464,42566,australia
15465,47460,australia
15466,13810,United States
15467,32485,india
15468,10826,canada
15469,35139,australia
15470,30981,United Kingdom
15471,17676,canada
15472,41109,germany
15473,13130,United States
15474,45876,United States
15475,24036,United States
15476,34252,United States
15477,12027,india
15478,30076,india
15479,41795,Unitaed Arab Emirates
15480,41133,germany
15481,28636,United Kingdom
15482,49535,United States
15483,36198,germany
15484,38166,United States
15485,24390,germany
15486,46698,germany
15487,34032,Unitaed Arab Emirates
15488,47534,United Kingdom
15489,22517,United Kingdom
15490,39793,india
15491,16257,United Kingdom
15492,48871,Unitaed Arab Emirates
15493,40644,Unitaed Arab Emirates
15494,49956,United Kingdom
15495,31382,india
15496,18531,australia
15497,18303,Unitaed Arab Emirates
15498,14181,australia
15499,10483,canada
15500,22761,germany
15501,35456,germany
15502,34412,United Kingdom
15503,22654,canada
15504,19740,australia
15505,39243,United States
15506,19503,United States
15507,45894,canada
15508,14264,canada
15509,40033,United Kingdom
15510,33251,germany
15511,13936,Unitaed Arab Emirates
15512,25490,United States
15513,38321,Unitaed Arab Emirates
15514,30126,australia
15515,46664,india
15516,36952,canada
15517,20797,germany
15518,15487,United States
15519,31466,United Kingdom
15520,33863,United Kingdom
15521,48833,Unitaed Arab Emirates
15522,35210,United Kingdom
15523,44005,india
15524,30761,india
15525,44945,india
15526,31865,australia
15527,32790,canada
15528,23647,Unitaed Arab Emirates
15529,27712,United Kingdom
15530,36669,canada
15531,19428,United States
15532,11433,United Kingdom
15533,38663,United States
15534,11856,United Kingdom
15535,40015,india
15536,47731,canada
15537,21067,United States
15538,34664,australia
15539,21428,australia
15540,40122,australia
15541,28251,United States
15542,36018,United States
15543,31913,india
15544,30157,United States
15545,35531,india
15546,11685,india
15547,43930,australia
15548,25001,United Kingdom
15549,39330,australia
15550,34247,United Kingdom
15551,23064,Unitaed Arab Emirates
15552,24472,australia
15553,28888,canada
15554,13525,germany
15555,48096,australia
15556,22511,Unitaed Arab Emirates
15557,44044,Unitaed Arab Emirates
15558,17327,Unitaed Arab Emirates
15559,19592,canada
15560,16287,United States
15561,41784,india
15562,48578,United States
15563,25792,United Kingdom
15564,19648,india
15565,45715,Unitaed Arab Emirates
15566,30564,canada
15567,48913,United States
15568,38569,Unitaed Arab Emirates
15569,26504,canada
15570,27864,india
15571,23853,United States
15572,30791,germany
15573,47008,canada
15574,12974,Unitaed Arab Emirates
15575,32064,canada
15576,10754,Unitaed Arab Emirates
15577,42345,australia
15578,31706,United Kingdom
15579,41951,United Kingdom
15580,28698,Unitaed Arab Emirates
15581,46447,United Kingdom
15582,31095,india
15583,33512,United Kingdom
15584,44817,canada
15585,43624,canada
15586,42120,germany
15587,41684,Unitaed Arab Emirates
15588,34724,United Kingdom
15589,49753,australia
15590,18761,india
15591,26581,canada
15592,13445,United Kingdom
15593,20948,United Kingdom
15594,32887,United Kingdom
15595,33855,canada
15596,18903,india
15597,19118,germany
15598,26330,Unitaed Arab Emirates
15599,15503,Unitaed Arab Emirates
15600,29159,canada
15601,18316,australia
15602,27244,Unitaed Arab Emirates
15603,14554,germany
15604,49654,canada
15605,26205,Unitaed Arab Emirates
15606,35936,germany
15607,17885,United States
15608,44341,Unitaed Arab Emirates
15609,17177,United Kingdom
15610,49868,india
15611,14978,Unitaed Arab Emirates
15612,39751,australia
15613,13900,United Kingdom
15614,43638,germany
15615,12269,canada
15616,47096,Unitaed Arab Emirates
15617,17709,australia
15618,36376,india
15619,33147,Unitaed Arab Emirates
15620,29232,india
15621,34857,germany
15622,37945,india
15623,17465,canada
15624,33590,canada
15625,17927,germany
15626,35513,australia
15627,20419,United Kingdom
15628,19370,australia
15629,48044,United Kingdom
15630,20690,United States
15631,49273,australia
15632,47340,canada
15633,11167,canada
15634,40819,United Kingdom
15635,28132,United States
15636,12674,United States
15637,45219,Unitaed Arab Emirates
15638,22754,australia
15639,25416,Unitaed Arab Emirates
15640,31143,australia
15641,24611,germany
15642,32427,United Kingdom
15643,18343,canada
15644,29667,United States
15645,16526,Unitaed Arab Emirates
15646,11397,canada
15647,29196,canada
15648,43048,United States
15649,19668,india
15650,42313,Unitaed Arab Emirates
15651,10520,United States
15652,11726,germany
15653,15228,United Kingdom
15654,17287,Unitaed Arab Emirates
15655,14997,canada
15656,35492,Unitaed Arab Emirates
15657,33023,germany
15658,48891,Unitaed Arab Emirates
15659,22019,Unitaed Arab Emirates
15660,37308,india
15661,20044,germany
15662,41138,germany
15663,11645,india
15664,13441,canada
15665,10919,United Kingdom
15666,23710,Unitaed Arab Emirates
15667,30335,australia
15668,43179,Unitaed Arab Emirates
15669,31651,germany
15670,40716,india
15671,41439,germany
15672,12750,india
15673,16314,germany
15674,27870,United States
15675,42716,germany
15676,19632,United States
15677,24754,india
15678,42170,United Kingdom
15679,40779,germany
15680,49933,United States
15681,46538,Unitaed Arab Emirates
15682,33952,United States
15683,20354,United States
15684,25101,Unitaed Arab Emirates
15685,34383,Unitaed Arab Emirates
15686,43611,australia
15687,32737,germany
15688,39341,canada
15689,39271,australia
15690,16512,germany
15691,32069,United States
15692,30015,United Kingdom
15693,38483,United States
15694,44329,australia
15695,31831,germany
15696,38908,india
15697,26587,australia
15698,31060,United Kingdom
15699,43631,india
15700,30093,United States
15701,39544,Unitaed Arab Emirates
15702,37597,Unitaed Arab Emirates
15703,18725,United Kingdom
15704,36414,United Kingdom
15705,24201,canada
15706,28696,canada
15707,25413,Unitaed Arab Emirates
15708,37505,germany
15709,29042,australia
15710,38070,australia
15711,30699,Unitaed Arab Emirates
15712,41642,germany
15713,44244,United Kingdom
15714,44780,canada
15715,46092,United States
15716,20144,canada
15717,15855,australia
15718,38884,canada
15719,31647,Unitaed Arab Emirates
15720,40730,india
15721,39119,germany
15722,23516,australia
15723,40051,canada
15724,11631,germany
15725,36962,australia
15726,43614,australia
15727,34229,Unitaed Arab Emirates
15728,35932,germany
15729,12197,germany
15730,36538,United Kingdom
15731,37793,United Kingdom
15732,37184,india
15733,23224,United States
15734,38258,canada
15735,26406,germany
15736,43797,australia
15737,47143,germany
15738,26776,india
15739,32508,india
15740,42854,Unitaed Arab Emirates
15741,12229,australia
15742,49364,United Kingdom
15743,12248,australia
15744,26966,india
15745,46887,germany
15746,43640,india
15747,45151,United Kingdom
15748,36068,United Kingdom
15749,23887,United Kingdom
15750,16897,United Kingdom
15751,11094,germany
15752,14487,United Kingdom
15753,25269,Unitaed Arab Emirates
15754,31988,United States
15755,34981,Unitaed Arab Emirates
15756,31365,india
15757,32894,australia
15758,36630,australia
15759,38672,australia
15760,16769,canada
15761,44870,germany
15762,29288,United States
15763,11453,United States
15764,39048,australia
15765,41912,australia
15766,43554,United States
15767,17258,canada
15768,44541,Unitaed Arab Emirates
15769,37761,United Kingdom
15770,28426,germany
15771,24506,Unitaed Arab Emirates
15772,25959,india
15773,30626,germany
15774,44393,United States
15775,27730,india
15776,38118,canada
15777,39055,Unitaed Arab Emirates
15778,46920,india
15779,21350,india
15780,24387,germany
15781,26592,Unitaed Arab Emirates
15782,17741,United Kingdom
15783,26630,United States
15784,49212,United Kingdom
15785,10619,United States
15786,44726,United States
15787,37611,germany
15788,49449,australia
15789,43652,germany
15790,39172,United States
15791,19950,United States
15792,19649,United Kingdom
15793,49111,United States
15794,26934,germany
15795,18391,Unitaed Arab Emirates
15796,39010,germany
15797,25071,india
15798,24102,United Kingdom
15799,26437,germany
15800,10163,Unitaed Arab Emirates
15801,49566,United States
15802,23697,Unitaed Arab Emirates
15803,39677,india
15804,47285,United States
15805,39248,germany
15806,19445,Unitaed Arab Emirates
15807,19521,United Kingdom
15808,21380,Unitaed Arab Emirates
15809,48127,canada
15810,41225,australia
15811,48420,Unitaed Arab Emirates
15812,27464,Unitaed Arab Emirates
15813,35234,australia
15814,45033,india
15815,31025,germany
15816,43616,Unitaed Arab Emirates
15817,18657,germany
15818,17711,Unitaed Arab Emirates
15819,47367,india
15820,48429,United States
15821,35950,United States
15822,42657,United States
15823,39212,United States
15824,18610,United Kingdom
15825,27843,germany
15826,30916,germany
15827,28597,United States
15828,42310,canada
15829,25924,United Kingdom
15830,10046,canada
15831,39790,canada
15832,22120,australia
15833,36088,Unitaed Arab Emirates
15834,34274,australia
15835,42176,australia
15836,43710,india
15837,28674,United States
15838,29043,Unitaed Arab Emirates
15839,27515,germany
15840,29928,canada
15841,18658,australia
15842,25763,United States
15843,14057,canada
15844,30418,australia
15845,19670,india
15846,24493,United Kingdom
15847,43427,Unitaed Arab Emirates
15848,27130,germany
15849,18724,australia
15850,33440,United Kingdom
15851,29359,australia
15852,32699,Unitaed Arab Emirates
15853,12863,United States
15854,34199,india
15855,28817,canada
15856,39572,United Kingdom
15857,21316,United Kingdom
15858,36467,india
15859,17575,Unitaed Arab Emirates
15860,11643,australia
15861,49627,australia
15862,39729,canada
15863,32286,india
15864,36868,australia
15865,36253,canada
15866,10318,canada
15867,18753,india
15868,20569,india
15869,25779,germany
15870,42205,india
15871,29797,germany
15872,32769,United Kingdom
15873,44275,United Kingdom
15874,23736,United Kingdom
15875,26538,canada
15876,38831,Unitaed Arab Emirates
15877,17378,germany
15878,22343,australia
15879,43636,canada
15880,13013,india
15881,29694,india
15882,11461,United States
15883,30213,Unitaed Arab Emirates
15884,32651,United States
15885,16962,australia
15886,32859,Unitaed Arab Emirates
15887,11606,United Kingdom
15888,37775,United States
15889,27931,india
15890,16973,canada
15891,19577,United States
15892,38219,Unitaed Arab Emirates
15893,29280,india
15894,16975,United States
15895,49350,canada
15896,38271,canada
15897,34734,Unitaed Arab Emirates
15898,32397,United States
15899,34068,australia
15900,26012,canada
15901,33441,United States
15902,22625,Unitaed Arab Emirates
15903,32259,United States
15904,29414,australia
15905,27059,canada
15906,49538,australia
15907,37751,Unitaed Arab Emirates
15908,27855,United Kingdom
15909,31735,germany
15910,37999,United States
15911,29400,canada
15912,27053,australia
15913,12008,india
15914,27210,canada
15915,11634,germany
15916,17908,United States
15917,23623,germany
15918,47487,Unitaed Arab Emirates
15919,41299,United States
15920,23448,germany
15921,17664,germany
15922,40569,australia
15923,23908,canada
15924,15057,Unitaed Arab Emirates
15925,45920,Unitaed Arab Emirates
15926,34222,canada
15927,39932,United Kingdom
15928,25869,germany
15929,15534,australia
15930,47237,Unitaed Arab Emirates
15931,11630,india
15932,19337,india
15933,20586,United Kingdom
15934,33160,australia
15935,42803,United States
15936,36052,india
15937,43658,germany
15938,40268,Unitaed Arab Emirates
15939,23499,india
15940,17919,india
15941,29044,Unitaed Arab Emirates
15942,41227,germany
15943,37425,india
15944,33017,United States
15945,33078,United States
15946,31778,United Kingdom
15947,38357,Unitaed Arab Emirates
15948,32557,india
15949,20231,india
15950,21982,canada
15951,32647,canada
15952,40488,United Kingdom
15953,48780,United Kingdom
15954,33631,United States
15955,17526,germany
15956,47054,United States
15957,28341,india
15958,36654,United States
15959,38695,United States
15960,16590,canada
15961,25105,United Kingdom
15962,23587,india
15963,20192,india
15964,18480,Unitaed Arab Emirates
15965,27421,canada
15966,37061,india
15967,21556,canada
15968,20323,germany
15969,23183,australia
15970,40171,germany
15971,21859,Unitaed Arab Emirates
15972,34910,United States
15973,26562,germany
15974,43947,canada
15975,31219,canada
15976,27251,Unitaed Arab Emirates
15977,43745,india
15978,42762,Unitaed Arab Emirates
15979,23522,canada
15980,30024,United States
15981,20715,United Kingdom
15982,47065,United States
15983,16732,germany
15984,13550,canada
15985,48358,Unitaed Arab Emirates
15986,47853,india
15987,31514,United States
15988,34980,germany
15989,18850,United Kingdom
15990,39883,canada
15991,33888,germany
15992,37997,australia
15993,22744,india
15994,49068,United Kingdom
15995,19075,australia
15996,18906,australia
15997,46757,germany
15998,39744,canada
15999,41381,india
16000,19935,United States
16001,25878,United Kingdom
16002,39020,germany
16003,15400,australia
16004,13109,india
16005,24528,United Kingdom
16006,40029,canada
16007,13644,Unitaed Arab Emirates
16008,14224,australia
16009,41749,canada
16010,12026,United States
16011,42201,india
16012,10020,Unitaed Arab Emirates
16013,25554,india
16014,20689,United Kingdom
16015,15018,Unitaed Arab Emirates
16016,32845,Unitaed Arab Emirates
16017,32370,United Kingdom
16018,43703,canada
16019,18426,United Kingdom
16020,39310,germany
16021,18530,canada
16022,46293,india
16023,15978,australia
16024,20682,germany
16025,27089,Unitaed Arab Emirates
16026,30728,Unitaed Arab Emirates
16027,20532,United States
16028,19316,Unitaed Arab Emirates
16029,10238,United Kingdom
16030,28488,germany
16031,20395,germany
16032,30052,australia
16033,28546,United Kingdom
16034,24939,germany
16035,16474,germany
16036,47229,United States
16037,46333,Unitaed Arab Emirates
16038,38193,india
16039,43232,australia
16040,20226,australia
16041,37361,United States
16042,45688,United Kingdom
16043,32362,Unitaed Arab Emirates
16044,16629,United States
16045,26782,Unitaed Arab Emirates
16046,41633,United States
16047,28246,australia
16048,31922,United States
16049,23771,United Kingdom
16050,37325,germany
16051,49258,United Kingdom
16052,38343,germany
16053,26125,australia
16054,30438,australia
16055,41184,United Kingdom
16056,40912,germany
16057,45382,india
16058,10771,india
16059,41730,germany
16060,31099,United States
16061,28381,United States
16062,18963,Unitaed Arab Emirates
16063,49131,canada
16064,32792,germany
16065,14882,india
16066,26285,United States
16067,15056,australia
16068,37926,United States
16069,36955,Unitaed Arab Emirates
16070,10772,United States
16071,10723,australia
16072,39302,United States
16073,39651,United Kingdom
16074,42698,canada
16075,17975,australia
16076,21388,australia
16077,40192,germany
16078,18036,australia
16079,12399,canada
16080,38539,United Kingdom
16081,49052,United States
16082,43513,United States
16083,40940,germany
16084,31868,Unitaed Arab Emirates
16085,40832,india
16086,29904,germany
16087,29806,india
16088,16061,germany
16089,14240,india
16090,36944,United States
16091,43939,canada
16092,37329,india
16093,36240,india
16094,12722,india
16095,18874,United Kingdom
16096,38484,germany
16097,12284,United States
16098,46034,australia
16099,35849,germany
16100,28399,United States
16101,19143,australia
16102,34047,canada
16103,17564,canada
16104,49120,United States
16105,23133,australia
16106,40972,germany
16107,17087,india
16108,44056,germany
16109,47047,germany
16110,33875,india
16111,37840,canada
16112,41205,australia
16113,16338,australia
16114,14893,United States
16115,32072,Unitaed Arab Emirates
16116,36133,United Kingdom
16117,15260,india
16118,44904,australia
16119,11834,germany
16120,39679,germany
16121,24921,canada
16122,30784,canada
16123,17384,canada
16124,26162,india
16125,41250,Unitaed Arab Emirates
16126,13954,canada
16127,29832,United States
16128,46335,germany
16129,29278,australia
16130,22127,canada
16131,45778,canada
16132,26073,United Kingdom
16133,21647,india
16134,10556,United Kingdom
16135,30184,United Kingdom
16136,25334,germany
16137,11851,United States
16138,49043,United Kingdom
16139,42467,United Kingdom
16140,17454,australia
16141,25506,United Kingdom
16142,16437,india
16143,23159,india
16144,24303,Unitaed Arab Emirates
16145,48860,Unitaed Arab Emirates
16146,19330,australia
16147,10160,germany
16148,14414,United States
16149,29340,canada
16150,18243,canada
16151,25804,Unitaed Arab Emirates
16152,28128,germany
16153,12559,United Kingdom
16154,20369,germany
16155,28213,United States
16156,47051,germany
16157,43690,germany
16158,27934,india
16159,45750,canada
16160,12044,canada
16161,48581,germany
16162,38990,canada
16163,11597,germany
16164,12321,Unitaed Arab Emirates
16165,40648,india
16166,36597,canada
16167,44085,Unitaed Arab Emirates
16168,38051,india
16169,41477,canada
16170,30681,United Kingdom
16171,11069,canada
16172,43265,United States
16173,10104,india
16174,15042,United Kingdom
16175,30419,india
16176,33349,germany
16177,41627,Unitaed Arab Emirates
16178,49250,United Kingdom
16179,42264,india
16180,42424,canada
16181,33774,United States
16182,23300,United States
16183,42376,United Kingdom
16184,27998,australia
16185,20636,Unitaed Arab Emirates
16186,42866,canada
16187,44274,Unitaed Arab Emirates
16188,13257,canada
16189,43003,canada
16190,17111,australia
16191,19391,australia
16192,18808,australia
16193,20145,australia
16194,19009,germany
16195,15386,United States
16196,23003,germany
16197,29487,india
16198,35406,australia
16199,46240,canada
16200,48041,United States
16201,28482,india
16202,45353,australia
16203,20517,india
16204,10450,United States
16205,24174,United States
16206,18956,india
16207,43249,canada
16208,25038,canada
16209,24480,United States
16210,14648,Unitaed Arab Emirates
16211,26166,United Kingdom
16212,39344,Unitaed Arab Emirates
16213,20527,canada
16214,23377,germany
16215,21440,United States
16216,11998,australia
16217,45358,United Kingdom
16218,34774,australia
16219,11097,india
16220,46262,United States
16221,12141,United Kingdom
16222,17021,United Kingdom
16223,35018,germany
16224,43860,United States
16225,13784,Unitaed Arab Emirates
16226,42390,United States
16227,29241,australia
16228,11944,Unitaed Arab Emirates
16229,45639,australia
16230,19134,australia
16231,41595,australia
16232,16604,germany
16233,35940,australia
16234,12138,canada
16235,16115,australia
16236,46112,india
16237,33532,germany
16238,14686,australia
16239,22835,germany
16240,26607,United States
16241,38226,canada
16242,11521,australia
16243,16307,canada
16244,41010,Unitaed Arab Emirates
16245,22050,canada
16246,20284,germany
16247,22655,canada
16248,43801,United Kingdom
16249,16663,United Kingdom
16250,23345,canada
16251,17348,canada
16252,48801,canada
16253,14619,United States
16254,20566,United Kingdom
16255,43281,United States
16256,24233,United Kingdom
16257,43432,australia
16258,32208,australia
16259,49006,india
16260,49925,Unitaed Arab Emirates
16261,38805,Unitaed Arab Emirates
16262,10703,canada
16263,16638,United States
16264,10354,australia
16265,10109,United Kingdom
16266,46439,germany
16267,24944,Unitaed Arab Emirates
16268,43233,india
16269,42944,germany
16270,37774,australia
16271,31766,Unitaed Arab Emirates
16272,16409,canada
16273,23598,canada
16274,35784,canada
16275,15250,australia
16276,25158,india
16277,39999,canada
16278,15952,Unitaed Arab Emirates
16279,37760,United Kingdom
16280,36482,United States
16281,37149,Unitaed Arab Emirates
16282,41757,germany
16283,41404,Unitaed Arab Emirates
16284,18947,germany
16285,16303,canada
16286,17943,United Kingdom
16287,15780,Unitaed Arab Emirates
16288,48408,australia
16289,16183,germany
16290,17933,canada
16291,26874,Unitaed Arab Emirates
16292,30373,germany
16293,18590,Unitaed Arab Emirates
16294,26843,canada
16295,40944,india
16296,33316,australia
16297,21438,United Kingdom
16298,11293,australia
16299,20583,United States
16300,27582,Unitaed Arab Emirates
16301,35045,india
16302,31318,canada
16303,33313,canada
16304,37161,United Kingdom
16305,49041,United Kingdom
16306,37250,india
16307,17416,Unitaed Arab Emirates
16308,44459,germany
16309,12415,canada
16310,18818,india
16311,12305,australia
16312,32734,canada
16313,44412,Unitaed Arab Emirates
16314,25585,Unitaed Arab Emirates
16315,38849,australia
16316,22679,australia
16317,22879,United Kingdom
16318,16803,india
16319,40139,United States
16320,37417,australia
16321,35506,india
16322,42409,United States
16323,20923,United States
16324,45184,australia
16325,32315,United States
16326,14376,germany
16327,28190,canada
16328,47220,United Kingdom
16329,10486,australia
16330,11708,australia
16331,46774,United Kingdom
16332,41859,Unitaed Arab Emirates
16333,36387,germany
16334,27321,india
16335,42267,germany
16336,35458,india
16337,48667,Unitaed Arab Emirates
16338,20200,canada
16339,13636,United Kingdom
16340,20749,australia
16341,48016,Unitaed Arab Emirates
16342,12017,australia
16343,37725,United Kingdom
16344,30195,india
16345,32920,United Kingdom
16346,48039,United Kingdom
16347,47137,Unitaed Arab Emirates
16348,11187,United States
16349,16999,germany
16350,18105,india
16351,15925,Unitaed Arab Emirates
16352,20493,Unitaed Arab Emirates
16353,43459,Unitaed Arab Emirates
16354,10658,United States
16355,14661,canada
16356,40222,germany
16357,23534,australia
16358,17514,germany
16359,49295,United States
16360,10851,germany
16361,45476,germany
16362,18534,canada
16363,25683,germany
16364,11786,germany
16365,22863,United Kingdom
16366,13748,germany
16367,33093,india
16368,44106,United States
16369,48074,india
16370,27075,canada
16371,13916,india
16372,43426,germany
16373,31803,germany
16374,21444,canada
16375,31944,United Kingdom
16376,25821,india
16377,18427,canada
16378,43390,United Kingdom
16379,34814,india
16380,15845,germany
16381,33085,india
16382,33283,canada
16383,49274,india
16384,19168,United Kingdom
16385,31955,germany
16386,29808,india
16387,18372,Unitaed Arab Emirates
16388,35764,india
16389,37018,canada
16390,14393,germany
16391,33222,United States
16392,43957,australia
16393,40473,india
16394,14078,canada
16395,31747,United States
16396,37373,canada
16397,27618,india
16398,25232,canada
16399,15048,United Kingdom
16400,29955,United Kingdom
16401,17286,United States
16402,13702,United States
16403,38899,United Kingdom
16404,23526,india
16405,40652,india
16406,24575,United Kingdom
16407,47243,india
16408,45147,Unitaed Arab Emirates
16409,42504,canada
16410,29281,United States
16411,48874,germany
16412,14334,australia
16413,19990,germany
16414,45053,india
16415,15006,Unitaed Arab Emirates
16416,29828,germany
16417,29717,germany
16418,21083,germany
16419,42961,United States
16420,10766,australia
16421,36044,canada
16422,45186,United Kingdom
16423,48756,United States
16424,15557,Unitaed Arab Emirates
16425,48353,United States
16426,21836,United States
16427,41643,United Kingdom
16428,37860,canada
16429,36806,United States
16430,36194,australia
16431,19005,india
16432,47314,germany
16433,43254,United Kingdom
16434,19882,canada
16435,35843,australia
16436,45029,United Kingdom
16437,37682,Unitaed Arab Emirates
16438,40197,canada
16439,49731,United States
16440,45009,canada
16441,28039,United Kingdom
16442,27350,United States
16443,48803,germany
16444,26564,United States
16445,41487,canada
16446,24459,Unitaed Arab Emirates
16447,32705,germany
16448,33490,germany
16449,47026,germany
16450,43260,United Kingdom
16451,33405,germany
16452,43238,United States
16453,31239,australia
16454,46098,germany
16455,21493,germany
16456,24435,germany
16457,23341,australia
16458,33262,United Kingdom
16459,46061,india
16460,11039,australia
16461,20181,india
16462,12765,Unitaed Arab Emirates
16463,37081,canada
16464,10611,india
16465,20775,Unitaed Arab Emirates
16466,46839,United Kingdom
16467,29498,canada
16468,27974,United Kingdom
16469,28752,United States
16470,41528,canada
16471,30892,canada
16472,38705,australia
16473,16893,australia
16474,38851,Unitaed Arab Emirates
16475,34085,United Kingdom
16476,18829,germany
16477,36340,United Kingdom
16478,34371,United States
16479,47827,United States
16480,29378,United Kingdom
16481,24681,india
16482,48752,india
16483,30035,canada
16484,40340,australia
16485,46788,United States
16486,35509,United Kingdom
16487,12675,india
16488,38252,United States
16489,29045,australia
16490,26658,australia
16491,18769,india
16492,47039,canada
16493,29791,india
16494,24118,United States
16495,49624,United Kingdom
16496,25851,australia
16497,48526,germany
16498,43952,germany
16499,40907,india
16500,13788,United States
16501,23781,india
16502,15935,United States
16503,19619,germany
16504,11056,United States
16505,38065,canada
16506,14427,Unitaed Arab Emirates
16507,25961,Unitaed Arab Emirates
16508,24619,germany
16509,46694,germany
16510,45679,india
16511,29652,australia
16512,37461,india
16513,40887,australia
16514,38813,australia
16515,25682,United States
16516,39862,australia
16517,36282,australia
16518,44924,india
16519,20449,australia
16520,35801,canada
16521,20982,United Kingdom
16522,44744,United States
16523,25989,Unitaed Arab Emirates
16524,39970,United Kingdom
16525,47751,australia
16526,22498,india
16527,32878,australia
16528,32304,canada
16529,24993,australia
16530,14160,australia
16531,19656,germany
16532,30911,Unitaed Arab Emirates
16533,33172,Unitaed Arab Emirates
16534,28225,Unitaed Arab Emirates
16535,49333,United Kingdom
16536,30833,canada
16537,19711,australia
16538,37247,United States
16539,14476,United States
16540,31703,canada
16541,26608,United Kingdom
16542,35478,india
16543,35017,United Kingdom
16544,45423,United States
16545,21798,germany
16546,45745,australia
16547,43568,United States
16548,43760,Unitaed Arab Emirates
16549,49024,germany
16550,35500,United States
16551,26105,Unitaed Arab Emirates
16552,12025,canada
16553,39546,Unitaed Arab Emirates
16554,36726,Unitaed Arab Emirates
16555,28566,australia
16556,34324,United Kingdom
16557,22099,United Kingdom
16558,33565,canada
16559,41345,Unitaed Arab Emirates
16560,43539,United Kingdom
16561,31887,Unitaed Arab Emirates
16562,16463,Unitaed Arab Emirates
16563,48174,Unitaed Arab Emirates
16564,25018,australia
16565,12508,United States
16566,43770,United States
16567,10148,germany
16568,20432,Unitaed Arab Emirates
16569,14257,germany
16570,15577,canada
16571,22840,australia
16572,24488,United States
16573,38992,germany
16574,41819,United States
16575,41509,Unitaed Arab Emirates
16576,32203,United States
16577,18056,germany
16578,27084,Unitaed Arab Emirates
16579,33279,United States
16580,17873,india
16581,25276,australia
16582,48087,india
16583,22226,United Kingdom
16584,44037,india
16585,40685,germany
16586,48411,india
16587,20795,germany
16588,33148,United Kingdom
16589,36396,india
16590,44253,australia
16591,39959,Unitaed Arab Emirates
16592,22807,United States
16593,13045,australia
16594,13265,United States
16595,48685,Unitaed Arab Emirates
16596,41056,Unitaed Arab Emirates
16597,43278,india
16598,11499,Unitaed Arab Emirates
16599,32813,United Kingdom
16600,49726,germany
16601,43623,germany
16602,28334,Unitaed Arab Emirates
16603,14027,india
16604,35162,india
16605,26745,australia
16606,36248,Unitaed Arab Emirates
16607,24773,india
16608,38623,United Kingdom
16609,28980,United Kingdom
16610,47858,United Kingdom
16611,23291,australia
16612,13992,australia
16613,19082,Unitaed Arab Emirates
16614,44448,United States
16615,19528,United Kingdom
16616,10248,germany
16617,19888,germany
16618,25118,United States
16619,30199,india
16620,23347,india
16621,27083,canada
16622,29755,australia
16623,14384,Unitaed Arab Emirates
16624,11451,Unitaed Arab Emirates
16625,19174,Unitaed Arab Emirates
16626,38372,germany
16627,19841,United Kingdom
16628,33379,germany
16629,27966,india
16630,24601,canada
16631,32553,germany
16632,23230,germany
16633,26299,canada
16634,18556,Unitaed Arab Emirates
16635,11066,india
16636,17182,United Kingdom
16637,22416,United States
16638,18324,Unitaed Arab Emirates
16639,11266,United States
16640,21473,india
16641,32742,australia
16642,39766,india
16643,46217,australia
16644,41673,australia
16645,20150,Unitaed Arab Emirates
16646,48993,india
16647,32687,United Kingdom
16648,43996,Unitaed Arab Emirates
16649,36130,australia
16650,20754,canada
16651,14211,germany
16652,46186,Unitaed Arab Emirates
16653,14394,australia
16654,40448,United States
16655,37755,United States
16656,30267,Unitaed Arab Emirates
16657,14070,canada
16658,13893,australia
16659,19455,United Kingdom
16660,25059,india
16661,29857,Unitaed Arab Emirates
16662,40491,canada
16663,27179,india
16664,31408,australia
16665,15892,germany
16666,46140,Unitaed Arab Emirates
16667,12257,United Kingdom
16668,42051,australia
16669,42829,australia
16670,48741,canada
16671,17554,United Kingdom
16672,18370,United Kingdom
16673,33617,india
16674,24008,germany
16675,11410,Unitaed Arab Emirates
16676,24722,canada
16677,32834,United Kingdom
16678,19859,Unitaed Arab Emirates
16679,15030,Unitaed Arab Emirates
16680,40965,Unitaed Arab Emirates
16681,32504,Unitaed Arab Emirates
16682,16504,Unitaed Arab Emirates
16683,34435,india
16684,44161,canada
16685,33858,india
16686,16637,australia
16687,27939,germany
16688,46182,australia
16689,34063,india
16690,13389,canada
16691,22555,Unitaed Arab Emirates
16692,10971,Unitaed Arab Emirates
16693,41356,Unitaed Arab Emirates
16694,13847,australia
16695,49924,australia
16696,22858,United States
16697,44363,india
16698,33981,australia
16699,19854,Unitaed Arab Emirates
16700,21470,United States
16701,41618,india
16702,48651,United Kingdom
16703,17059,canada
16704,19199,Unitaed Arab Emirates
16705,23017,germany
16706,18080,india
16707,11035,Unitaed Arab Emirates
16708,24683,india
16709,41068,Unitaed Arab Emirates
16710,30600,Unitaed Arab Emirates
16711,28986,australia
16712,16617,india
16713,10212,germany
16714,17742,canada
16715,30977,india
16716,45712,canada
16717,13739,canada
16718,42401,United States
16719,24330,Unitaed Arab Emirates
16720,35578,Unitaed Arab Emirates
16721,24081,United States
16722,17877,india
16723,38982,australia
16724,33050,germany
16725,10084,United States
16726,34341,india
16727,14866,United Kingdom
16728,22692,australia
16729,39179,canada
16730,15924,Unitaed Arab Emirates
16731,44141,india
16732,15011,australia
16733,48720,india
16734,37609,australia
16735,39705,Unitaed Arab Emirates
16736,10296,United Kingdom
16737,22923,germany
16738,32904,Unitaed Arab Emirates
16739,26027,United Kingdom
16740,47194,australia
16741,19053,india
16742,34202,australia
16743,31195,germany
16744,32646,United States
16745,47363,india
16746,21035,Unitaed Arab Emirates
16747,30961,Unitaed Arab Emirates
16748,33614,Unitaed Arab Emirates
16749,33731,germany
16750,22121,germany
16751,29619,india
16752,18746,australia
16753,25065,india
16754,42210,canada
16755,11587,United States
16756,43220,United States
16757,45842,india
16758,26265,canada
16759,46292,germany
16760,18671,United States
16761,46086,australia
16762,12933,Unitaed Arab Emirates
16763,46562,india
16764,28827,australia
16765,30638,germany
16766,28896,germany
16767,25664,United Kingdom
16768,24297,canada
16769,16686,United Kingdom
16770,45062,canada
16771,37322,United Kingdom
16772,17402,United States
16773,40533,india
16774,11355,Unitaed Arab Emirates
16775,44266,australia
16776,31936,india
16777,11671,Unitaed Arab Emirates
16778,42527,canada
16779,41998,germany
16780,29155,canada
16781,48167,australia
16782,31242,australia
16783,25670,United Kingdom
16784,10693,United States
16785,34379,United Kingdom
16786,33551,canada
16787,16197,india
16788,46513,india
16789,48603,United States
16790,39907,germany
16791,45717,australia
16792,18482,india
16793,15736,australia
16794,31780,United Kingdom
16795,27798,canada
16796,36765,canada
16797,13928,United Kingdom
16798,18584,United Kingdom
16799,37132,United Kingdom
16800,25251,United States
16801,35172,canada
16802,20735,United Kingdom
16803,42454,india
16804,45965,germany
16805,19607,United States
16806,34048,Unitaed Arab Emirates
16807,27413,Unitaed Arab Emirates
16808,23863,United States
16809,10848,Unitaed Arab Emirates
16810,42460,canada
16811,33184,canada
16812,25263,Unitaed Arab Emirates
16813,43990,United States
16814,29917,United States
16815,31939,United States
16816,24527,india
16817,45671,india
16818,25675,Unitaed Arab Emirates
16819,37833,United Kingdom
16820,37944,germany
16821,38074,germany
16822,49198,india
16823,25852,Unitaed Arab Emirates
16824,13355,canada
16825,33527,australia
16826,29835,Unitaed Arab Emirates
16827,35507,india
16828,14840,germany
16829,31166,canada
16830,46977,United Kingdom
16831,24393,india
16832,28735,germany
16833,29429,Unitaed Arab Emirates
16834,19291,Unitaed Arab Emirates
16835,37534,germany
16836,32126,germany
16837,44415,United States
16838,41437,United States
16839,42769,United States
16840,34398,canada
16841,24276,canada
16842,25871,australia
16843,40403,Unitaed Arab Emirates
16844,17491,United Kingdom
16845,14786,Unitaed Arab Emirates
16846,25945,india
16847,21355,india
16848,28204,Unitaed Arab Emirates
16849,23357,canada
16850,39715,United States
16851,35658,canada
16852,47923,australia
16853,19728,australia
16854,33385,germany
16855,21934,Unitaed Arab Emirates
16856,29683,United Kingdom
16857,45644,canada
16858,49984,germany
16859,44590,germany
16860,12992,india
16861,14397,india
16862,11088,United States
16863,24497,canada
16864,11427,india
16865,25070,United States
16866,10642,canada
16867,47728,United Kingdom
16868,13869,Unitaed Arab Emirates
16869,49008,Unitaed Arab Emirates
16870,26208,canada
16871,19097,United States
16872,14591,australia
16873,19424,india
16874,44094,india
16875,40049,United Kingdom
16876,39697,United Kingdom
16877,46780,Unitaed Arab Emirates
16878,22114,United Kingdom
16879,45488,Unitaed Arab Emirates
16880,42251,australia
16881,36687,canada
16882,28174,canada
16883,48305,canada
16884,16394,germany
16885,40149,United Kingdom
16886,47319,United States
16887,31753,germany
16888,45425,United Kingdom
16889,36579,india
16890,38059,Unitaed Arab Emirates
16891,24620,canada
16892,48697,canada
16893,43073,Unitaed Arab Emirates
16894,12941,United Kingdom
16895,24850,United States
16896,25126,germany
16897,33832,australia
16898,45562,india
16899,24912,india
16900,27614,canada
16901,15498,United States
16902,49185,india
16903,16424,canada
16904,13068,germany
16905,29811,United States
16906,15053,Unitaed Arab Emirates
16907,19352,United Kingdom
16908,11192,germany
16909,47093,australia
16910,44285,australia
16911,27683,canada
16912,30476,canada
16913,33416,india
16914,20911,United Kingdom
16915,20359,United Kingdom
16916,45627,australia
16917,15408,australia
16918,31859,germany
16919,39708,canada
16920,33345,india
16921,29914,Unitaed Arab Emirates
16922,37035,germany
16923,42728,india
16924,30909,india
16925,42912,india
16926,12208,germany
16927,15471,india
16928,41645,australia
16929,10533,United Kingdom
16930,42948,canada
16931,13032,United Kingdom
16932,38140,india
16933,14514,United Kingdom
16934,49688,United Kingdom
16935,40058,United States
16936,38092,india
16937,45924,Unitaed Arab Emirates
16938,45608,india
16939,13898,United States
16940,44247,Unitaed Arab Emirates
16941,17651,india
16942,13427,United States
16943,39543,Unitaed Arab Emirates
16944,26464,Unitaed Arab Emirates
16945,14665,canada
16946,43839,United Kingdom
16947,25268,United States
16948,19016,australia
16949,13084,United Kingdom
16950,13851,Unitaed Arab Emirates
16951,30706,germany
16952,15483,canada
16953,34567,United Kingdom
16954,49613,canada
16955,46062,United States
16956,29497,germany
16957,39804,germany
16958,48513,australia
16959,22797,canada
16960,47167,Unitaed Arab Emirates
16961,39453,india
16962,48314,india
16963,49661,india
16964,15161,canada
16965,37260,australia
16966,40881,United Kingdom
16967,34615,canada
16968,11654,australia
16969,42792,Unitaed Arab Emirates
16970,47828,india
16971,38629,germany
16972,36690,United Kingdom
16973,15114,germany
16974,37280,canada
16975,35649,india
16976,31081,australia
16977,23502,germany
16978,46134,United States
16979,30908,United Kingdom
16980,29810,United States
16981,11016,United States
16982,15690,germany
16983,21615,canada
16984,45193,United Kingdom
16985,46986,canada
16986,40287,United States
16987,33743,United Kingdom
16988,30553,australia
16989,21974,United States
16990,28608,germany
16991,45020,australia
16992,44758,United States
16993,28511,australia
16994,38163,germany
16995,26061,United States
16996,47371,canada
16997,28806,germany
16998,47081,germany
16999,47145,United Kingdom
17000,42363,germany
17001,43986,germany
17002,44355,germany
17003,30368,germany
17004,31133,United States
17005,21929,United States
17006,31663,australia
17007,38722,india
17008,39555,United States
17009,28706,United States
17010,43167,Unitaed Arab Emirates
17011,13654,germany
17012,36850,United States
17013,12016,india
17014,19856,australia
17015,32242,Unitaed Arab Emirates
17016,17367,United Kingdom
17017,28463,United States
17018,47569,australia
17019,42718,india
17020,48792,india
17021,11682,canada
17022,49760,canada
17023,16665,australia
17024,41846,canada
17025,22477,United States
17026,31057,Unitaed Arab Emirates
17027,36417,germany
17028,49774,australia
17029,30259,United States
17030,46861,australia
17031,29038,United States
17032,28253,australia
17033,28776,india
17034,23517,germany
17035,41976,United Kingdom
17036,43547,germany
17037,46179,germany
17038,46407,canada
17039,25920,Unitaed Arab Emirates
17040,17091,australia
17041,46797,germany
17042,23468,india
17043,16222,germany
17044,31800,germany
17045,21455,canada
17046,34463,australia
17047,39461,australia
17048,17214,Unitaed Arab Emirates
17049,39200,United Kingdom
17050,16488,australia
17051,45069,United States
17052,45352,canada
17053,12350,canada
17054,35538,india
17055,19331,germany
17056,40673,canada
17057,20559,canada
17058,23775,United States
17059,19678,United Kingdom
17060,15245,germany
17061,44162,United States
17062,45664,canada
17063,22814,germany
17064,36405,United Kingdom
17065,24861,canada
17066,38703,canada
17067,20283,canada
17068,40043,india
17069,46474,Unitaed Arab Emirates
17070,30851,Unitaed Arab Emirates
17071,10994,australia
17072,40397,canada
17073,32218,United States
17074,35930,United Kingdom
17075,41644,United Kingdom
17076,34208,United States
17077,37395,Unitaed Arab Emirates
17078,41674,United Kingdom
17079,17920,United Kingdom
17080,15076,United Kingdom
17081,26612,australia
17082,22102,australia
17083,38725,australia
17084,49353,australia
17085,41886,canada
17086,34350,United States
17087,44062,canada
17088,26900,canada
17089,41337,india
17090,13009,australia
17091,18163,United Kingdom
17092,48325,United States
17093,21173,india
17094,10370,canada
17095,28043,Unitaed Arab Emirates
17096,39183,canada
17097,35777,australia
17098,24862,Unitaed Arab Emirates
17099,10210,germany
17100,33711,United Kingdom
17101,49055,canada
17102,17501,canada
17103,13825,United Kingdom
17104,45832,United Kingdom
17105,40256,germany
17106,18143,germany
17107,24634,United States
17108,18200,australia
17109,41745,United States
17110,47355,india
17111,17874,United States
17112,31768,United Kingdom
17113,17161,germany
17114,12772,germany
17115,24244,germany
17116,44151,United Kingdom
17117,10498,india
17118,49479,canada
17119,44622,United Kingdom
17120,30660,australia
17121,18538,australia
17122,27212,germany
17123,28070,australia
17124,33011,United Kingdom
17125,40478,australia
17126,46674,United Kingdom
17127,48589,United Kingdom
17128,32146,United Kingdom
17129,22296,United States
17130,45404,United Kingdom
17131,41416,United Kingdom
17132,32038,United Kingdom
17133,47836,United States
17134,46980,canada
17135,28756,germany
17136,28327,india
17137,34649,United States
17138,31458,india
17139,11442,United Kingdom
17140,47670,United Kingdom
17141,43318,Unitaed Arab Emirates
17142,20643,United States
17143,36463,United States
17144,29145,australia
17145,20785,australia
17146,28603,australia
17147,38713,United States
17148,32801,Unitaed Arab Emirates
17149,30979,United Kingdom
17150,49105,Unitaed Arab Emirates
17151,10463,germany
17152,23484,Unitaed Arab Emirates
17153,15549,india
17154,39328,United Kingdom
17155,24099,Unitaed Arab Emirates
17156,44563,germany
17157,22088,australia
17158,38779,United States
17159,23390,canada
17160,36166,Unitaed Arab Emirates
17161,10539,australia
17162,30978,United States
17163,11188,United States
17164,17240,Unitaed Arab Emirates
17165,13694,United Kingdom
17166,36530,United States
17167,22311,germany
17168,16525,Unitaed Arab Emirates
17169,36285,germany
17170,43796,germany
17171,24725,Unitaed Arab Emirates
17172,31510,Unitaed Arab Emirates
17173,10722,United States
17174,39971,United Kingdom
17175,29258,germany
17176,16690,Unitaed Arab Emirates
17177,18151,australia
17178,18544,australia
17179,26648,germany
17180,11065,india
17181,33518,germany
17182,21646,Unitaed Arab Emirates
17183,38781,germany
17184,29885,canada
17185,15862,canada
17186,45524,germany
17187,34206,canada
17188,25921,australia
17189,37174,australia
17190,20614,United Kingdom
17191,44572,india
17192,17845,Unitaed Arab Emirates
17193,27828,australia
17194,25273,germany
17195,22663,india
17196,39714,Unitaed Arab Emirates
17197,20788,australia
17198,15336,australia
17199,16120,australia
17200,37177,india
17201,32015,Unitaed Arab Emirates
17202,25208,United States
17203,46970,canada
17204,32899,United States
17205,10117,canada
17206,10285,germany
17207,30077,germany
17208,15689,australia
17209,47877,Unitaed Arab Emirates
17210,30595,germany
17211,49975,india
17212,49275,United Kingdom
17213,37109,Unitaed Arab Emirates
17214,25181,india
17215,39286,United States
17216,48104,india
17217,45347,Unitaed Arab Emirates
17218,43169,india
17219,22471,australia
17220,31033,india
17221,29398,germany
17222,31924,australia
17223,47998,india
17224,35215,india
17225,19267,United States
17226,17440,United Kingdom
17227,39258,canada
17228,33571,Unitaed Arab Emirates
17229,12628,United Kingdom
17230,20345,canada
17231,33770,australia
17232,40302,india
17233,26705,canada
17234,28747,australia
17235,32252,germany
17236,28972,United Kingdom
17237,10237,United States
17238,20575,United States
17239,37969,australia
17240,10120,Unitaed Arab Emirates
17241,21272,canada
17242,26567,Unitaed Arab Emirates
17243,21923,United Kingdom
17244,28177,australia
17245,43097,Unitaed Arab Emirates
17246,14917,canada
17247,23329,United Kingdom
17248,26266,india
17249,19544,United Kingdom
17250,15838,india
17251,45515,United Kingdom
17252,49348,india
17253,26389,canada
17254,36638,germany
17255,42053,germany
17256,31930,australia
17257,11663,germany
17258,36145,india
17259,43153,india
17260,25462,germany
17261,30210,United States
17262,24230,germany
17263,37367,germany
17264,40676,germany
17265,10836,United States
17266,35921,United States
17267,47326,india
17268,21398,india
17269,43981,canada
17270,46197,United Kingdom
17271,22970,canada
17272,13327,germany
17273,14808,Unitaed Arab Emirates
17274,25320,australia
17275,42305,germany
17276,14030,canada
17277,38024,United Kingdom
17278,10456,Unitaed Arab Emirates
17279,14787,india
17280,49795,india
17281,19157,Unitaed Arab Emirates
17282,42229,australia
17283,33836,canada
17284,39058,United States
17285,38218,germany
17286,15987,United Kingdom
17287,43056,Unitaed Arab Emirates
17288,37202,Unitaed Arab Emirates
17289,36949,United States
17290,17850,germany
17291,45550,canada
17292,22372,canada
17293,43632,australia
17294,11997,United Kingdom
17295,41839,United Kingdom
17296,26040,United States
17297,48228,United Kingdom
17298,34438,germany
17299,24157,Unitaed Arab Emirates
17300,12531,United Kingdom
17301,31178,india
17302,40696,germany
17303,12880,United Kingdom
17304,19198,india
17305,35795,United Kingdom
17306,14828,United Kingdom
17307,26611,india
17308,40020,australia
17309,21249,Unitaed Arab Emirates
17310,28301,Unitaed Arab Emirates
17311,26497,United Kingdom
17312,12151,Unitaed Arab Emirates
17313,14598,india
17314,29762,United States
17315,28328,india
17316,27340,australia
17317,32067,india
17318,22965,canada
17319,49460,australia
17320,45050,india
17321,32475,United Kingdom
17322,15739,australia
17323,45110,australia
17324,35075,india
17325,33531,United Kingdom
17326,47033,germany
17327,45638,United States
17328,10511,germany
17329,48219,germany
17330,15322,india
17331,13745,Unitaed Arab Emirates
17332,10558,australia
17333,28143,australia
17334,16200,india
17335,16626,australia
17336,13225,germany
17337,11404,india
17338,45465,india
17339,34328,india
17340,23459,australia
17341,15646,germany
17342,28544,india
17343,47265,Unitaed Arab Emirates
17344,29719,india
17345,13854,canada
17346,30451,germany
17347,46654,india
17348,32033,germany
17349,22191,Unitaed Arab Emirates
17350,15587,canada
17351,19311,australia
17352,45822,United States
17353,25904,australia
17354,33387,germany
17355,24686,australia
17356,22961,india
17357,25897,United Kingdom
17358,15947,australia
17359,26805,germany
17360,29504,United States
17361,28874,australia
17362,49266,United States
17363,35688,india
17364,44580,United States
17365,14835,Unitaed Arab Emirates
17366,18290,Unitaed Arab Emirates
17367,38689,germany
17368,47582,canada
17369,13215,india
17370,36987,germany
17371,26021,australia
17372,44985,canada
17373,18799,india
17374,21142,india
17375,11909,United States
17376,43637,United Kingdom
17377,25933,canada
17378,12677,United Kingdom
17379,25646,india
17380,25130,india
17381,15168,Unitaed Arab Emirates
17382,26968,United Kingdom
17383,35615,United Kingdom
17384,46972,United States
17385,25992,australia
17386,46108,india
17387,17655,United States
17388,33652,australia
17389,18599,United Kingdom
17390,43043,United Kingdom
17391,32930,canada
17392,33229,germany
17393,39709,germany
17394,22976,germany
17395,21219,india
17396,25887,australia
17397,34215,canada
17398,42078,canada
17399,39091,germany
17400,34599,india
17401,38295,india
17402,39685,United Kingdom
17403,46462,canada
17404,48430,australia
17405,32549,germany
17406,22239,india
17407,35099,Unitaed Arab Emirates
17408,13524,canada
17409,28361,australia
17410,41944,Unitaed Arab Emirates
17411,19868,United States
17412,14279,australia
17413,43938,United Kingdom
17414,10224,india
17415,42470,india
17416,22242,Unitaed Arab Emirates
17417,44208,germany
17418,31334,india
17419,39323,india
17420,35645,canada
17421,39382,australia
17422,45385,india
17423,15460,United Kingdom
17424,16680,Unitaed Arab Emirates
17425,40309,United States
17426,27821,Unitaed Arab Emirates
17427,36515,United Kingdom
17428,45740,United States
17429,30414,canada
17430,16696,germany
17431,13787,germany
17432,42623,United Kingdom
17433,48236,United Kingdom
17434,24162,United Kingdom
17435,41002,United States
17436,12629,Unitaed Arab Emirates
17437,38578,United Kingdom
17438,44324,United Kingdom
17439,16032,india
17440,43478,australia
17441,48561,United States
17442,44585,United Kingdom
17443,20882,canada
17444,12127,United States
17445,42858,United States
17446,34292,germany
17447,14005,United Kingdom
17448,36699,india
17449,39072,Unitaed Arab Emirates
17450,44025,canada
17451,47864,australia
17452,32474,Unitaed Arab Emirates
17453,48948,australia
17454,19744,United Kingdom
17455,45135,canada
17456,12092,United States
17457,25432,Unitaed Arab Emirates
17458,46204,United States
17459,23165,australia
17460,22634,germany
17461,49766,United Kingdom
17462,23449,United States
17463,17471,canada
17464,36950,United Kingdom
17465,27487,india
17466,39272,india
17467,25354,canada
17468,28196,Unitaed Arab Emirates
17469,41457,australia
17470,37996,germany
17471,16889,india
17472,15075,United States
17473,13783,Unitaed Arab Emirates
17474,15667,india
17475,20710,germany
17476,23838,australia
17477,23044,australia
17478,44478,india
17479,15411,germany
17480,33528,Unitaed Arab Emirates
17481,10867,Unitaed Arab Emirates
17482,49768,United Kingdom
17483,15868,United States
17484,15961,United States
17485,13430,canada
17486,43101,australia
17487,36771,india
17488,43569,United States
17489,43956,United Kingdom
17490,39154,United States
17491,29678,canada
17492,45379,australia
17493,47419,germany
17494,19813,canada
17495,46500,australia
17496,25781,canada
17497,45220,canada
17498,10809,United Kingdom
17499,30783,Unitaed Arab Emirates
17500,29557,australia
17501,31574,canada
17502,28366,canada
17503,45544,Unitaed Arab Emirates
17504,27565,United Kingdom
17505,36395,india
17506,49313,Unitaed Arab Emirates
17507,26077,canada
17508,24604,United States
17509,31760,United States
17510,18607,australia
17511,45928,United States
17512,45337,Unitaed Arab Emirates
17513,17550,germany
17514,45381,canada
17515,27222,germany
17516,16449,United Kingdom
17517,31356,india
17518,46715,Unitaed Arab Emirates
17519,35386,germany
17520,30007,canada
17521,15224,india
17522,20746,canada
17523,34428,United States
17524,20125,United States
17525,39204,canada
17526,42373,canada
17527,38084,United Kingdom
17528,18783,germany
17529,20215,india
17530,37729,india
17531,14359,canada
17532,43882,United States
17533,35571,United States
17534,16515,Unitaed Arab Emirates
17535,33290,germany
17536,36838,Unitaed Arab Emirates
17537,38596,United States
17538,22465,Unitaed Arab Emirates
17539,15565,germany
17540,33721,india
17541,46409,australia
17542,38474,United States
17543,49278,United Kingdom
17544,36851,germany
17545,46979,india
17546,15420,United Kingdom
17547,34897,United States
17548,23507,canada
17549,12472,india
17550,22129,canada
17551,46676,United States
17552,29446,United States
17553,23630,india
17554,49282,United States
17555,24632,canada
17556,48587,canada
17557,36879,United States
17558,15300,germany
17559,21896,germany
17560,44938,United Kingdom
17561,22284,Unitaed Arab Emirates
17562,16325,United States
17563,48193,United Kingdom
17564,12303,australia
17565,25863,United States
17566,24534,canada
17567,43982,United States
17568,19248,india
17569,34044,canada
17570,28165,india
17571,36000,india
17572,25111,germany
17573,29789,United States
17574,30586,United States
17575,46645,india
17576,17614,germany
17577,45650,United States
17578,10359,india
17579,33452,australia
17580,32341,Unitaed Arab Emirates
17581,17334,United Kingdom
17582,40509,canada
17583,28259,canada
17584,41827,australia
17585,19432,australia
17586,37374,canada
17587,10898,australia
17588,48214,australia
17589,11831,United Kingdom
17590,15584,Unitaed Arab Emirates
17591,12481,Unitaed Arab Emirates
17592,22617,Unitaed Arab Emirates
17593,37150,Unitaed Arab Emirates
17594,16164,india
17595,30795,United States
17596,37868,germany
17597,18340,germany
17598,17789,australia
17599,41798,australia
17600,19261,United States
17601,20685,United Kingdom
17602,28613,germany
17603,22163,australia
17604,31676,United States
17605,48827,germany
17606,16751,United Kingdom
17607,48007,india
17608,37171,india
17609,29365,australia
17610,31450,australia
17611,22854,United States
17612,37158,Unitaed Arab Emirates
17613,13964,australia
17614,30468,australia
17615,14860,india
17616,11123,Unitaed Arab Emirates
17617,24650,United States
17618,41372,canada
17619,37178,Unitaed Arab Emirates
17620,39935,australia
17621,43548,canada
17622,39175,Unitaed Arab Emirates
17623,14500,canada
17624,29143,canada
17625,45313,United States
17626,30425,germany
17627,26217,germany
17628,48643,United Kingdom
17629,35946,United States
17630,12828,canada
17631,27846,india
17632,40378,germany
17633,43321,Unitaed Arab Emirates
17634,33435,germany
17635,42037,canada
17636,42514,Unitaed Arab Emirates
17637,46157,india
17638,46419,Unitaed Arab Emirates
17639,48031,germany
17640,21025,germany
17641,13495,germany
17642,27721,United States
17643,16196,United Kingdom
17644,45779,germany
17645,19356,Unitaed Arab Emirates
17646,48075,United Kingdom
17647,33140,Unitaed Arab Emirates
17648,22910,australia
17649,49365,australia
17650,30218,germany
17651,32561,canada
17652,33744,canada
17653,16331,United Kingdom
17654,41469,United Kingdom
17655,13568,germany
17656,47191,Unitaed Arab Emirates
17657,42464,canada
17658,46754,United States
17659,24188,germany
17660,42620,india
17661,39887,Unitaed Arab Emirates
17662,16499,United Kingdom
17663,31605,canada
17664,12241,canada
17665,28357,United States
17666,31910,Unitaed Arab Emirates
17667,46746,canada
17668,38005,australia
17669,37148,United States
17670,23266,Unitaed Arab Emirates
17671,49563,Unitaed Arab Emirates
17672,34779,india
17673,25499,Unitaed Arab Emirates
17674,19448,germany
17675,36270,United Kingdom
17676,12682,germany
17677,44905,india
17678,21767,United States
17679,14850,australia
17680,43699,canada
17681,42815,india
17682,28654,United Kingdom
17683,48535,germany
17684,20952,india
17685,34302,germany
17686,25680,United Kingdom
17687,22137,india
17688,45286,germany
17689,42973,australia
17690,11805,australia
17691,36037,United Kingdom
17692,33069,United Kingdom
17693,24991,australia
17694,11942,Unitaed Arab Emirates
17695,38318,United Kingdom
17696,12827,Unitaed Arab Emirates
17697,21093,india
17698,36994,india
17699,14495,United Kingdom
17700,43027,india
17701,38435,Unitaed Arab Emirates
17702,22126,Unitaed Arab Emirates
17703,26221,germany
17704,35886,germany
17705,35904,Unitaed Arab Emirates
17706,47613,United Kingdom
17707,11970,germany
17708,41705,australia
17709,37808,germany
17710,19808,canada
17711,20089,United States
17712,26071,Unitaed Arab Emirates
17713,39017,United Kingdom
17714,28866,Unitaed Arab Emirates
17715,48053,india
17716,27834,United Kingdom
17717,30664,australia
17718,48709,australia
17719,27639,United States
17720,10400,canada
17721,48407,United Kingdom
17722,20174,australia
17723,46232,canada
17724,21374,United States
17725,13874,australia
17726,29544,Unitaed Arab Emirates
17727,45461,australia
17728,12903,australia
17729,16051,canada
17730,42988,india
17731,16416,United States
17732,48134,australia
17733,25749,australia
17734,47036,canada
17735,21055,Unitaed Arab Emirates
17736,12696,Unitaed Arab Emirates
17737,38665,india
17738,19691,australia
17739,21453,United States
17740,35076,Unitaed Arab Emirates
17741,29742,india
17742,16464,germany
17743,10125,canada
17744,46543,United States
17745,21477,Unitaed Arab Emirates
17746,26972,United States
17747,42397,canada
17748,35318,canada
17749,13227,australia
17750,19017,United Kingdom
17751,35729,United Kingdom
17752,36848,germany
17753,36971,canada
17754,49800,canada
17755,20430,germany
17756,22781,United States
17757,33616,United States
17758,42651,canada
17759,15142,Unitaed Arab Emirates
17760,18729,india
17761,28591,United States
17762,12565,canada
17763,28112,canada
17764,31880,australia
17765,10707,australia
17766,47127,United Kingdom
17767,48911,United Kingdom
17768,31363,Unitaed Arab Emirates
17769,22418,United States
17770,30544,United States
17771,23231,canada
17772,21851,australia
17773,33577,india
17774,41770,india
17775,36960,canada
17776,25957,germany
17777,30871,canada
17778,22575,germany
17779,24364,canada
17780,19321,australia
17781,26999,Unitaed Arab Emirates
17782,42127,india
17783,14889,United States
17784,15195,germany
17785,34102,canada
17786,37818,Unitaed Arab Emirates
17787,47623,australia
17788,23113,United States
17789,26088,australia
17790,32627,United States
17791,36527,United States
17792,29457,australia
17793,46525,germany
17794,24526,United Kingdom
17795,45656,canada
17796,29102,india
17797,23990,United Kingdom
17798,30745,australia
17799,46612,canada
17800,16386,india
17801,47541,United Kingdom
17802,19183,United States
17803,42357,india
17804,40931,australia
17805,25944,United States
17806,47683,germany
17807,44401,india
17808,14681,United Kingdom
17809,34653,canada
17810,13285,australia
17811,13250,india
17812,25493,india
17813,44532,United States
17814,32981,germany
17815,33472,australia
17816,14247,india
17817,35036,germany
17818,22535,germany
17819,26184,canada
17820,38769,germany
17821,31581,australia
17822,16543,United Kingdom
17823,24348,Unitaed Arab Emirates
17824,11422,australia
17825,20211,india
17826,24735,canada
17827,21870,Unitaed Arab Emirates
17828,18750,Unitaed Arab Emirates
17829,22770,United Kingdom
17830,21559,australia
17831,48828,canada
17832,46446,Unitaed Arab Emirates
17833,19898,germany
17834,26174,india
17835,14445,Unitaed Arab Emirates
17836,23902,United States
17837,44700,Unitaed Arab Emirates
17838,45447,United States
17839,11392,india
17840,11683,Unitaed Arab Emirates
17841,36431,australia
17842,12249,germany
17843,32435,United Kingdom
17844,49982,United States
17845,21584,australia
17846,35497,germany
17847,47856,canada
17848,10446,United Kingdom
17849,21479,Unitaed Arab Emirates
17850,17549,United States
17851,11072,india
17852,41376,United States
17853,34129,United States
17854,35012,australia
17855,31388,Unitaed Arab Emirates
17856,23284,Unitaed Arab Emirates
17857,10276,Unitaed Arab Emirates
17858,30971,Unitaed Arab Emirates
17859,18274,india
17860,46151,canada
17861,43235,india
17862,25134,germany
17863,10997,canada
17864,47816,Unitaed Arab Emirates
17865,14095,United States
17866,39671,canada
17867,33409,australia
17868,42861,canada
17869,19114,canada
17870,38030,United States
17871,33438,australia
17872,43926,india
17873,42364,canada
17874,15221,Unitaed Arab Emirates
17875,44986,Unitaed Arab Emirates
17876,17906,United Kingdom
17877,16074,canada
17878,20156,Unitaed Arab Emirates
17879,15818,Unitaed Arab Emirates
17880,38987,canada
17881,23701,canada
17882,47444,United Kingdom
17883,27685,australia
17884,26467,United States
17885,16679,india
17886,28170,United States
17887,24663,germany
17888,34886,germany
17889,15491,United States
17890,32725,australia
17891,11982,india
17892,43124,United Kingdom
17893,21354,United Kingdom
17894,47719,United Kingdom
17895,35774,germany
17896,20893,india
17897,31994,germany
17898,20968,australia
17899,35102,Unitaed Arab Emirates
17900,49652,canada
17901,43132,Unitaed Arab Emirates
17902,42880,india
17903,20714,United Kingdom
17904,19039,United States
17905,38383,australia
17906,17684,india
17907,40512,Unitaed Arab Emirates
17908,29361,United Kingdom
17909,22733,United States
17910,26868,germany
17911,23640,germany
17912,49648,United Kingdom
17913,42420,United Kingdom
17914,27544,United States
17915,35957,canada
17916,32758,australia
17917,13186,United Kingdom
17918,12562,india
17919,48675,United Kingdom
17920,35948,canada
17921,31218,United Kingdom
17922,24815,canada
17923,21635,Unitaed Arab Emirates
17924,10521,germany
17925,12423,germany
17926,15242,india
17927,23312,india
17928,42163,Unitaed Arab Emirates
17929,39394,canada
17930,43134,United Kingdom
17931,16289,australia
17932,24948,United Kingdom
17933,46551,india
17934,16026,canada
17935,21076,United Kingdom
17936,46756,United States
17937,22906,United States
17938,30691,australia
17939,35200,United Kingdom
17940,40339,india
17941,11803,germany
17942,35682,india
17943,33969,germany
17944,43663,india
17945,10330,canada
17946,24376,Unitaed Arab Emirates
17947,41475,canada
17948,27902,india
17949,31812,australia
17950,36862,australia
17951,24997,australia
17952,25471,india
17953,23604,United States
17954,31718,india
17955,49909,germany
17956,22221,india
17957,28208,Unitaed Arab Emirates
17958,22380,canada
17959,36126,Unitaed Arab Emirates
17960,16419,United Kingdom
17961,35630,United States
17962,13026,United Kingdom
17963,36975,United States
17964,32345,germany
17965,27592,germany
17966,21434,india
17967,27481,germany
17968,10433,australia
17969,28340,United Kingdom
17970,10083,australia
17971,35287,canada
17972,15776,australia
17973,34792,australia
17974,31740,australia
17975,31130,germany
17976,49351,australia
17977,32521,canada
17978,47470,germany
17979,47721,canada
17980,22307,Unitaed Arab Emirates
17981,33109,germany
17982,23755,United States
17983,40390,canada
17984,36931,United Kingdom
17985,42321,United Kingdom
17986,40040,canada
17987,29471,india
17988,44998,germany
17989,44559,india
17990,33333,Unitaed Arab Emirates
17991,37126,Unitaed Arab Emirates
17992,35708,germany
17993,11341,australia
17994,21508,canada
17995,47082,United Kingdom
17996,48748,canada
17997,14713,canada
17998,23131,Unitaed Arab Emirates
17999,23389,germany
18000,11394,United States
18001,35694,United Kingdom
18002,44603,Unitaed Arab Emirates
18003,39422,United States
18004,32949,United Kingdom
18005,48064,Unitaed Arab Emirates
18006,19802,United Kingdom
18007,43525,germany
18008,49296,canada
18009,49434,canada
18010,16366,india
18011,18099,germany
18012,27987,india
18013,35019,india
18014,21873,United States
18015,14364,United Kingdom
18016,13451,india
18017,19247,United States
18018,44908,germany
18019,41832,United States
18020,18345,canada
18021,41901,United Kingdom
18022,10417,United States
18023,33326,australia
18024,14530,india
18025,30416,Unitaed Arab Emirates
18026,13425,germany
18027,35593,United Kingdom
18028,49018,United Kingdom
18029,21868,canada
18030,43207,india
18031,13209,india
18032,25717,United Kingdom
18033,27034,canada
18034,34179,germany
18035,37143,australia
18036,36612,United States
18037,20707,canada
18038,35998,india
18039,32459,Unitaed Arab Emirates
18040,34931,india
18041,14869,United States
18042,23296,United Kingdom
18043,21201,canada
18044,32225,australia
18045,18915,australia
18046,35869,germany
18047,23969,india
18048,38456,United Kingdom
18049,42622,United States
18050,19692,Unitaed Arab Emirates
18051,42755,Unitaed Arab Emirates
18052,17185,United Kingdom
18053,28221,australia
18054,25569,Unitaed Arab Emirates
18055,18623,australia
18056,28203,United Kingdom
18057,26164,india
18058,47139,germany
18059,48035,Unitaed Arab Emirates
18060,36518,australia
18061,39371,United States
18062,21050,india
18063,26675,United States
18064,31604,canada
18065,41676,australia
18066,19260,United States
18067,15602,United Kingdom
18068,24560,australia
18069,19109,germany
18070,21435,india
18071,31040,canada
18072,40365,india
18073,39934,germany
18074,44307,United Kingdom
18075,28320,india
18076,29846,United Kingdom
18077,49595,india
18078,16983,germany
18079,37272,United States
18080,24853,india
18081,37410,germany
18082,48997,india
18083,16810,india
18084,30490,india
18085,18454,germany
18086,31387,australia
18087,21079,United Kingdom
18088,34555,United Kingdom
18089,15897,india
18090,25005,Unitaed Arab Emirates
18091,26669,canada
18092,43919,australia
18093,43468,United States
18094,10977,germany
18095,16036,australia
18096,38619,Unitaed Arab Emirates
18097,15761,australia
18098,11875,United States
18099,21926,australia
18100,42980,germany
18101,38382,australia
18102,37663,germany
18103,34089,australia
18104,21155,germany
18105,35624,United States
18106,14156,United States
18107,47121,canada
18108,12383,United States
18109,13072,germany
18110,49483,Unitaed Arab Emirates
18111,20036,germany
18112,42207,australia
18113,32340,United States
18114,48354,canada
18115,35441,United Kingdom
18116,27466,india
18117,15692,germany
18118,45302,United States
18119,34858,germany
18120,43483,United States
18121,43832,canada
18122,33980,australia
18123,14875,australia
18124,25222,germany
18125,35086,canada
18126,17041,germany
18127,18237,india
18128,19863,United Kingdom
18129,27550,australia
18130,27833,australia
18131,38124,canada
18132,22228,Unitaed Arab Emirates
18133,11473,germany
18134,43245,germany
18135,34294,india
18136,21162,Unitaed Arab Emirates
18137,48702,Unitaed Arab Emirates
18138,40042,canada
18139,30510,india
18140,14646,Unitaed Arab Emirates
18141,14771,United States
18142,42324,canada
18143,24398,australia
18144,10012,germany
18145,43156,india
18146,46187,United States
18147,40363,germany
18148,13240,Unitaed Arab Emirates
18149,13755,germany
18150,12204,Unitaed Arab Emirates
18151,11347,canada
18152,34526,United States
18153,19411,india
18154,32797,germany
18155,21962,United States
18156,34637,United Kingdom
18157,10497,canada
18158,16260,United Kingdom
18159,10914,canada
18160,23724,Unitaed Arab Emirates
18161,41701,australia
18162,28758,india
18163,15659,germany
18164,22809,United States
18165,21824,australia
18166,26472,Unitaed Arab Emirates
18167,17685,Unitaed Arab Emirates
18168,32802,United Kingdom
18169,24890,canada
18170,43059,australia
18171,28217,Unitaed Arab Emirates
18172,30058,United Kingdom
18173,38972,australia
18174,24509,canada
18175,46052,Unitaed Arab Emirates
18176,26053,india
18177,13925,United States
18178,20585,canada
18179,17801,canada
18180,27424,canada
18181,20173,india
18182,11932,india
18183,48917,United States
18184,26764,india
18185,43546,germany
18186,46223,United Kingdom
18187,33123,india
18188,29602,United States
18189,30936,United Kingdom
18190,47475,australia
18191,26377,canada
18192,23014,australia
18193,15670,canada
18194,13669,Unitaed Arab Emirates
18195,36104,United Kingdom
18196,38958,india
18197,49954,Unitaed Arab Emirates
18198,20193,india
18199,43481,Unitaed Arab Emirates
18200,20839,Unitaed Arab Emirates
18201,37822,United Kingdom
18202,29383,canada
18203,43738,australia
18204,41605,australia
18205,37393,germany
18206,30147,Unitaed Arab Emirates
18207,44963,australia
18208,42276,United States
18209,43536,canada
18210,47282,United Kingdom
18211,44713,india
18212,31012,United States
18213,23348,canada
18214,28010,United States
18215,33703,australia
18216,28397,Unitaed Arab Emirates
18217,20087,Unitaed Arab Emirates
18218,25468,australia
18219,32683,germany
18220,26654,United States
18221,39083,canada
18222,42751,Unitaed Arab Emirates
18223,47757,germany
18224,42281,United Kingdom
18225,34883,germany
18226,43327,india
18227,16002,United States
18228,35713,germany
18229,25431,germany
18230,24326,germany
18231,43414,United Kingdom
18232,10606,United States
18233,20332,United Kingdom
18234,20129,canada
18235,41821,germany
18236,40558,United Kingdom
18237,31580,United Kingdom
18238,42890,United States
18239,31511,australia
18240,27553,australia
18241,33219,Unitaed Arab Emirates
18242,28249,Unitaed Arab Emirates
18243,29122,germany
18244,37864,United States
18245,49450,United Kingdom
18246,33166,Unitaed Arab Emirates
18247,31811,australia
18248,44719,germany
18249,22587,Unitaed Arab Emirates
18250,26943,australia
18251,25713,United States
18252,46539,United Kingdom
18253,16958,canada
18254,36442,Unitaed Arab Emirates
18255,35701,United States
18256,37229,United Kingdom
18257,23495,australia
18258,18079,United States
18259,23976,United Kingdom
18260,25679,canada
18261,40967,australia
18262,19283,canada
18263,21533,india
18264,44511,australia
18265,13982,United States
18266,46787,United Kingdom
18267,35015,United States
18268,49542,canada
18269,15316,australia
18270,49843,india
18271,13080,australia
18272,47005,canada
18273,40229,australia
18274,46520,india
18275,21357,germany
18276,35280,india
18277,24623,australia
18278,25262,germany
18279,11555,Unitaed Arab Emirates
18280,30465,germany
18281,44785,United Kingdom
18282,48493,United Kingdom
18283,37582,india
18284,26006,australia
18285,48676,United States
18286,26516,United States
18287,16492,Unitaed Arab Emirates
18288,35122,United Kingdom
18289,20409,germany
18290,11239,Unitaed Arab Emirates
18291,17923,germany
18292,44742,United Kingdom
18293,28865,United States
18294,17107,india
18295,43376,United Kingdom
18296,28042,United Kingdom
18297,41083,germany
18298,26792,United States
18299,42985,United States
18300,28915,United Kingdom
18301,39713,United Kingdom
18302,24554,india
18303,16242,canada
18304,10225,germany
18305,18279,canada
18306,47846,canada
18307,10548,United States
18308,23625,australia
18309,20465,australia
18310,15626,United Kingdom
18311,31429,australia
18312,26978,canada
18313,49390,australia
18314,20959,india
18315,48775,australia
18316,26436,canada
18317,26640,United Kingdom
18318,17755,Unitaed Arab Emirates
18319,44861,germany
18320,45443,india
18321,44816,germany
18322,12124,United States
18323,30169,Unitaed Arab Emirates
18324,29333,canada
18325,49752,australia
18326,22123,australia
18327,41052,canada
18328,25179,United Kingdom
18329,12898,Unitaed Arab Emirates
18330,38562,germany
18331,40987,United Kingdom
18332,19523,germany
18333,37689,United Kingdom
18334,29522,Unitaed Arab Emirates
18335,17261,canada
18336,30857,india
18337,25925,United States
18338,49548,australia
18339,33353,United States
18340,24316,germany
18341,22980,canada
18342,16305,United States
18343,20711,india
18344,28111,india
18345,21831,United States
18346,11991,canada
18347,45649,australia
18348,36842,australia
18349,12081,United States
18350,43032,india
18351,33849,australia
18352,28147,germany
18353,34130,canada
18354,38694,United States
18355,34588,canada
18356,32263,australia
18357,43715,india
18358,21904,United Kingdom
18359,13781,Unitaed Arab Emirates
18360,36421,germany
18361,13346,germany
18362,26336,india
18363,35703,india
18364,33842,United Kingdom
18365,14535,germany
18366,29493,germany
18367,30588,United States
18368,12477,United States
18369,36020,germany
18370,32873,canada
18371,45389,Unitaed Arab Emirates
18372,46349,Unitaed Arab Emirates
18373,35198,canada
18374,48290,United States
18375,49560,United Kingdom
18376,15796,australia
18377,22493,Unitaed Arab Emirates
18378,10529,Unitaed Arab Emirates
18379,45006,canada
18380,32460,germany
18381,10405,india
18382,15552,germany
18383,14369,germany
18384,18252,australia
18385,46547,United States
18386,42646,Unitaed Arab Emirates
18387,46742,germany
18388,31824,australia
18389,39207,australia
18390,23892,germany
18391,11021,canada
18392,21542,United States
18393,27435,india
18394,46153,United Kingdom
18395,41958,germany
18396,32545,United Kingdom
18397,13181,Unitaed Arab Emirates
18398,33339,canada
18399,21839,germany
18400,49181,canada
18401,44286,india
18402,15202,United States
18403,36278,germany
18404,30558,india
18405,44982,australia
18406,13940,Unitaed Arab Emirates
18407,18358,Unitaed Arab Emirates
18408,16341,germany
18409,47377,United Kingdom
18410,34168,germany
18411,48069,india
18412,46358,germany
18413,23880,canada
18414,37165,australia
18415,20490,United States
18416,44524,Unitaed Arab Emirates
18417,35063,india
18418,40438,india
18419,37746,Unitaed Arab Emirates
18420,38591,germany
18421,26274,United States
18422,33247,canada
18423,36211,United States
18424,47103,canada
18425,39403,Unitaed Arab Emirates
18426,29953,United Kingdom
18427,34863,india
18428,19878,United States
18429,48718,india
18430,14320,canada
18431,29068,canada
18432,12031,United Kingdom
18433,22895,india
18434,42495,United Kingdom
18435,48814,United Kingdom
18436,18171,Unitaed Arab Emirates
18437,10271,United Kingdom
18438,13535,United Kingdom
18439,30998,germany
18440,18179,germany
18441,22774,india
18442,27180,Unitaed Arab Emirates
18443,18166,Unitaed Arab Emirates
18444,28918,canada
18445,43704,United States
18446,16097,australia
18447,24571,Unitaed Arab Emirates
18448,10273,Unitaed Arab Emirates
18449,27408,germany
18450,34741,india
18451,23404,United Kingdom
18452,19128,Unitaed Arab Emirates
18453,43338,india
18454,16706,australia
18455,41733,india
18456,40000,germany
18457,43421,canada
18458,22317,india
18459,15624,india
18460,45645,australia
18461,14606,australia
18462,29909,australia
18463,15394,australia
18464,24433,Unitaed Arab Emirates
18465,39659,canada
18466,41871,germany
18467,22553,germany
18468,12198,Unitaed Arab Emirates
18469,26954,australia
18470,29372,United Kingdom
18471,33786,United Kingdom
18472,40655,canada
18473,44566,germany
18474,21363,india
18475,49159,australia
18476,16585,United Kingdom
18477,40693,australia
18478,46653,canada
18479,28931,United Kingdom
18480,39195,india
18481,27593,United States
18482,42491,canada
18483,30406,United States
18484,21005,india
18485,19727,United Kingdom
18486,20629,india
18487,49122,canada
18488,15205,canada
18489,48392,United States
18490,32735,canada
18491,21640,australia
18492,37820,canada
18493,25489,germany
18494,48645,germany
18495,29290,United Kingdom
18496,25755,Unitaed Arab Emirates
18497,30917,canada
18498,49923,india
18499,46909,United States
18500,31088,Unitaed Arab Emirates
18501,14144,United States
18502,45913,United States
18503,42151,United States
18504,24608,india
18505,36182,United Kingdom
18506,36268,canada
18507,44130,United Kingdom
18508,43226,canada
18509,13742,germany
18510,45895,canada
18511,25634,germany
18512,42149,australia
18513,47531,germany
18514,19329,canada
18515,36737,United Kingdom
18516,11000,australia
18517,27839,germany
18518,15694,canada
18519,22032,United Kingdom
18520,47468,United States
18521,25052,United Kingdom
18522,22371,germany
18523,15366,canada
18524,11907,australia
18525,13588,india
18526,41540,australia
18527,20457,germany
18528,25325,United Kingdom
18529,27641,germany
18530,12207,United States
18531,23469,United States
18532,18971,United States
18533,17267,Unitaed Arab Emirates
18534,13092,canada
18535,40017,australia
18536,36468,india
18537,12719,australia
18538,38890,germany
18539,33043,United Kingdom
18540,43830,australia
18541,26142,United States
18542,15249,australia
18543,32995,india
18544,42191,germany
18545,32721,United States
18546,12991,australia
18547,30241,canada
18548,19394,canada
18549,12691,canada
18550,24496,Unitaed Arab Emirates
18551,11204,United Kingdom
18552,28622,United States
18553,40055,Unitaed Arab Emirates
18554,25980,germany
18555,24356,australia
18556,49887,india
18557,25045,United States
18558,20793,United States
18559,11689,india
18560,34527,germany
18561,13952,United States
18562,48950,germany
18563,19527,australia
18564,22272,United States
18565,32486,United Kingdom
18566,20349,canada
18567,24508,United States
18568,27728,canada
18569,20755,United Kingdom
18570,11980,United Kingdom
18571,34424,United Kingdom
18572,46181,germany
18573,11891,australia
18574,41378,india
18575,40680,United States
18576,47910,United States
18577,27468,canada
18578,18398,Unitaed Arab Emirates
18579,26375,Unitaed Arab Emirates
18580,36475,United Kingdom
18581,36900,United Kingdom
18582,40331,australia
18583,33436,United Kingdom
18584,32665,canada
18585,31806,india
18586,24837,canada
18587,43411,United States
18588,22234,australia
18589,39126,Unitaed Arab Emirates
18590,14489,germany
18591,25215,canada
18592,30575,india
18593,37575,australia
18594,39266,india
18595,44110,germany
18596,20631,United States
18597,47182,United Kingdom
18598,23628,Unitaed Arab Emirates
18599,26226,United Kingdom
18600,14611,United States
18601,27463,canada
18602,23855,india
18603,20031,United Kingdom
18604,34913,United Kingdom
18605,10506,germany
18606,45985,india
18607,14894,india
18608,44230,United States
18609,35629,United Kingdom
18610,38738,germany
18611,25673,United Kingdom
18612,20698,canada
18613,49917,australia
18614,29867,germany
18615,41199,United Kingdom
18616,14152,germany
18617,14526,United Kingdom
18618,28895,australia
18619,31485,germany
18620,20336,germany
18621,18330,india
18622,35912,United States
18623,29411,United States
18624,20604,United States
18625,14633,india
18626,32599,canada
18627,35769,United Kingdom
18628,47078,United Kingdom
18629,48003,canada
18630,30003,Unitaed Arab Emirates
18631,21486,United States
18632,11887,canada
18633,11327,india
18634,10034,Unitaed Arab Emirates
18635,41077,germany
18636,30913,germany
18637,45030,australia
18638,28898,Unitaed Arab Emirates
18639,27530,Unitaed Arab Emirates
18640,26981,United Kingdom
18641,20704,australia
18642,19463,Unitaed Arab Emirates
18643,13685,india
18644,31840,United Kingdom
18645,33357,australia
18646,34077,australia
18647,35787,United Kingdom
18648,18614,Unitaed Arab Emirates
18649,28456,india
18650,36978,india
18651,14003,india
18652,14736,United States
18653,40113,australia
18654,22313,United Kingdom
18655,10931,United Kingdom
18656,30170,United States
18657,19767,germany
18658,24153,United Kingdom
18659,41480,australia
18660,44233,australia
18661,10589,United Kingdom
18662,41342,United Kingdom
18663,15462,germany
18664,24699,germany
18665,24589,canada
18666,36046,United Kingdom
18667,46237,australia
18668,10170,Unitaed Arab Emirates
18669,14375,australia
18670,39469,United Kingdom
18671,35981,germany
18672,12065,india
18673,34053,india
18674,40540,United States
18675,28286,canada
18676,31900,United States
18677,14584,Unitaed Arab Emirates
18678,10123,germany
18679,28535,germany
18680,23176,india
18681,49662,Unitaed Arab Emirates
18682,45695,United States
18683,25136,United Kingdom
18684,48020,Unitaed Arab Emirates
18685,30625,india
18686,21617,United Kingdom
18687,28945,canada
18688,11826,canada
18689,31315,canada
18690,22615,india
18691,28859,United States
18692,22195,australia
18693,15417,germany
18694,14721,United Kingdom
18695,29628,Unitaed Arab Emirates
18696,27077,germany
18697,25160,india
18698,13873,canada
18699,24891,canada
18700,26948,Unitaed Arab Emirates
18701,14346,australia
18702,17704,germany
18703,35219,canada
18704,47232,United States
18705,37371,United Kingdom
18706,30092,canada
18707,19875,australia
18708,33626,United States
18709,14251,Unitaed Arab Emirates
18710,11058,australia
18711,30661,canada
18712,20736,Unitaed Arab Emirates
18713,31797,india
18714,25995,india
18715,13051,United States
18716,46434,United States
18717,37525,india
18718,12829,australia
18719,24809,india
18720,10145,United States
18721,12373,United Kingdom
18722,10229,Unitaed Arab Emirates
18723,20061,United Kingdom
18724,45597,canada
18725,29720,Unitaed Arab Emirates
18726,13295,Unitaed Arab Emirates
18727,29746,germany
18728,21842,Unitaed Arab Emirates
18729,21075,Unitaed Arab Emirates
18730,19254,australia
18731,35127,india
18732,38035,germany
18733,39688,australia
18734,24808,United Kingdom
18735,25053,canada
18736,29106,australia
18737,20439,United States
18738,34509,india
18739,45407,australia
18740,46651,india
18741,31357,india
18742,29148,australia
18743,15398,Unitaed Arab Emirates
18744,46667,United States
18745,49605,United Kingdom
18746,24886,United States
18747,40782,United Kingdom
18748,43501,canada
18749,33227,canada
18750,42959,United States
18751,49905,United Kingdom
18752,39254,United Kingdom
18753,38506,United States
18754,27484,india
18755,26214,Unitaed Arab Emirates
18756,18972,germany
18757,31482,india
18758,37529,United Kingdom
18759,20972,canada
18760,18282,india
18761,16711,canada
18762,44409,United States
18763,13358,Unitaed Arab Emirates
18764,36404,germany
18765,11916,india
18766,26430,germany
18767,34566,United States
18768,39641,canada
18769,43849,germany
18770,41073,australia
18771,44357,United States
18772,34097,United Kingdom
18773,44293,United States
18774,38901,india
18775,22643,United States
18776,48367,canada
18777,20733,United States
18778,44933,Unitaed Arab Emirates
18779,15778,australia
18780,21993,germany
18781,29853,United States
18782,26646,United States
18783,14431,australia
18784,25210,india
18785,30185,United States
18786,27367,australia
18787,17671,germany
18788,20455,Unitaed Arab Emirates
18789,26281,Unitaed Arab Emirates
18790,48454,germany
18791,33905,United States
18792,14268,United States
18793,22214,canada
18794,38087,australia
18795,39356,germany
18796,24569,United Kingdom
18797,37121,Unitaed Arab Emirates
18798,19634,United States
18799,33068,United States
18800,46925,canada
18801,11918,Unitaed Arab Emirates
18802,43711,india
18803,34692,Unitaed Arab Emirates
18804,40215,Unitaed Arab Emirates
18805,35799,canada
18806,40387,Unitaed Arab Emirates
18807,49461,australia
18808,24672,Unitaed Arab Emirates
18809,33544,canada
18810,24615,canada
18811,45881,United Kingdom
18812,21627,United States
18813,45916,germany
18814,12886,canada
18815,33674,United States
18816,43435,United States
18817,15532,United States
18818,39542,United States
18819,31844,United Kingdom
18820,40636,United States
18821,46453,canada
18822,40598,United States
18823,31548,germany
18824,32872,Unitaed Arab Emirates
18825,42816,United Kingdom
18826,38790,Unitaed Arab Emirates
18827,14947,canada
18828,36001,australia
18829,26167,United Kingdom
18830,40225,india
18831,22448,Unitaed Arab Emirates
18832,14719,canada
18833,24811,United Kingdom
18834,16908,india
18835,20155,india
18836,34134,australia
18837,26870,canada
18838,35350,United States
18839,10888,australia
18840,41231,Unitaed Arab Emirates
18841,21920,United States
18842,38349,canada
18843,17736,india
18844,33555,germany
18845,40242,canada
18846,35453,United Kingdom
18847,14767,australia
18848,23886,United Kingdom
18849,25834,canada
18850,18721,australia
18851,23542,Unitaed Arab Emirates
18852,38903,United States
18853,43915,india
18854,43329,United Kingdom
18855,29970,Unitaed Arab Emirates
18856,44940,india
18857,20622,australia
18858,33556,United States
18859,24520,United States
18860,16875,United States
18861,31526,Unitaed Arab Emirates
18862,16793,india
18863,24018,canada
18864,35696,Unitaed Arab Emirates
18865,36185,United States
18866,48973,canada
18867,22550,australia
18868,42966,United States
18869,30506,india
18870,48082,United Kingdom
18871,31942,india
18872,22632,United States
18873,15321,germany
18874,11371,india
18875,10839,india
18876,16291,germany
18877,25050,United States
18878,34185,canada
18879,37745,germany
18880,47506,Unitaed Arab Emirates
18881,31390,germany
18882,26224,india
18883,28999,Unitaed Arab Emirates
18884,43659,canada
18885,45064,india
18886,31293,Unitaed Arab Emirates
18887,10864,Unitaed Arab Emirates
18888,21772,germany
18889,12101,canada
18890,48356,United Kingdom
18891,16819,Unitaed Arab Emirates
18892,19578,Unitaed Arab Emirates
18893,44702,United Kingdom
18894,39648,india
18895,40942,Unitaed Arab Emirates
18896,15414,germany
18897,35226,germany
18898,40681,United States
18899,34306,canada
18900,17641,Unitaed Arab Emirates
18901,23191,United States
18902,12568,canada
18903,47706,United States
18904,36427,United States
18905,45142,canada
18906,11931,United Kingdom
18907,42319,Unitaed Arab Emirates
18908,33410,australia
18909,33271,india
18910,25892,india
18911,14138,india
18912,33833,germany
18913,40850,United Kingdom
18914,14672,United States
18915,24718,United States
18916,41429,australia
18917,15594,United States
18918,22815,United States
18919,34508,australia
18920,49136,australia
18921,16304,United States
18922,25270,india
18923,32756,australia
18924,49520,Unitaed Arab Emirates
18925,27232,india
18926,35762,canada
18927,18669,canada
18928,40330,germany
18929,43743,canada
18930,45716,Unitaed Arab Emirates
18931,38841,United States
18932,34581,United Kingdom
18933,25520,australia
18934,12853,india
18935,49071,india
18936,25521,United States
18937,45200,United Kingdom
18938,21270,india
18939,24871,United Kingdom
18940,40849,Unitaed Arab Emirates
18941,10617,germany
18942,45127,United Kingdom
18943,30315,United Kingdom
18944,48370,india
18945,21852,germany
18946,29269,india
18947,18284,germany
18948,38169,canada
18949,36535,United Kingdom
18950,21210,United Kingdom
18951,17829,United States
18952,22319,india
18953,22924,United States
18954,47586,United Kingdom
18955,29884,Unitaed Arab Emirates
18956,47863,United States
18957,49416,United States
18958,17949,United States
18959,38609,United States
18960,40153,United States
18961,18974,germany
18962,18094,canada
18963,49904,United States
18964,19580,germany
18965,46552,United States
18966,10696,germany
18967,34830,india
18968,39013,australia
18969,13409,germany
18970,38463,United Kingdom
18971,42885,india
18972,16076,United Kingdom
18973,48937,germany
18974,42405,canada
18975,10150,Unitaed Arab Emirates
18976,40443,germany
18977,10828,australia
18978,36959,germany
18979,34254,United States
18980,35827,australia
18981,34394,germany
18982,43448,Unitaed Arab Emirates
18983,18073,india
18984,25874,germany
18985,23319,australia
18986,19834,canada
18987,29366,Unitaed Arab Emirates
18988,42174,india
18989,24011,germany
18990,10242,australia
18991,40884,United States
18992,31438,United States
18993,15214,United States
18994,47798,United States
18995,34532,germany
18996,22188,germany
18997,38307,United Kingdom
18998,29009,United States
18999,43248,Unitaed Arab Emirates
19000,35579,canada
19001,39035,germany
19002,27576,United States
19003,31419,United States
19004,40553,australia
19005,47393,United States
19006,45052,United Kingdom
19007,41917,india
19008,27320,United States
19009,23949,australia
19010,41280,india
19011,45941,canada
19012,38233,Unitaed Arab Emirates
19013,38325,canada
19014,10390,United Kingdom
19015,12808,canada
19016,22904,australia
19017,31464,germany
19018,35854,india
19019,17665,germany
19020,43397,india
19021,30878,germany
19022,17086,United States
19023,34558,United Kingdom
19024,27257,United States
19025,35485,india
19026,15360,germany
19027,24402,United Kingdom
19028,37259,india
19029,20016,canada
19030,43009,United Kingdom
19031,29437,australia
19032,21787,United Kingdom
19033,26779,United Kingdom
19034,25026,australia
19035,46065,australia
19036,48101,canada
19037,17947,United States
19038,42058,United States
19039,22148,canada
19040,45307,United States
19041,18413,india
19042,44691,Unitaed Arab Emirates
19043,14838,United Kingdom
19044,44859,germany
19045,44379,Unitaed Arab Emirates
19046,26544,india
19047,38788,United States
19048,42715,germany
19049,28770,india
19050,43655,Unitaed Arab Emirates
19051,48537,Unitaed Arab Emirates
19052,32433,australia
19053,23918,United States
19054,23241,germany
19055,40790,United Kingdom
19056,44919,germany
19057,11164,United Kingdom
19058,46897,United States
19059,15475,germany
19060,25970,germany
19061,23092,Unitaed Arab Emirates
19062,11669,canada
19063,17228,germany
19064,15785,india
19065,30975,canada
19066,33150,United States
19067,45492,United Kingdom
19068,13987,Unitaed Arab Emirates
19069,26955,australia
19070,47417,germany
19071,11686,germany
19072,12586,india
19073,36344,canada
19074,10762,india
19075,20101,india
19076,23063,australia
19077,12626,United Kingdom
19078,18621,australia
19079,27336,Unitaed Arab Emirates
19080,34287,Unitaed Arab Emirates
19081,42485,United States
19082,46737,Unitaed Arab Emirates
19083,10286,United States
19084,45930,canada
19085,15693,india
19086,19133,australia
19087,20460,Unitaed Arab Emirates
19088,19778,germany
19089,10855,germany
19090,25021,United Kingdom
19091,48688,australia
19092,32585,india
19093,22146,india
19094,39721,australia
19095,27226,india
19096,34802,United Kingdom
19097,14871,canada
19098,23437,United States
19099,17324,United States
19100,22350,india
19101,31653,Unitaed Arab Emirates
19102,32366,germany
19103,29600,United Kingdom
19104,36557,germany
19105,16278,australia
19106,30716,canada
19107,15706,United States
19108,47928,canada
19109,35403,india
19110,49370,Unitaed Arab Emirates
19111,16828,Unitaed Arab Emirates
19112,24383,United States
19113,39785,australia
19114,39462,india
19115,12947,Unitaed Arab Emirates
19116,48642,germany
19117,20633,canada
19118,13093,Unitaed Arab Emirates
19119,17268,Unitaed Arab Emirates
19120,34164,United States
19121,16718,india
19122,23223,india
19123,29276,United States
19124,11967,germany
19125,39732,australia
19126,19099,Unitaed Arab Emirates
19127,13805,india
19128,49265,United States
19129,44335,United States
19130,48164,australia
19131,10202,Unitaed Arab Emirates
19132,48140,canada
19133,23665,United States
19134,29821,germany
19135,43945,canada
19136,26891,india
19137,27771,Unitaed Arab Emirates
19138,26634,australia
19139,18677,australia
19140,42964,United States
19141,15485,india
19142,37626,canada
19143,47973,australia
19144,38525,australia
19145,22842,United Kingdom
19146,11229,india
19147,11456,australia
19148,34577,germany
19149,44302,United States
19150,14582,United Kingdom
19151,45426,canada
19152,34965,United States
19153,20973,canada
19154,49721,United States
19155,27373,United States
19156,42692,india
19157,12697,United Kingdom
19158,45951,india
19159,32215,United States
19160,33236,canada
19161,30143,india
19162,31415,india
19163,41596,germany
19164,33178,australia
19165,45429,canada
19166,43803,United Kingdom
19167,43958,germany
19168,28525,germany
19169,22523,india
19170,27079,india
19171,46739,canada
19172,21910,canada
19173,41464,Unitaed Arab Emirates
19174,20326,india
19175,13179,germany
19176,38734,Unitaed Arab Emirates
19177,14325,United Kingdom
19178,46817,Unitaed Arab Emirates
19179,18577,United States
19180,19984,australia
19181,30516,australia
19182,14504,Unitaed Arab Emirates
19183,25709,Unitaed Arab Emirates
19184,38631,australia
19185,14649,india
19186,32576,Unitaed Arab Emirates
19187,15110,United Kingdom
19188,32403,germany
19189,24397,canada
19190,39551,Unitaed Arab Emirates
19191,18533,australia
19192,42400,germany
19193,35301,australia
19194,19938,United States
19195,47056,australia
19196,35721,india
19197,27050,australia
19198,43121,india
19199,37302,canada
19200,13097,india
19201,34619,germany
19202,19796,canada
19203,23675,india
19204,26063,United States
19205,33639,canada
19206,49562,United Kingdom
19207,24082,Unitaed Arab Emirates
19208,12386,canada
19209,17019,germany
19210,32209,canada
19211,28047,canada
19212,37569,australia
19213,33916,Unitaed Arab Emirates
19214,22543,Unitaed Arab Emirates
19215,30385,United Kingdom
19216,45494,germany
19217,29807,australia
19218,23333,australia
19219,48156,canada
19220,38577,United Kingdom
19221,38541,germany
19222,21182,canada
19223,48494,australia
19224,45890,United Kingdom
19225,10302,United States
19226,36627,india
19227,28462,Unitaed Arab Emirates
19228,40325,canada
19229,46437,india
19230,24032,canada
19231,36773,United States
19232,42726,United States
19233,33811,Unitaed Arab Emirates
19234,21097,canada
19235,46586,india
19236,45154,Unitaed Arab Emirates
19237,37622,australia
19238,21857,Unitaed Arab Emirates
19239,35339,Unitaed Arab Emirates
19240,23977,india
19241,37938,australia
19242,22046,United States
19243,18215,United States
19244,34250,germany
19245,27391,United States
19246,48238,australia
19247,18228,United States
19248,33691,canada
19249,43401,Unitaed Arab Emirates
19250,36092,india
19251,32243,australia
19252,31364,canada
19253,34903,Unitaed Arab Emirates
19254,42474,canada
19255,39850,india
19256,33907,germany
19257,43798,australia
19258,19416,United Kingdom
19259,24585,canada
19260,13140,United States
19261,15648,United Kingdom
19262,10429,canada
19263,33267,Unitaed Arab Emirates
19264,22665,india
19265,40420,Unitaed Arab Emirates
19266,45852,United States
19267,19582,germany
19268,23084,canada
19269,21095,United States
19270,17060,United States
19271,36354,india
19272,35427,Unitaed Arab Emirates
19273,13996,india
19274,48453,canada
19275,37584,india
19276,44063,United States
19277,36516,australia
19278,20400,australia
19279,13862,australia
19280,42437,australia
19281,21310,canada
19282,48563,india
19283,46642,germany
19284,33299,United Kingdom
19285,20673,Unitaed Arab Emirates
19286,39843,germany
19287,31969,india
19288,10889,Unitaed Arab Emirates
19289,33225,canada
19290,33601,United States
19291,21765,india
19292,47950,canada
19293,26722,United States
19294,10321,australia
19295,30642,United States
19296,26719,australia
19297,41183,australia
19298,15271,australia
19299,18598,australia
19300,26480,Unitaed Arab Emirates
19301,20679,Unitaed Arab Emirates
19302,49698,United States
19303,38263,india
19304,12130,germany
19305,40407,germany
19306,36728,australia
19307,15691,india
19308,39412,canada
19309,47216,Unitaed Arab Emirates
19310,31893,United States
19311,31948,United Kingdom
19312,43893,Unitaed Arab Emirates
19313,40500,australia
19314,29077,United Kingdom
19315,16581,australia
19316,27504,india
19317,28224,United States
19318,38798,germany
19319,14995,australia
19320,41692,United Kingdom
19321,20454,United States
19322,29946,United States
19323,32795,canada
19324,16387,canada
19325,34289,india
19326,45805,canada
19327,25722,india
19328,26084,canada
19329,29176,canada
19330,41355,United Kingdom
19331,15586,germany
19332,49772,United States
19333,28841,United States
19334,14092,Unitaed Arab Emirates
19335,12080,United States
19336,31268,United Kingdom
19337,40690,United States
19338,46017,india
19339,16350,United Kingdom
19340,35887,india
19341,48480,australia
19342,10551,india
19343,44813,United Kingdom
19344,31870,germany
19345,40151,india
19346,16901,australia
19347,11237,Unitaed Arab Emirates
19348,20833,Unitaed Arab Emirates
19349,42512,United Kingdom
19350,19704,United States
19351,44177,Unitaed Arab Emirates
19352,32491,india
19353,32839,canada
19354,19675,australia
19355,26753,United States
19356,28436,canada
19357,44683,United Kingdom
19358,23942,United Kingdom
19359,29747,United Kingdom
19360,34413,india
19361,35684,United Kingdom
19362,18755,canada
19363,40653,germany
19364,10643,india
19365,44058,United States
19366,45944,Unitaed Arab Emirates
19367,13184,canada
19368,22824,canada
19369,43309,Unitaed Arab Emirates
19370,39350,Unitaed Arab Emirates
19371,21849,germany
19372,47283,United Kingdom
19373,30079,canada
19374,14612,canada
19375,22107,germany
19376,30579,india
19377,24504,india
19378,29201,canada
19379,40292,United States
19380,16454,United Kingdom
19381,48779,United States
19382,44164,United States
19383,22043,United Kingdom
19384,41016,canada
19385,18202,canada
19386,24139,germany
19387,18090,United States
19388,49388,australia
19389,44689,germany
19390,14019,Unitaed Arab Emirates
19391,20334,india
19392,18459,United Kingdom
19393,18489,india
19394,33957,australia
19395,12253,canada
19396,23504,United Kingdom
19397,30703,india
19398,48949,india
19399,29948,United Kingdom
19400,49403,india
19401,21754,United Kingdom
19402,37135,Unitaed Arab Emirates
19403,15820,india
19404,33125,australia
19405,30029,Unitaed Arab Emirates
19406,20320,india
19407,23406,germany
19408,44642,australia
19409,35470,germany
19410,10956,United Kingdom
19411,47257,germany
19412,21531,canada
19413,26913,Unitaed Arab Emirates
19414,10477,canada
19415,21522,United States
19416,40921,canada
19417,34638,United States
19418,39607,india
19419,28444,india
19420,29510,india
19421,38060,australia
19422,24523,United Kingdom
19423,40216,india
19424,34922,United States
19425,27780,india
19426,12773,india
19427,45538,india
19428,35594,germany
19429,20479,United Kingdom
19430,26086,United Kingdom
19431,27191,United Kingdom
19432,28184,india
19433,45457,germany
19434,45075,United States
19435,32844,canada
19436,21816,Unitaed Arab Emirates
19437,35958,United Kingdom
19438,32865,Unitaed Arab Emirates
19439,46585,australia
19440,31528,india
19441,42273,india
19442,42684,canada
19443,27909,canada
19444,38243,United States
19445,41209,United Kingdom
19446,44330,United Kingdom
19447,13307,United States
19448,28152,canada
19449,47049,Unitaed Arab Emirates
19450,42642,germany
19451,25981,United Kingdom
19452,42887,australia
19453,41427,United States
19454,28966,germany
19455,28126,Unitaed Arab Emirates
19456,33498,Unitaed Arab Emirates
19457,46764,germany
19458,21061,india
19459,23555,Unitaed Arab Emirates
19460,47501,india
19461,18904,australia
19462,39938,canada
19463,38203,australia
19464,39335,Unitaed Arab Emirates
19465,20209,United States
19466,18100,United States
19467,38173,australia
19468,30941,germany
19469,46569,germany
19470,42596,india
19471,48555,United Kingdom
19472,25814,Unitaed Arab Emirates
19473,19963,india
19474,42383,Unitaed Arab Emirates
19475,39023,germany
19476,24458,Unitaed Arab Emirates
19477,16991,india
19478,19153,germany
19479,30272,canada
19480,37394,australia
19481,32806,Unitaed Arab Emirates
19482,13828,australia
19483,31770,United States
19484,38262,india
19485,13146,canada
19486,49427,australia
19487,45016,United States
19488,12149,india
19489,29440,india
19490,24354,United Kingdom
19491,23733,canada
19492,42277,australia
19493,25718,Unitaed Arab Emirates
19494,20880,canada
19495,12196,germany
19496,21221,australia
19497,13601,india
19498,41302,United States
19499,22690,United Kingdom
19500,14799,United States
19501,30621,australia
19502,44169,germany
19503,40063,Unitaed Arab Emirates
19504,17379,Unitaed Arab Emirates
19505,25211,canada
19506,23114,United Kingdom
19507,13006,india
19508,18757,india
19509,49596,germany
19510,34049,United States
19511,41835,Unitaed Arab Emirates
19512,18699,Unitaed Arab Emirates
19513,31575,Unitaed Arab Emirates
19514,34062,australia
19515,48013,australia
19516,48650,australia
19517,14609,United Kingdom
19518,33006,United States
19519,11033,germany
19520,21037,australia
19521,17232,india
19522,32941,germany
19523,12610,india
19524,38018,australia
19525,22500,United States
19526,46476,canada
19527,37404,australia
19528,29303,india
19529,10157,United States
19530,25255,United States
19531,40056,germany
19532,13437,United Kingdom
19533,20416,australia
19534,43406,germany
19535,44969,germany
19536,39050,india
19537,29831,Unitaed Arab Emirates
19538,13956,United Kingdom
19539,49409,canada
19540,30042,United Kingdom
19541,28925,australia
19542,20803,United States
19543,29593,germany
19544,20234,United States
19545,31694,australia
19546,41164,United Kingdom
19547,15345,United Kingdom
19548,36575,United States
19549,16050,australia
19550,35110,United States
19551,43079,United States
19552,47984,canada
19553,10720,germany
19554,18012,United States
19555,28692,United States
19556,14198,United Kingdom
19557,27202,germany
19558,49743,canada
19559,27433,United Kingdom
19560,42007,germany
19561,37075,United States
19562,22994,Unitaed Arab Emirates
19563,41855,germany
19564,28311,germany
19565,48106,Unitaed Arab Emirates
19566,25762,germany
19567,43816,germany
19568,28134,germany
19569,17049,United Kingdom
19570,37443,india
19571,38955,india
19572,33700,australia
19573,15262,United Kingdom
19574,24978,australia
19575,48224,canada
19576,38768,india
19577,25623,Unitaed Arab Emirates
19578,36489,india
19579,11369,india
19580,49076,germany
19581,49706,Unitaed Arab Emirates
19582,28448,australia
19583,22491,germany
19584,19928,United States
19585,40253,United Kingdom
19586,44560,australia
19587,38296,United Kingdom
19588,12236,United States
19589,17599,United States
19590,43462,United Kingdom
19591,45696,United Kingdom
19592,47854,canada
19593,23802,United States
19594,39782,india
19595,36941,Unitaed Arab Emirates
19596,37790,australia
19597,29409,United States
19598,19307,Unitaed Arab Emirates
19599,47965,Unitaed Arab Emirates
19600,24359,Unitaed Arab Emirates
19601,17707,germany
19602,37711,india
19603,47484,Unitaed Arab Emirates
19604,48773,canada
19605,26024,United States
19606,22421,United Kingdom
19607,14810,germany
19608,33753,india
19609,13081,india
19610,38211,australia
19611,20966,australia
19612,26132,Unitaed Arab Emirates
19613,34559,canada
19614,25221,australia
19615,25732,United States
19616,33654,canada
19617,31203,United States
19618,46911,United States
19619,44015,india
19620,14206,United States
19621,37564,United States
19622,32811,australia
19623,11180,canada
19624,27263,australia
19625,49607,canada
19626,45730,canada
19627,22279,United Kingdom
19628,13506,australia
19629,29362,australia
19630,44265,australia
19631,36741,United States
19632,22245,United States
19633,28374,canada
19634,41703,Unitaed Arab Emirates
19635,24414,india
19636,41414,canada
19637,29144,United States
19638,38876,canada
19639,16961,United States
19640,35401,india
19641,38804,india
19642,34634,india
19643,24191,United States
19644,37773,australia
19645,29541,canada
19646,18297,canada
19647,34172,germany
19648,27112,United States
19649,12543,australia
19650,13152,United Kingdom
19651,42554,germany
19652,33549,india
19653,47953,australia
19654,43283,United States
19655,46193,Unitaed Arab Emirates
19656,11745,Unitaed Arab Emirates
19657,44952,Unitaed Arab Emirates
19658,46196,Unitaed Arab Emirates
19659,22561,australia
19660,40503,United Kingdom
19661,12549,Unitaed Arab Emirates
19662,39591,india
19663,24516,australia
19664,37049,australia
19665,27204,germany
19666,18765,United Kingdom
19667,29426,Unitaed Arab Emirates
19668,12187,United Kingdom
19669,35926,germany
19670,44694,germany
19671,48778,australia
19672,22712,United States
19673,15269,United Kingdom
19674,33624,germany
19675,21153,Unitaed Arab Emirates
19676,44269,australia
19677,22589,United States
19678,33060,Unitaed Arab Emirates
19679,37365,australia
19680,23255,australia
19681,22333,germany
19682,24959,Unitaed Arab Emirates
19683,20084,United Kingdom
19684,16814,Unitaed Arab Emirates
19685,31083,india
19686,24690,germany
19687,10191,United Kingdom
19688,16785,United States
19689,45511,australia
19690,29769,United States
19691,24243,australia
19692,49926,United States
19693,28393,United States
19694,33323,india
19695,23641,australia
19696,46617,United States
19697,43772,india
19698,19970,canada
19699,32331,germany
19700,37936,germany
19701,40596,canada
19702,32492,australia
19703,18195,germany
19704,23178,canada
19705,10017,Unitaed Arab Emirates
19706,47095,australia
19707,11825,canada
19708,16206,australia
19709,29545,Unitaed Arab Emirates
19710,17766,australia
19711,34864,canada
19712,17248,germany
19713,34745,germany
19714,42396,germany
19715,31607,canada
19716,21938,australia
19717,49639,australia
19718,15244,United Kingdom
19719,42463,Unitaed Arab Emirates
19720,31457,australia
19721,21202,United States
19722,31244,germany
19723,31668,United Kingdom
19724,22285,germany
19725,28219,Unitaed Arab Emirates
19726,30301,canada
19727,13762,germany
19728,23376,United Kingdom
19729,44821,australia
19730,18629,Unitaed Arab Emirates
19731,46735,Unitaed Arab Emirates
19732,46149,india
19733,17455,Unitaed Arab Emirates
19734,26192,australia
19735,32269,germany
19736,23836,canada
19737,27275,United Kingdom
19738,23447,canada
19739,24798,australia
19740,27483,germany
19741,28851,Unitaed Arab Emirates
19742,33914,United Kingdom
19743,20608,australia
19744,45475,australia
19745,10434,canada
19746,35771,United States
19747,29925,canada
19748,23827,Unitaed Arab Emirates
19749,13554,india
19750,20695,Unitaed Arab Emirates
19751,36014,canada
19752,43106,germany
19753,15339,United States
19754,12408,United Kingdom
19755,28313,australia
19756,28884,germany
19757,36648,australia
19758,28679,germany
19759,17415,United Kingdom
19760,17092,canada
19761,21611,india
19762,46208,germany
19763,27265,germany
19764,24310,canada
19765,13129,United States
19766,32712,australia
19767,23388,United Kingdom
19768,43862,australia
19769,27523,Unitaed Arab Emirates
19770,16466,germany
19771,25187,United States
19772,36286,Unitaed Arab Emirates
19773,44584,canada
19774,15635,india
19775,16994,india
19776,38213,germany
19777,49380,germany
19778,23903,United Kingdom
19779,29360,australia
19780,34890,australia
19781,39874,canada
19782,45226,india
19783,16656,United States
19784,12769,australia
19785,38698,india
19786,19189,United Kingdom
19787,24357,germany
19788,11719,india
19789,45023,United Kingdom
19790,14339,germany
19791,42875,australia
19792,11353,australia
19793,27500,australia
19794,13020,United States
19795,26269,canada
19796,20022,germany
19797,28335,india
19798,20319,Unitaed Arab Emirates
19799,37747,canada
19800,49330,australia
19801,36646,canada
19802,32105,australia
19803,23330,United States
19804,38138,india
19805,31613,Unitaed Arab Emirates
19806,25214,canada
19807,39668,germany
19808,10341,United Kingdom
19809,38593,india
19810,27430,australia
19811,11020,United Kingdom
19812,37887,india
19813,37636,canada
19814,12557,india
19815,31726,canada
19816,15547,canada
19817,40150,germany
19818,39665,canada
19819,39703,canada
19820,24193,india
19821,22571,germany
19822,32220,india
19823,32438,United States
19824,16858,United Kingdom
19825,29725,germany
19826,47540,United Kingdom
19827,27236,canada
19828,13100,United Kingdom
19829,28424,australia
19830,14800,germany
19831,34404,United Kingdom
19832,11050,United States
19833,27598,United States
19834,11814,Unitaed Arab Emirates
19835,46067,india
19836,11081,Unitaed Arab Emirates
19837,16672,germany
19838,19116,india
19839,49663,canada
19840,26158,canada
19841,28489,Unitaed Arab Emirates
19842,10528,United States
19843,29153,Unitaed Arab Emirates
19844,18404,Unitaed Arab Emirates
19845,12195,australia
19846,32787,australia
19847,30810,United Kingdom
19848,46912,australia
19849,37163,india
19850,45634,United Kingdom
19851,43447,canada
19852,32564,Unitaed Arab Emirates
19853,25342,canada
19854,18248,Unitaed Arab Emirates
19855,43351,United States
19856,46030,canada
19857,15230,United States
19858,20989,United Kingdom
19859,19098,United States
19860,45973,United States
19861,12001,india
19862,44072,Unitaed Arab Emirates
19863,48113,germany
19864,31843,germany
19865,47737,germany
19866,46429,germany
19867,48243,canada
19868,30607,Unitaed Arab Emirates
19869,23764,india
19870,47249,United States
19871,30324,australia
19872,15906,germany
19873,13090,canada
19874,19246,United Kingdom
19875,11514,germany
19876,17017,Unitaed Arab Emirates
19877,28256,australia
19878,25687,australia
19879,17015,australia
19880,11321,United States
19881,34844,canada
19882,48059,germany
19883,33475,United States
19884,47154,United States
19885,23730,germany
19886,40183,United Kingdom
19887,14182,Unitaed Arab Emirates
19888,37431,india
19889,43477,australia
19890,27116,Unitaed Arab Emirates
19891,39993,Unitaed Arab Emirates
19892,23565,United States
19893,32266,canada
19894,13096,india
19895,40852,Unitaed Arab Emirates
19896,29698,Unitaed Arab Emirates
19897,40781,canada
19898,18643,canada
19899,27485,australia
19900,38513,germany
19901,18789,india
19902,23851,india
19903,38859,canada
19904,48462,germany
19905,37698,Unitaed Arab Emirates
19906,45041,United Kingdom
19907,40453,india
19908,14723,australia
19909,35576,United Kingdom
19910,17566,germany
19911,25228,germany
19912,44534,United States
19913,36098,Unitaed Arab Emirates
19914,20477,australia
19915,18106,United Kingdom
19916,45577,United Kingdom
19917,35660,india
19918,45574,United States
19919,38636,india
19920,36918,australia
19921,22270,canada
19922,23607,United Kingdom
19923,37353,Unitaed Arab Emirates
19924,13378,australia
19925,35863,germany
19926,44386,india
19927,18847,United Kingdom
19928,43162,germany
19929,19909,Unitaed Arab Emirates
19930,41897,United States
19931,35039,india
19932,45548,australia
19933,39375,United Kingdom
19934,39578,india
19935,28857,United States
19936,17406,india
19937,40036,australia
19938,30212,United States
19939,34213,australia
19940,43383,canada
19941,36932,Unitaed Arab Emirates
19942,12181,United Kingdom
19943,42847,germany
19944,49898,india
19945,31623,australia
19946,22520,canada
19947,41146,Unitaed Arab Emirates
19948,48188,Unitaed Arab Emirates
19949,43746,canada
19950,42796,germany
19951,28808,germany
19952,15055,india
19953,19487,germany
19954,14798,canada
19955,39401,Unitaed Arab Emirates
19956,37303,canada
19957,31398,australia
19958,49047,germany
19959,13243,Unitaed Arab Emirates
19960,14984,Unitaed Arab Emirates
19961,33561,india
19962,45112,United Kingdom
19963,15372,australia
19964,30809,australia
19965,48317,United States
19966,22582,germany
19967,24642,United States
19968,14456,germany
19969,17233,germany
19970,29001,Unitaed Arab Emirates
19971,28864,canada
19972,32190,india
19973,12273,canada
19974,32671,United States
19975,36051,United Kingdom
19976,43514,United Kingdom
19977,28793,United Kingdom
19978,32462,canada
19979,23793,germany
19980,47119,Unitaed Arab Emirates
19981,48202,india
19982,14012,germany
19983,40269,australia
19984,13214,Unitaed Arab Emirates
19985,32750,germany
19986,26235,australia
19987,23956,United States
19988,10822,australia
19989,42494,United States
19990,30756,australia
19991,30124,United States
19992,45501,india
19993,15172,canada
19994,41870,United States
19995,22342,australia
19996,31056,Unitaed Arab Emirates
19997,18334,australia
19998,14142,australia
19999,37376,australia
20000,35002,canada
20001,40243,United Kingdom
20002,37489,germany
20003,45507,canada
20004,41489,india
20005,26912,United Kingdom
20006,13350,australia
20007,18716,india
20008,23638,germany
20009,44531,australia
20010,40396,india
20011,26880,canada
20012,35989,United States
20013,19080,canada
20014,16358,india
20015,12501,australia
20016,36316,canada
20017,30348,canada
20018,41303,india
20019,41236,india
20020,20464,canada
20021,16005,United States
20022,23414,india
20023,23436,germany
20024,32610,Unitaed Arab Emirates
20025,15176,germany
20026,49710,germany
20027,45002,germany
20028,38294,india
20029,23150,australia
20030,19736,United Kingdom
20031,32640,india
20032,48900,canada
20033,39057,canada
20034,17937,germany
20035,30165,United States
20036,37005,canada
20037,30085,india
20038,37690,australia
20039,30331,Unitaed Arab Emirates
20040,25488,australia
20041,13482,Unitaed Arab Emirates
20042,37928,india
20043,46120,United States
20044,24969,United States
20045,33606,germany
20046,13735,australia
20047,27531,india
20048,20247,United States
20049,20081,india
20050,13528,germany
20051,14807,germany
20052,24767,germany
20053,37970,United States
20054,40702,australia
20055,10475,india
20056,39457,germany
20057,29210,germany
20058,18573,canada
20059,33955,australia
20060,13724,United States
20061,35160,australia
20062,42087,india
20063,33351,germany
20064,22771,canada
20065,19944,United Kingdom
20066,30224,Unitaed Arab Emirates
20067,46807,United States
20068,23925,United States
20069,49453,india
20070,14571,canada
20071,41466,canada
20072,39942,canada
20073,26378,germany
20074,36149,United Kingdom
20075,22936,canada
20076,35133,United Kingdom
20077,48441,australia
20078,29912,india
20079,44665,United Kingdom
20080,18900,australia
20081,46825,canada
20082,25374,australia
20083,48337,australia
20084,27388,germany
20085,47673,United States
20086,39830,United States
20087,48707,india
20088,47158,canada
20089,23843,Unitaed Arab Emirates
20090,27935,Unitaed Arab Emirates
20091,16727,United Kingdom
20092,39404,United Kingdom
20093,14429,United States
20094,33264,india
20095,10934,germany
20096,25972,germany
20097,42119,canada
20098,47353,germany
20099,46580,United Kingdom
20100,34874,australia
20101,13984,india
20102,24733,United States
20103,28819,australia
20104,42233,United Kingdom
20105,28993,australia
20106,17615,australia
20107,39409,canada
20108,24844,United Kingdom
20109,28273,Unitaed Arab Emirates
20110,42240,United States
20111,34853,germany
20112,49524,United Kingdom
20113,29772,india
20114,41456,Unitaed Arab Emirates
20115,32848,Unitaed Arab Emirates
20116,38398,United States
20117,12589,australia
20118,38468,germany
20119,18271,United States
20120,10393,germany
20121,17978,australia
20122,28642,australia
20123,42799,canada
20124,24288,Unitaed Arab Emirates
20125,14563,india
20126,24403,germany
20127,38847,United Kingdom
20128,12930,canada
20129,34457,Unitaed Arab Emirates
20130,36323,Unitaed Arab Emirates
20131,19554,United States
20132,41407,india
20133,47788,india
20134,40839,india
20135,30311,United States
20136,14424,germany
20137,45687,germany
20138,23052,germany
20139,32039,germany
20140,32127,canada
20141,16225,germany
20142,32021,United States
20143,16249,United States
20144,44451,Unitaed Arab Emirates
20145,46644,United States
20146,25873,australia
20147,32454,Unitaed Arab Emirates
20148,17529,United States
20149,21484,United Kingdom
20150,36705,india
20151,27803,United States
20152,42323,Unitaed Arab Emirates
20153,35340,india
20154,32810,canada
20155,20225,United States
20156,25987,india
20157,19587,germany
20158,36244,United Kingdom
20159,19822,United States
20160,33883,germany
20161,17103,canada
20162,33627,Unitaed Arab Emirates
20163,18522,United Kingdom
20164,49271,United Kingdom
20165,10870,india
20166,18568,United Kingdom
20167,29020,United Kingdom
20168,14093,United Kingdom
20169,19013,Unitaed Arab Emirates
20170,37779,germany
20171,35518,canada
20172,16495,United States
20173,19425,United Kingdom
20174,44646,india
20175,10829,Unitaed Arab Emirates
20176,31788,United States
20177,24204,Unitaed Arab Emirates
20178,32833,United Kingdom
20179,19313,canada
20180,40879,United States
20181,48152,australia
20182,36594,india
20183,42045,india
20184,40265,United Kingdom
20185,24966,canada
20186,11262,United States
20187,18047,United States
20188,28658,Unitaed Arab Emirates
20189,27230,australia
20190,36963,United States
20191,34227,United States
20192,32254,india
20193,37522,germany
20194,36585,australia
20195,37186,United Kingdom
20196,44739,United States
20197,47934,australia
20198,23689,Unitaed Arab Emirates
20199,15954,australia
20200,25133,United States
20201,45450,india
20202,39197,germany
20203,10488,Unitaed Arab Emirates
20204,11338,Unitaed Arab Emirates
20205,38988,canada
20206,17410,canada
20207,36702,india
20208,24810,United Kingdom
20209,46854,germany
20210,42682,canada
20211,47783,canada
20212,12948,United States
20213,27330,United States
20214,35824,germany
20215,11388,Unitaed Arab Emirates
20216,13647,United States
20217,19847,india
20218,47640,United Kingdom
20219,24946,canada
20220,34997,canada
20221,23261,Unitaed Arab Emirates
20222,20165,Unitaed Arab Emirates
20223,42414,india
20224,32847,germany
20225,46514,United States
20226,18165,Unitaed Arab Emirates
20227,31762,United States
20228,42601,canada
20229,48426,india
20230,20680,United States
20231,37705,United Kingdom
20232,36393,United Kingdom
20233,21359,germany
20234,29879,United States
20235,22916,australia
20236,13426,canada
20237,43479,Unitaed Arab Emirates
20238,26909,United Kingdom
20239,22334,canada
20240,14701,australia
20241,34460,United States
20242,10906,india
20243,46433,Unitaed Arab Emirates
20244,48422,australia
20245,40836,australia
20246,38657,United Kingdom
20247,31935,germany
20248,42984,india
20249,33034,australia
20250,43154,india
20251,48021,india
20252,22882,United States
20253,35404,Unitaed Arab Emirates
20254,21729,United Kingdom
20255,42132,Unitaed Arab Emirates
20256,25629,United Kingdom
20257,32588,United States
20258,37558,india
20259,16471,United States
20260,37518,australia
20261,28599,canada
20262,37706,germany
20263,27066,india
20264,42638,india
20265,48383,canada
20266,13967,germany
20267,21208,canada
20268,45296,canada
20269,22439,germany
20270,23831,United States
20271,12038,germany
20272,12647,Unitaed Arab Emirates
20273,23554,canada
20274,15657,United States
20275,38867,germany
20276,48717,canada
20277,26137,india
20278,30718,canada
20279,33660,australia
20280,15209,United States
20281,17859,australia
20282,47905,australia
20283,10501,australia
20284,33303,germany
20285,26600,india
20286,21234,Unitaed Arab Emirates
20287,32551,australia
20288,48649,germany
20289,31479,canada
20290,33705,india
20291,27319,germany
20292,26141,United Kingdom
20293,48528,canada
20294,25396,Unitaed Arab Emirates
20295,13345,australia
20296,14795,canada
20297,30592,germany
20298,40155,United States
20299,27417,canada
20300,23160,australia
20301,26374,australia
20302,15881,canada
20303,18890,australia
20304,19081,australia
20305,22568,Unitaed Arab Emirates
20306,37063,United Kingdom
20307,37094,United States
20308,12058,australia
20309,48133,australia
20310,16627,india
20311,38495,United Kingdom
20312,47431,canada
20313,42628,United Kingdom
20314,21101,india
20315,33119,germany
20316,31059,india
20317,49939,United Kingdom
20318,40324,germany
20319,10094,United States
20320,17438,canada
20321,19066,australia
20322,36100,United Kingdom
20323,26547,germany
20324,48273,Unitaed Arab Emirates
20325,25655,Unitaed Arab Emirates
20326,27662,United States
20327,41208,india
20328,44211,Unitaed Arab Emirates
20329,26570,germany
20330,16285,india
20331,33374,Unitaed Arab Emirates
20332,46575,australia
20333,48415,United States
20334,40228,Unitaed Arab Emirates
20335,15356,australia
20336,43708,canada
20337,18664,United States
20338,26897,United States
20339,28885,germany
20340,22247,canada
20341,42753,india
20342,20055,germany
20343,46336,germany
20344,24490,australia
20345,43987,australia
20346,40143,india
20347,44568,United States
20348,47961,australia
20349,33792,canada
20350,23702,United States
20351,30106,india
20352,21365,Unitaed Arab Emirates
20353,18873,india
20354,39837,australia
20355,18364,germany
20356,19111,australia
20357,31601,germany
20358,48187,germany
20359,27101,germany
20360,14356,india
20361,10522,australia
20362,40709,Unitaed Arab Emirates
20363,24757,canada
20364,29011,canada
20365,43685,canada
20366,32996,canada
20367,19955,germany
20368,47338,germany
20369,36085,United States
20370,26937,canada
20371,17758,canada
20372,37252,United Kingdom
20373,44166,United Kingdom
20374,12612,germany
20375,23509,australia
20376,17170,india
20377,29469,germany
20378,38365,india
20379,21457,germany
20380,32635,canada
20381,30655,United States
20382,43236,germany
20383,31779,United States
20384,23111,australia
20385,29379,canada
20386,38239,United Kingdom
20387,19613,india
20388,14627,australia
20389,36321,Unitaed Arab Emirates
20390,45266,germany
20391,22779,germany
20392,27022,United Kingdom
20393,17903,germany
20394,21099,Unitaed Arab Emirates
20395,38791,Unitaed Arab Emirates
20396,14760,australia
20397,42395,United Kingdom
20398,34201,germany
20399,12960,United States
20400,44995,canada
20401,29374,United States
20402,29967,australia
20403,23979,United Kingdom
20404,16065,canada
20405,35705,United States
20406,25857,United States
20407,12381,Unitaed Arab Emirates
20408,12499,germany
20409,42342,india
20410,24207,Unitaed Arab Emirates
20411,20275,United States
20412,20232,india
20413,13544,germany
20414,25612,australia
20415,23362,germany
20416,32357,india
20417,45564,canada
20418,44439,United Kingdom
20419,49732,Unitaed Arab Emirates
20420,48170,australia
20421,10832,Unitaed Arab Emirates
20422,39740,india
20423,43980,germany
20424,32577,australia
20425,18366,United Kingdom
20426,25204,australia
20427,17981,United States
20428,44336,canada
20429,11651,Unitaed Arab Emirates
20430,39736,india
20431,21204,United Kingdom
20432,36634,germany
20433,19769,germany
20434,10430,United Kingdom
20435,29969,Unitaed Arab Emirates
20436,46893,india
20437,35473,canada
20438,36843,canada
20439,32655,canada
20440,44655,australia
20441,46113,Unitaed Arab Emirates
20442,33204,germany
20443,28589,germany
20444,29657,United Kingdom
20445,14177,india
20446,44084,india
20447,25707,australia
20448,22510,Unitaed Arab Emirates
20449,49686,canada
20450,25564,United States
20451,27051,germany
20452,16007,canada
20453,47471,australia
20454,34541,india
20455,22290,United Kingdom
20456,24918,Unitaed Arab Emirates
20457,14192,germany
20458,45566,United States
20459,31122,australia
20460,46346,germany
20461,39284,germany
20462,43120,United States
20463,20033,india
20464,30474,canada
20465,32518,United States
20466,49658,United States
20467,26326,Unitaed Arab Emirates
20468,31909,United Kingdom
20469,39560,United Kingdom
20470,36472,australia
20471,37356,United Kingdom
20472,38247,germany
20473,28593,United Kingdom
20474,21688,United States
20475,20868,australia
20476,34317,Unitaed Arab Emirates
20477,35123,Unitaed Arab Emirates
20478,31906,Unitaed Arab Emirates
20479,20309,australia
20480,26580,United States
20481,19008,australia
20482,11491,germany
20483,33411,United Kingdom
20484,27103,United States
20485,45530,Unitaed Arab Emirates
20486,45975,germany
20487,12503,canada
20488,48550,United States
20489,31518,Unitaed Arab Emirates
20490,19594,United States
20491,44755,canada
20492,34671,india
20493,42056,india
20494,35717,australia
20495,37764,United States
20496,17347,United States
20497,25678,United Kingdom
20498,14018,india
20499,45367,canada
20500,21288,australia
20501,42905,australia
20502,44824,United Kingdom
20503,41021,canada
20504,31110,germany
20505,30650,germany
20506,17678,United States
20507,27040,United States
20508,40866,australia
20509,13024,india
20510,25446,australia
20511,26455,india
20512,16279,United Kingdom
20513,46890,australia
20514,42841,Unitaed Arab Emirates
20515,21718,canada
20516,28443,germany
20517,20910,Unitaed Arab Emirates
20518,41391,australia
20519,39464,United States
20520,27908,Unitaed Arab Emirates
20521,19952,Unitaed Arab Emirates
20522,14292,United Kingdom
20523,40405,germany
20524,43730,germany
20525,19244,india
20526,49466,United Kingdom
20527,26471,india
20528,24192,india
20529,18042,United States
20530,12878,canada
20531,16131,Unitaed Arab Emirates
20532,30360,germany
20533,23503,germany
20534,18595,australia
20535,16780,india
20536,16845,Unitaed Arab Emirates
20537,24658,canada
20538,28611,Unitaed Arab Emirates
20539,11438,United States
20540,39622,canada
20541,20176,United States
20542,43500,australia
20543,10805,canada
20544,30063,germany
20545,46836,United Kingdom
20546,22518,Unitaed Arab Emirates
20547,49786,canada
20548,27111,australia
20549,40206,india
20550,48435,United Kingdom
20551,20236,india
20552,38494,germany
20553,35424,australia
20554,22876,United Kingdom
20555,27850,United States
20556,15654,United States
20557,37989,australia
20558,11236,Unitaed Arab Emirates
20559,26993,United Kingdom
20560,33064,canada
20561,35125,United States
20562,36893,United States
20563,41809,United Kingdom
20564,35840,United Kingdom
20565,35865,india
20566,29248,canada
20567,12223,United States
20568,12840,australia
20569,20060,india
20570,46394,United States
20571,16701,australia
20572,39468,germany
20573,45482,india
20574,15969,canada
20575,27431,germany
20576,35165,india
20577,32260,canada
20578,46622,india
20579,16346,United Kingdom
20580,24749,canada
20581,27510,United States
20582,36152,germany
20583,46971,germany
20584,13405,United Kingdom
20585,41425,india
20586,47496,germany
20587,14692,canada
20588,11265,United States
20589,17844,germany
20590,38488,United States
20591,18862,United States
20592,36142,germany
20593,20097,United Kingdom
20594,17437,australia
20595,42941,india
20596,33004,india
20597,17039,germany
20598,48432,india
20599,30568,australia
20600,35642,germany
20601,36919,germany
20602,29062,United States
20603,34610,Unitaed Arab Emirates
20604,22673,Unitaed Arab Emirates
20605,30814,canada
20606,17300,canada
20607,15287,canada
20608,47356,United States
20609,31830,india
20610,16641,United Kingdom
20611,12732,Unitaed Arab Emirates
20612,32799,Unitaed Arab Emirates
20613,41967,india
20614,48946,australia
20615,23745,australia
20616,33959,canada
20617,45777,australia
20618,35699,india
20619,19217,United Kingdom
20620,10527,canada
20621,43395,india
20622,25926,United States
20623,31786,Unitaed Arab Emirates
20624,32210,United Kingdom
20625,29677,Unitaed Arab Emirates
20626,25497,United States
20627,42085,United States
20628,22957,United Kingdom
20629,28433,United States
20630,37783,Unitaed Arab Emirates
20631,30834,Unitaed Arab Emirates
20632,36385,india
20633,24278,United States
20634,18332,canada
20635,21915,canada
20636,33127,United Kingdom
20637,36533,india
20638,33320,india
20639,10930,australia
20640,45439,United Kingdom
20641,45721,australia
20642,16935,germany
20643,25833,australia
20644,40799,germany
20645,15484,germany
20646,48239,Unitaed Arab Emirates
20647,42814,canada
20648,29252,australia
20649,30296,germany
20650,39094,australia
20651,23264,canada
20652,19892,canada
20653,19628,germany
20654,42823,australia
20655,10580,canada
20656,38587,india
20657,18410,Unitaed Arab Emirates
20658,42194,australia
20659,48026,india
20660,23667,United States
20661,34322,Unitaed Arab Emirates
20662,48802,United Kingdom
20663,23358,germany
20664,16397,germany
20665,20071,australia
20666,28322,Unitaed Arab Emirates
20667,24709,United Kingdom
20668,11504,india
20669,26873,Unitaed Arab Emirates
20670,40815,india
20671,31698,United States
20672,41802,canada
20673,38723,United Kingdom
20674,46056,canada
20675,25030,canada
20676,38755,india
20677,25467,canada
20678,31489,india
20679,13836,United States
20680,35247,canada
20681,30509,United Kingdom
20682,10627,canada
20683,48054,Unitaed Arab Emirates
20684,38764,United States
20685,48609,Unitaed Arab Emirates
20686,16425,germany
20687,26055,germany
20688,41592,india
20689,22887,United States
20690,19340,india
20691,29053,United States
20692,45887,india
20693,26383,india
20694,23808,india
20695,19891,australia
20696,18609,india
20697,15539,United Kingdom
20698,43082,United Kingdom
20699,26976,Unitaed Arab Emirates
20700,49850,australia
20701,28121,germany
20702,41670,germany
20703,43498,india
20704,14219,australia
20705,29880,canada
20706,12959,india
20707,16710,india
20708,19347,United States
20709,16714,United Kingdom
20710,44009,United Kingdom
20711,36645,canada
20712,39131,Unitaed Arab Emirates
20713,11733,canada
20714,18305,india
20715,36096,india
20716,36081,United Kingdom
20717,12587,india
20718,19112,Unitaed Arab Emirates
20719,38369,United Kingdom
20720,24592,germany
20721,26287,Unitaed Arab Emirates
20722,14551,india
20723,29668,United States
20724,24159,United States
20725,24800,canada
20726,44126,india
20727,45661,germany
20728,27299,Unitaed Arab Emirates
20729,46412,canada
20730,41461,australia
20731,43311,germany
20732,27028,United Kingdom
20733,36346,germany
20734,13832,United Kingdom
20735,13296,Unitaed Arab Emirates
20736,33293,australia
20737,39797,canada
20738,11552,canada
20739,14336,canada
20740,20600,Unitaed Arab Emirates
20741,11028,india
20742,15878,canada
20743,40701,United States
20744,34034,india
20745,29733,United Kingdom
20746,39674,United States
20747,35539,Unitaed Arab Emirates
20748,17390,germany
20749,26711,Unitaed Arab Emirates
20750,20580,canada
20751,10638,india
20752,42431,United States
20753,17285,australia
20754,30985,United Kingdom
20755,31447,Unitaed Arab Emirates
20756,35134,canada
20757,46803,United States
20758,19100,australia
20759,33181,india
20760,48677,canada
20761,42499,australia
20762,17716,germany
20763,49655,Unitaed Arab Emirates
20764,24586,canada
20765,24609,germany
20766,33534,germany
20767,11158,australia
20768,36299,india
20769,16055,United Kingdom
20770,46451,germany
20771,45998,australia
20772,39366,canada
20773,20862,Unitaed Arab Emirates
20774,19972,australia
20775,35600,canada
20776,42236,United States
20777,26980,germany
20778,21180,Unitaed Arab Emirates
20779,18920,australia
20780,40875,United Kingdom
20781,37483,canada
20782,45392,australia
20783,39063,United Kingdom
20784,40854,india
20785,24538,australia
20786,42417,United States
20787,20327,United States
20788,20584,germany
20789,15815,United Kingdom
20790,21956,United States
20791,47085,india
20792,47211,canada
20793,27578,india
20794,26677,United States
20795,28623,United Kingdom
20796,34606,india
20797,47985,Unitaed Arab Emirates
20798,33894,United Kingdom
20799,42440,germany
20800,49141,germany
20801,17723,germany
20802,38604,United Kingdom
20803,27888,india
20804,21423,australia
20805,31915,Unitaed Arab Emirates
20806,49299,United States
20807,32529,United Kingdom
20808,38386,india
20809,46177,United Kingdom
20810,42878,Unitaed Arab Emirates
20811,39038,germany
20812,20413,canada
20813,24883,United States
20814,44474,germany
20815,48533,United Kingdom
20816,23879,United States
20817,27017,germany
20818,42607,United States
20819,12170,United Kingdom
20820,29673,canada
20821,27260,United States
20822,44536,United States
20823,43000,canada
20824,46337,United Kingdom
20825,27215,india
20826,49808,australia
20827,17761,canada
20828,35068,germany
20829,40608,Unitaed Arab Emirates
20830,48427,United Kingdom
20831,34597,United Kingdom
20832,13877,canada
20833,43112,germany
20834,32383,germany
20835,11160,canada
20836,11828,india
20837,40286,india
20838,20068,canada
20839,45097,india
20840,42556,germany
20841,19805,germany
20842,23574,india
20843,44868,canada
20844,10808,australia
20845,28722,Unitaed Arab Emirates
20846,15024,germany
20847,29084,United States
20848,26507,canada
20849,36478,germany
20850,44352,germany
20851,29842,Unitaed Arab Emirates
20852,21485,Unitaed Arab Emirates
20853,36614,india
20854,41885,United Kingdom
20855,11244,germany
20856,22274,United Kingdom
20857,48390,australia
20858,27714,germany
20859,45900,Unitaed Arab Emirates
20860,29982,india
20861,23671,india
20862,29695,Unitaed Arab Emirates
20863,10428,Unitaed Arab Emirates
20864,48922,Unitaed Arab Emirates
20865,29603,australia
20866,34106,United Kingdom
20867,38088,United States
20868,47490,germany
20869,16907,india
20870,19060,germany
20871,17698,germany
20872,16586,United States
20873,25967,australia
20874,39467,germany
20875,32713,india
20876,42764,germany
20877,41560,india
20878,42346,United Kingdom
20879,38120,germany
20880,49553,United States
20881,47881,australia
20882,34711,australia
20883,13732,canada
20884,40110,Unitaed Arab Emirates
20885,24380,canada
20886,34547,Unitaed Arab Emirates
20887,40721,canada
20888,12606,United Kingdom
20889,45919,United States
20890,42886,india
20891,22295,Unitaed Arab Emirates
20892,44676,Unitaed Arab Emirates
20893,30469,United States
20894,49146,canada
20895,43194,Unitaed Arab Emirates
20896,20841,United States
20897,15735,canada
20898,43407,india
20899,41079,australia
20900,25893,germany
20901,44225,United Kingdom
20902,27457,United States
20903,44290,australia
20904,43528,india
20905,23410,australia
20906,13263,india
20907,30389,United Kingdom
20908,10025,australia
20909,40867,Unitaed Arab Emirates
20910,17683,germany
20911,41448,Unitaed Arab Emirates
20912,46749,Unitaed Arab Emirates
20913,22083,india
20914,49190,Unitaed Arab Emirates
20915,32291,india
20916,32361,United Kingdom
20917,23163,australia
20918,25867,United States
20919,17625,Unitaed Arab Emirates
20920,46844,Unitaed Arab Emirates
20921,16984,australia
20922,24673,india
20923,48591,australia
20924,10407,United States
20925,17356,United States
20926,34442,india
20927,20632,United Kingdom
20928,11261,Unitaed Arab Emirates
20929,48791,australia
20930,31853,australia
20931,15470,United States
20932,39759,australia
20933,48009,india
20934,36823,australia
20935,10294,germany
20936,10054,germany
20937,32347,india
20938,21994,germany
20939,15370,canada
20940,13906,australia
20941,47602,canada
20942,27282,United Kingdom
20943,13998,germany
20944,44280,australia
20945,45583,india
20946,44789,United Kingdom
20947,31583,United States
20948,26413,United Kingdom
20949,32178,canada
20950,33263,india
20951,31332,United Kingdom
20952,32288,canada
20953,25408,australia
20954,35171,india
20955,16831,United States
20956,10156,germany
20957,33963,United States
20958,24094,United States
20959,17694,germany
20960,36525,canada
20961,24938,germany
20962,34867,Unitaed Arab Emirates
20963,26996,canada
20964,18922,canada
20965,23882,Unitaed Arab Emirates
20966,42683,germany
20967,19640,United States
20968,49210,United States
20969,18304,canada
20970,47869,United States
20971,25254,australia
20972,21303,australia
20973,25009,australia
20974,34099,india
20975,19951,Unitaed Arab Emirates
20976,45827,Unitaed Arab Emirates
20977,45121,germany
20978,36666,germany
20979,28502,Unitaed Arab Emirates
20980,15722,United Kingdom
20981,45259,United Kingdom
20982,20113,india
20983,37390,germany
20984,26841,india
20985,18879,United States
20986,48884,canada
20987,14888,australia
20988,42249,Unitaed Arab Emirates
20989,24988,india
20990,24596,Unitaed Arab Emirates
20991,49913,United States
20992,23982,United States
20993,36658,india
20994,11529,australia
20995,35185,Unitaed Arab Emirates
20996,24369,United States
20997,14573,australia
20998,44514,canada
20999,35908,Unitaed Arab Emirates
21000,21967,canada
21001,13594,Unitaed Arab Emirates
21002,26623,australia
21003,27203,india
21004,30966,Unitaed Arab Emirates
21005,41520,canada
21006,15633,United States
21007,23175,United Kingdom
21008,26418,canada
21009,48505,australia
21010,17576,australia
21011,45680,United Kingdom
21012,11544,australia
21013,15612,Unitaed Arab Emirates
21014,41463,Unitaed Arab Emirates
21015,49738,australia
21016,31815,canada
21017,22604,United Kingdom
21018,24378,canada
21019,12007,United Kingdom
21020,48774,Unitaed Arab Emirates
21021,13806,germany
21022,28100,United States
21023,23568,United States
21024,33087,germany
21025,47089,germany
21026,40218,Unitaed Arab Emirates
21027,45208,Unitaed Arab Emirates
21028,43083,Unitaed Arab Emirates
21029,41286,germany
21030,32654,United Kingdom
21031,18072,australia
21032,29859,germany
21033,19635,india
21034,36954,Unitaed Arab Emirates
21035,46343,United States
21036,20927,Unitaed Arab Emirates
21037,29642,australia
21038,31587,india
21039,39953,australia
21040,23959,Unitaed Arab Emirates
21041,29082,United Kingdom
21042,10921,United States
21043,43739,germany
21044,36215,canada
21045,18365,canada
21046,15688,germany
21047,40892,germany
21048,47458,canada
21049,16247,United States
21050,47625,india
21051,12077,Unitaed Arab Emirates
21052,16636,United Kingdom
21053,44507,australia
21054,23811,germany
21055,14566,United States
21056,43446,india
21057,43662,canada
21058,38420,germany
21059,36023,United States
21060,18291,United States
21061,48930,canada
21062,30291,australia
21063,16633,canada
21064,27385,canada
21065,36531,United States
21066,33517,United States
21067,14676,United Kingdom
21068,31702,australia
21069,21507,canada
21070,34601,australia
21071,48378,india
21072,16312,Unitaed Arab Emirates
21073,25303,canada
21074,13178,Unitaed Arab Emirates
21075,10316,germany
21076,41554,australia
21077,47185,Unitaed Arab Emirates
21078,31344,canada
21079,46794,United States
21080,18780,United Kingdom
21081,28233,india
21082,42719,germany
21083,19257,United Kingdom
21084,31758,United Kingdom
21085,33482,canada
21086,34596,canada
21087,36803,Unitaed Arab Emirates
21088,12406,germany
21089,42900,germany
21090,18867,Unitaed Arab Emirates
21091,43758,Unitaed Arab Emirates
21092,29840,Unitaed Arab Emirates
21093,41020,Unitaed Arab Emirates
21094,24726,Unitaed Arab Emirates
21095,28416,canada
21096,46310,australia
21097,11696,australia
21098,35650,australia
21099,18868,United States
21100,32078,australia
21101,34386,United States
21102,11272,germany
21103,34752,Unitaed Arab Emirates
21104,42168,United States
21105,14907,Unitaed Arab Emirates
21106,26899,germany
21107,33622,india
21108,16470,United States
21109,28923,United Kingdom
21110,36329,australia
21111,28933,australia
21112,24112,australia
21113,27217,india
21114,31070,Unitaed Arab Emirates
21115,32502,United States
21116,23151,germany
21117,26668,United Kingdom
21118,19087,australia
21119,22985,germany
21120,31167,United Kingdom
21121,47781,australia
21122,37532,india
21123,16236,india
21124,10645,india
21125,49862,United Kingdom
21126,20903,United Kingdom
21127,14458,United States
21128,28521,Unitaed Arab Emirates
21129,41257,germany
21130,30924,canada
21131,21243,United States
21132,42896,United States
21133,31316,United Kingdom
21134,41553,United Kingdom
21135,35373,india
21136,42735,United Kingdom
21137,19095,germany
21138,48034,germany
21139,34451,australia
21140,13364,india
21141,36317,india
21142,47786,australia
21143,35463,india
21144,17622,United States
21145,22374,india
21146,46263,germany
21147,27638,india
21148,30694,United Kingdom
21149,31158,United Kingdom
21150,18185,Unitaed Arab Emirates
21151,22237,australia
21152,38660,Unitaed Arab Emirates
21153,12183,australia
21154,32222,australia
21155,20009,australia
21156,42415,canada
21157,46710,United Kingdom
21158,47947,canada
21159,44783,australia
21160,45273,germany
21161,35355,germany
21162,41896,United States
21163,13269,United States
21164,22811,canada
21165,47766,United Kingdom
21166,38885,United Kingdom
21167,44263,Unitaed Arab Emirates
21168,11090,australia
21169,47337,india
21170,49554,Unitaed Arab Emirates
21171,33447,canada
21172,40483,india
21173,41274,germany
21174,26537,australia
21175,40878,canada
21176,12615,germany
21177,15319,Unitaed Arab Emirates
21178,33597,australia
21179,41059,United States
21180,25855,canada
21181,48770,canada
21182,40950,United Kingdom
21183,22241,india
21184,44889,canada
21185,41248,United Kingdom
21186,45709,india
21187,20503,Unitaed Arab Emirates
21188,31172,canada
21189,29389,Unitaed Arab Emirates
21190,31609,germany
21191,22267,United Kingdom
21192,30822,United Kingdom
21193,24198,australia
21194,18414,india
21195,28290,United States
21196,35278,india
21197,33329,australia
21198,38510,United States
21199,20452,United States
21200,45752,United States
21201,29253,canada
21202,45491,india
21203,25590,australia
21204,31104,Unitaed Arab Emirates
21205,26394,Unitaed Arab Emirates
21206,34146,germany
21207,43522,germany
21208,29539,United States
21209,34630,Unitaed Arab Emirates
21210,33378,canada
21211,46189,germany
21212,49320,United States
21213,39220,australia
21214,45561,United States
21215,48095,germany
21216,36477,United States
21217,12867,india
21218,39251,australia
21219,37871,germany
21220,46055,australia
21221,26817,australia
21222,25420,canada
21223,12232,United States
21224,36249,australia
21225,42343,india
21226,47019,Unitaed Arab Emirates
21227,36079,canada
21228,47184,india
21229,42486,germany
21230,18082,india
21231,30569,india
21232,22873,United States
21233,27853,Unitaed Arab Emirates
21234,47664,australia
21235,13553,Unitaed Arab Emirates
21236,35252,canada
21237,44596,United States
21238,49965,germany
21239,23727,germany
21240,20595,india
21241,11359,india
21242,42852,australia
21243,11141,canada
21244,33008,australia
21245,46999,canada
21246,35072,india
21247,47303,Unitaed Arab Emirates
21248,35246,Unitaed Arab Emirates
21249,19210,germany
21250,21324,canada
21251,20307,australia
21252,38316,australia
21253,31570,germany
21254,32330,australia
21255,21245,australia
21256,34730,Unitaed Arab Emirates
21257,31838,United Kingdom
21258,26387,india
21259,12427,canada
21260,27418,canada
21261,44300,United Kingdom
21262,27305,india
21263,27635,india
21264,32197,australia
21265,46671,United States
21266,19894,Unitaed Arab Emirates
21267,13211,United Kingdom
21268,34303,india
21269,26691,United States
21270,47255,United Kingdom
21271,26470,australia
21272,43633,United States
21273,18344,United States
21274,32999,india
21275,19710,United States
21276,24219,india
21277,10937,india
21278,23158,germany
21279,11614,Unitaed Arab Emirates
21280,17435,india
21281,32914,United Kingdom
21282,24802,canada
21283,46422,Unitaed Arab Emirates
21284,28069,india
21285,30552,Unitaed Arab Emirates
21286,47086,United Kingdom
21287,15645,United Kingdom
21288,49177,Unitaed Arab Emirates
21289,35557,germany
21290,49127,canada
21291,42043,United States
21292,20385,United Kingdom
21293,24858,india
21294,15248,germany
21295,15983,germany
21296,23344,United States
21297,39124,canada
21298,33984,United States
21299,15763,canada
21300,45245,Unitaed Arab Emirates
21301,11989,United States
21302,31945,india
21303,49077,canada
21304,30891,United States
21305,40880,United States
21306,29037,india
21307,12515,United States
21308,41868,United Kingdom
21309,26022,Unitaed Arab Emirates
21310,39391,canada
21311,39955,india
21312,15608,australia
21313,47060,australia
21314,28494,australia
21315,24873,United States
21316,10990,canada
21317,28858,United States
21318,44803,United States
21319,29763,United States
21320,19837,canada
21321,14242,United Kingdom
21322,31296,germany
21323,29571,germany
21324,36064,germany
21325,29662,germany
21326,17265,United States
21327,41771,United Kingdom
21328,32452,germany
21329,40231,canada
21330,17499,Unitaed Arab Emirates
21331,21200,United States
21332,44999,india
21333,49530,United Kingdom
21334,34076,australia
21335,41176,germany
21336,10601,United States
21337,32643,United Kingdom
21338,49812,germany
21339,22393,india
21340,31164,india
21341,35988,canada
21342,12582,germany
21343,36864,United Kingdom
21344,10095,United States
21345,33158,australia
21346,44003,australia
21347,25032,germany
21348,26936,Unitaed Arab Emirates
21349,28971,canada
21350,38466,United Kingdom
21351,40105,australia
21352,14065,canada
21353,40469,india
21354,16227,canada
21355,10917,Unitaed Arab Emirates
21356,24703,australia
21357,12067,Unitaed Arab Emirates
21358,36599,canada
21359,41132,United Kingdom
21360,31864,canada
21361,45324,germany
21362,13837,Unitaed Arab Emirates
21363,14511,canada
21364,37242,United States
21365,49797,Unitaed Arab Emirates
21366,26341,india
21367,30263,canada
21368,39230,Unitaed Arab Emirates
21369,42990,australia
21370,32723,germany
21371,27398,australia
21372,43786,canada
21373,28680,canada
21374,41169,germany
21375,37701,india
21376,26068,germany
21377,21319,United States
21378,49121,canada
21379,14411,United Kingdom
21380,22618,germany
21381,22193,canada
21382,46060,Unitaed Arab Emirates
21383,35760,United States
21384,28496,germany
21385,45915,United States
21386,13947,United States
21387,19141,canada
21388,35201,india
21389,10404,United States
21390,15755,germany
21391,46488,australia
21392,46935,United Kingdom
21393,11818,United States
21394,31767,germany
21395,31603,australia
21396,27558,Unitaed Arab Emirates
21397,29921,United Kingdom
21398,32227,Unitaed Arab Emirates
21399,12718,Unitaed Arab Emirates
21400,14209,germany
21401,29254,United States
21402,18251,canada
21403,10615,india
21404,27967,United States
21405,46623,canada
21406,46275,australia
21407,21701,United States
21408,15256,United States
21409,13224,United Kingdom
21410,15834,australia
21411,16053,canada
21412,47712,United Kingdom
21413,46816,canada
21414,39311,canada
21415,39485,canada
21416,32785,United States
21417,12929,Unitaed Arab Emirates
21418,11247,india
21419,28979,australia
21420,46195,Unitaed Arab Emirates
21421,22515,india
21422,29758,canada
21423,16768,United States
21424,38010,germany
21425,24793,germany
21426,16485,germany
21427,20471,australia
21428,32248,australia
21429,48366,germany
21430,35467,india
21431,26256,United States
21432,20581,United States
21433,29809,United Kingdom
21434,42643,australia
21435,37352,Unitaed Arab Emirates
21436,37222,United Kingdom
21437,40631,india
21438,34677,Unitaed Arab Emirates
21439,35955,United Kingdom
21440,26660,Unitaed Arab Emirates
21441,14560,australia
21442,46094,United States
21443,24987,United States
21444,12763,germany
21445,27742,United Kingdom
21446,24119,Unitaed Arab Emirates
21447,19477,United Kingdom
21448,38746,germany
21449,23801,india
21450,37946,canada
21451,20725,germany
21452,48136,canada
21453,45558,Unitaed Arab Emirates
21454,18278,australia
21455,34064,india
21456,39854,United Kingdom
21457,41686,United Kingdom
21458,32085,india
21459,27807,Unitaed Arab Emirates
21460,20953,india
21461,10719,Unitaed Arab Emirates
21462,41318,germany
21463,49532,india
21464,46122,United Kingdom
21465,24807,Unitaed Arab Emirates
21466,31963,canada
21467,19824,germany
21468,46870,india
21469,37239,Unitaed Arab Emirates
21470,45620,australia
21471,30556,United Kingdom
21472,49657,Unitaed Arab Emirates
21473,31267,canada
21474,18771,india
21475,44091,canada
21476,21731,germany
21477,28582,india
21478,36436,Unitaed Arab Emirates
21479,43969,United Kingdom
21480,26392,canada
21481,16919,australia
21482,31959,germany
21483,13531,india
21484,38100,canada
21485,20217,india
21486,26477,United Kingdom
21487,33742,canada
21488,16619,australia
21489,24093,india
21490,45812,india
21491,24717,canada
21492,28556,australia
21493,35096,Unitaed Arab Emirates
21494,31792,United States
21495,48968,australia
21496,13351,india
21497,35114,Unitaed Arab Emirates
21498,28903,india
21499,49684,United Kingdom
21500,18508,australia
21501,30101,Unitaed Arab Emirates
21502,14164,canada
21503,11385,australia
21504,31987,australia
21505,23487,United Kingdom
21506,44501,germany
21507,44345,United States
21508,18006,india
21509,20046,United States
21510,12478,Unitaed Arab Emirates
21511,42128,australia
21512,23662,australia
21513,12963,australia
21514,41213,germany
21515,28633,australia
21516,36403,australia
21517,40614,Unitaed Arab Emirates
21518,40470,United Kingdom
21519,28369,germany
21520,25310,United States
21521,18709,United Kingdom
21522,33324,United Kingdom
21523,45882,australia
21524,18898,india
21525,12295,germany
21526,23676,United States
21527,31821,United States
21528,46420,United States
21529,48129,india
21530,16237,United Kingdom
21531,33007,india
21532,23049,canada
21533,26156,United Kingdom
21534,20655,australia
21535,40258,United States
21536,31338,india
21537,10179,Unitaed Arab Emirates
21538,45463,United Kingdom
21539,35186,Unitaed Arab Emirates
21540,21429,canada
21541,33105,United States
21542,39500,Unitaed Arab Emirates
21543,37294,canada
21544,27528,United Kingdom
21545,31480,canada
21546,13933,canada
21547,23530,canada
21548,27259,australia
21549,27573,United States
21550,15430,germany
21551,25764,United States
21552,37819,germany
21553,11115,germany
21554,22287,canada
21555,41753,United Kingdom
21556,33102,United States
21557,47971,australia
21558,29932,canada
21559,39550,Unitaed Arab Emirates
21560,24548,Unitaed Arab Emirates
21561,28466,Unitaed Arab Emirates
21562,49626,germany
21563,18891,canada
21564,33974,United States
21565,30927,germany
21566,30736,Unitaed Arab Emirates
21567,12550,germany
21568,11292,australia
21569,39858,india
21570,18071,canada
21571,44321,Unitaed Arab Emirates
21572,47537,Unitaed Arab Emirates
21573,38997,india
21574,13729,canada
21575,19272,United States
21576,14977,germany
21577,41752,germany
21578,26072,australia
21579,31937,Unitaed Arab Emirates
21580,32963,United States
21581,32278,australia
21582,20384,india
21583,38584,Unitaed Arab Emirates
21584,27128,germany
21585,22796,india
21586,18553,canada
21587,43983,United States
21588,17868,australia
21589,40392,australia
21590,14803,United States
21591,40603,Unitaed Arab Emirates
21592,30142,canada
21593,25456,canada
21594,38547,United States
21595,21944,United Kingdom
21596,21867,australia
21597,25484,india
21598,34787,germany
21599,45008,canada
21600,14322,germany
21601,15963,United States
21602,38857,United States
21603,47186,germany
21604,21478,germany
21605,39260,United States
21606,42152,United States
21607,17795,australia
21608,45155,Unitaed Arab Emirates
21609,20478,United States
21610,25846,india
21611,49993,india
21612,33816,germany
21613,19088,United States
21614,22529,canada
21615,42497,canada
21616,10075,United States
21617,42448,Unitaed Arab Emirates
21618,22635,canada
21619,41639,india
21620,46370,india
21621,11657,United States
21622,24167,Unitaed Arab Emirates
21623,47637,United Kingdom
21624,46976,United States
21625,43117,United States
21626,48616,germany
21627,43409,United States
21628,18190,United States
21629,13496,india
21630,20750,Unitaed Arab Emirates
21631,24440,germany
21632,16045,germany
21633,49201,Unitaed Arab Emirates
21634,49229,australia
21635,38110,canada
21636,20241,United Kingdom
21637,32595,United States
21638,23803,Unitaed Arab Emirates
21639,39030,United States
21640,42040,germany
21641,23945,United States
21642,20638,australia
21643,17558,United Kingdom
21644,20037,United Kingdom
21645,31007,germany
21646,34628,United Kingdom
21647,15204,United Kingdom
21648,44176,United Kingdom
21649,27102,india
21650,32046,Unitaed Arab Emirates
21651,43621,Unitaed Arab Emirates
21652,41711,australia
21653,15496,canada
21654,30000,United States
21655,12700,india
21656,27958,United States
21657,28536,india
21658,17192,india
21659,47447,australia
21660,37579,United Kingdom
21661,39957,australia
21662,28229,Unitaed Arab Emirates
21663,11534,india
21664,25363,australia
21665,44258,germany
21666,16484,india
21667,19213,United States
21668,42937,australia
21669,47603,canada
21670,30925,Unitaed Arab Emirates
21671,43718,india
21672,29002,Unitaed Arab Emirates
21673,13830,india
21674,26681,australia
21675,48661,canada
21676,31849,india
21677,36749,germany
21678,36633,india
21679,48414,canada
21680,33499,canada
21681,37650,United States
21682,23498,germany
21683,16937,germany
21684,47041,United States
21685,18790,canada
21686,36876,australia
21687,15277,United States
21688,48073,germany
21689,36567,australia
21690,16039,United States
21691,34388,United States
21692,29098,australia
21693,41320,canada
21694,28848,canada
21695,18355,Unitaed Arab Emirates
21696,36695,germany
21697,20598,canada
21698,24365,germany
21699,41909,Unitaed Arab Emirates
21700,29847,australia
21701,31000,United States
21702,20488,germany
21703,20351,United States
21704,17759,australia
21705,11041,United States
21706,14802,canada
21707,22486,United Kingdom
21708,30567,canada
21709,21695,United States
21710,28305,germany
21711,12869,United Kingdom
21712,40822,germany
21713,35250,canada
21714,45065,United States
21715,44781,germany
21716,31270,United States
21717,28243,india
21718,12043,australia
21719,31058,india
21720,12728,United States
21721,34495,United Kingdom
21722,42382,australia
21723,31625,United Kingdom
21724,18817,germany
21725,16113,United Kingdom
21726,13812,india
21727,18386,germany
21728,25398,United Kingdom
21729,46442,canada
21730,32153,United States
21731,33220,United States
21732,23426,United Kingdom
21733,38209,canada
21734,47148,australia
21735,11898,Unitaed Arab Emirates
21736,19685,india
21737,28282,australia
21738,23023,United Kingdom
21739,22659,india
21740,17787,United States
21741,43953,Unitaed Arab Emirates
21742,41891,germany
21743,11437,australia
21744,35033,canada
21745,34376,United States
21746,36366,australia
21747,29759,Unitaed Arab Emirates
21748,44533,germany
21749,19113,canada
21750,18564,germany
21751,46041,australia
21752,14864,india
21753,26007,United Kingdom
21754,20001,United States
21755,15092,germany
21756,20588,india
21757,26194,germany
21758,30055,United Kingdom
21759,39448,United States
21760,34397,Unitaed Arab Emirates
21761,26509,australia
21762,39875,Unitaed Arab Emirates
21763,26253,india
21764,30074,india
21765,21090,United States
21766,11610,United States
21767,15296,canada
21768,25940,australia
21769,13853,india
21770,25567,Unitaed Arab Emirates
21771,31392,germany
21772,39893,india
21773,19126,canada
21774,35819,australia
21775,47636,Unitaed Arab Emirates
21776,21953,canada
21777,39075,india
21778,30449,United Kingdom
21779,29293,australia
21780,47981,germany
21781,22762,canada
21782,33726,germany
21783,16360,india
21784,22263,canada
21785,15516,United States
21786,21253,United States
21787,26498,australia
21788,36826,germany
21789,49429,Unitaed Arab Emirates
21790,16451,Unitaed Arab Emirates
21791,36318,Unitaed Arab Emirates
21792,37536,United States
21793,44604,germany
21794,21128,australia
21795,21071,United Kingdom
21796,14366,canada
21797,45115,Unitaed Arab Emirates
21798,27449,Unitaed Arab Emirates
21799,31416,germany
21800,36534,United Kingdom
21801,18921,india
21802,31235,United Kingdom
21803,29286,germany
21804,18155,canada
21805,40094,germany
21806,20121,United States
21807,30708,United States
21808,33846,germany
21809,39723,United Kingdom
21810,26984,canada
21811,44564,United States
21812,18504,United States
21813,47967,Unitaed Arab Emirates
21814,23340,United Kingdom
21815,43430,germany
21816,15777,Unitaed Arab Emirates
21817,25769,United States
21818,29431,australia
21819,44499,United States
21820,10410,australia
21821,18300,germany
21822,24756,United Kingdom
21823,29320,india
21824,29549,australia
21825,16963,germany
21826,15261,United States
21827,36045,germany
21828,22022,United Kingdom
21829,29445,United Kingdom
21830,47489,india
21831,47548,germany
21832,49633,india
21833,46985,Unitaed Arab Emirates
21834,45655,germany
21835,41576,United States
21836,31022,australia
21837,41581,Unitaed Arab Emirates
21838,29474,canada
21839,21356,United States
21840,35652,United Kingdom
21841,34195,india
21842,13486,Unitaed Arab Emirates
21843,13883,United Kingdom
21844,46954,United States
21845,41634,india
21846,45961,United States
21847,30261,United Kingdom
21848,45520,germany
21849,29569,United Kingdom
21850,49711,india
21851,24425,Unitaed Arab Emirates
21852,20801,United Kingdom
21853,32882,canada
21854,22489,Unitaed Arab Emirates
21855,19883,australia
21856,31174,germany
21857,27209,United States
21858,31492,germany
21859,46681,canada
21860,41441,United Kingdom
21861,24127,australia
21862,11755,Unitaed Arab Emirates
21863,24449,United States
21864,12911,United Kingdom
21865,47831,United States
21866,12620,United States
21867,23717,United States
21868,49355,United Kingdom
21869,28732,United Kingdom
21870,37587,canada
21871,49112,United States
21872,21582,United Kingdom
21873,15267,United States
21874,32277,United Kingdom
21875,16403,Unitaed Arab Emirates
21876,13375,United States
21877,40803,germany
21878,33567,germany
21879,22062,United Kingdom
21880,25547,canada
21881,44312,Unitaed Arab Emirates
21882,18994,Unitaed Arab Emirates
21883,26526,germany
21884,42674,australia
21885,15234,Unitaed Arab Emirates
21886,10753,United States
21887,41879,australia
21888,13246,germany
21889,27979,australia
21890,49987,australia
21891,12935,canada
21892,39731,United States
21893,10098,Unitaed Arab Emirates
21894,25428,United Kingdom
21895,36311,india
21896,17158,United States
21897,38554,United States
21898,32412,United States
21899,45949,india
21900,19047,United States
21901,28845,United States
21902,29463,australia
21903,37588,Unitaed Arab Emirates
21904,47141,australia
21905,35079,germany
21906,22366,germany
21907,36551,United States
21908,30574,canada
21909,43444,india
21910,23058,germany
21911,49498,germany
21912,47597,United Kingdom
21913,48109,United Kingdom
21914,40245,United Kingdom
21915,32957,United Kingdom
21916,29689,germany
21917,34112,india
21918,38801,United States
21919,13450,United States
21920,21123,canada
21921,35369,india
21922,26354,United Kingdom
21923,33641,United States
21924,39304,australia
21925,12122,United Kingdom
21926,42608,Unitaed Arab Emirates
21927,30616,Unitaed Arab Emirates
21928,12308,india
21929,33137,australia
21930,37209,canada
21931,21748,Unitaed Arab Emirates
21932,43131,Unitaed Arab Emirates
21933,25371,canada
21934,47924,canada
21935,31816,United States
21936,12202,india
21937,26902,australia
21938,20537,canada
21939,23352,United Kingdom
21940,45947,United States
21941,11197,United Kingdom
21942,30316,United States
21943,16481,australia
21944,25546,india
21945,41500,germany
21946,45756,germany
21947,34999,india
21948,29801,United Kingdom
21949,21369,Unitaed Arab Emirates
21950,10993,india
21951,23168,india
21952,45771,Unitaed Arab Emirates
21953,43679,United Kingdom
21954,47179,canada
21955,21503,australia
21956,49781,canada
21957,19120,canada
21958,15456,india
21959,49666,United Kingdom
21960,24693,canada
21961,37249,india
21962,10356,United Kingdom
21963,17165,canada
21964,29283,Unitaed Arab Emirates
21965,43787,United Kingdom
21966,16445,United States
21967,42426,germany
21968,49049,canada
21969,39150,germany
21970,34060,germany
21971,16171,Unitaed Arab Emirates
21972,12304,germany
21973,13002,Unitaed Arab Emirates
21974,45825,canada
21975,29540,germany
21976,31709,United States
21977,22725,United States
21978,37643,United States
21979,13458,United States
21980,33805,australia
21981,35798,United Kingdom
21982,13302,canada
21983,38081,australia
21984,29787,australia
21985,22996,United States
21986,35833,australia
21987,24088,United Kingdom
21988,40876,australia
21989,29892,india
21990,18067,germany
21991,49419,Unitaed Arab Emirates
21992,24824,germany
21993,34086,United Kingdom
21994,37637,United Kingdom
21995,42069,canada
21996,38748,india
21997,22100,australia
21998,12690,United Kingdom
21999,30228,australia
22000,26250,Unitaed Arab Emirates
22001,24407,United Kingdom
22002,48539,canada
22003,44309,australia
22004,37079,germany
22005,47886,germany
22006,36047,United States
22007,25726,australia
22008,17535,canada
22009,14062,australia
22010,18772,india
22011,25436,canada
22012,42665,germany
22013,46965,canada
22014,13618,canada
22015,23233,australia
22016,30999,india
22017,41648,germany
22018,23963,india
22019,28205,india
22020,23440,Unitaed Arab Emirates
22021,12511,canada
22022,40578,Unitaed Arab Emirates
22023,32609,canada
22024,17151,United Kingdom
22025,45303,india
22026,32956,canada
22027,27854,United States
22028,23466,australia
22029,41166,australia
22030,11897,United Kingdom
22031,42613,india
22032,31734,Unitaed Arab Emirates
22033,20281,australia
22034,40293,United Kingdom
22035,32875,australia
22036,35987,germany
22037,47236,australia
22038,49322,United States
22039,46116,Unitaed Arab Emirates
22040,36209,canada
22041,18135,canada
22042,37507,australia
22043,15841,australia
22044,41103,australia
22045,10452,india
22046,42772,india
22047,29896,india
22048,21702,australia
22049,34772,germany
22050,34355,canada
22051,36095,canada
22052,40871,canada
22053,34669,germany
22054,23128,india
22055,36880,Unitaed Arab Emirates
22056,46876,canada
22057,37841,Unitaed Arab Emirates
22058,28985,germany
22059,13741,germany
22060,41313,australia
22061,16742,United States
22062,13680,canada
22063,23531,germany
22064,17275,india
22065,42252,Unitaed Arab Emirates
22066,30181,United States
22067,29151,United Kingdom
22068,25603,germany
22069,27891,United Kingdom
22070,28287,australia
22071,30376,australia
22072,40131,germany
22073,13684,Unitaed Arab Emirates
22074,36665,australia
22075,22689,australia
22076,44249,australia
22077,28869,Unitaed Arab Emirates
22078,48445,australia
22079,19440,india
22080,17172,United Kingdom
22081,40829,Unitaed Arab Emirates
22082,29606,United Kingdom
22083,21054,canada
22084,44970,Unitaed Arab Emirates
22085,18585,United States
22086,43416,United States
22087,37495,canada
22088,49012,canada
22089,16721,india
22090,27649,australia
22091,32147,United States
22092,15424,india
22093,36603,australia
22094,28123,United Kingdom
22095,22065,Unitaed Arab Emirates
22096,12686,Unitaed Arab Emirates
22097,44791,india
22098,16214,United Kingdom
22099,49561,australia
22100,38760,india
22101,36742,australia
22102,38954,germany
22103,39831,india
22104,32523,india
22105,27768,india
22106,49879,Unitaed Arab Emirates
22107,24795,United States
22108,43350,germany
22109,38944,United States
22110,20206,germany
22111,36446,United Kingdom
22112,45543,Unitaed Arab Emirates
22113,42571,United Kingdom
22114,32556,germany
22115,13105,United States
22116,14957,United Kingdom
22117,42387,United States
22118,34264,United States
22119,34248,Unitaed Arab Emirates
22120,31628,United States
22121,25896,canada
22122,25721,United States
22123,40156,United Kingdom
22124,41334,india
22125,18210,india
22126,18319,United Kingdom
22127,42704,canada
22128,21415,United Kingdom
22129,25778,germany
22130,27144,canada
22131,41011,canada
22132,23452,germany
22133,30110,canada
22134,41482,Unitaed Arab Emirates
22135,31336,australia
22136,34719,Unitaed Arab Emirates
22137,42592,canada
22138,17100,canada
22139,49784,australia
22140,17957,canada
22141,35302,United States
22142,14417,Unitaed Arab Emirates
22143,49169,australia
22144,41727,United Kingdom
22145,31173,india
22146,25813,india
22147,16762,United Kingdom
22148,21052,Unitaed Arab Emirates
22149,32860,germany
22150,14912,india
22151,36307,india
22152,29597,Unitaed Arab Emirates
22153,14791,Unitaed Arab Emirates
22154,44425,germany
22155,12743,australia
22156,25046,Unitaed Arab Emirates
22157,29866,United Kingdom
22158,22788,germany
22159,43643,Unitaed Arab Emirates
22160,37408,United States
22161,23981,United Kingdom
22162,34178,United States
22163,49677,australia
22164,39178,india
22165,38761,india
22166,34351,canada
22167,26748,australia
22168,35874,germany
22169,46903,Unitaed Arab Emirates
22170,24919,Unitaed Arab Emirates
22171,29972,india
22172,34789,United Kingdom
22173,30863,Unitaed Arab Emirates
22174,37052,United States
22175,11546,United States
22176,34073,india
22177,39527,United States
22178,38926,india
22179,26758,germany
22180,34622,United States
22181,10499,germany
22182,45160,australia
22183,47919,india
22184,12033,canada
22185,35745,United States
22186,46180,United Kingdom
22187,43217,australia
22188,37776,United States
22189,40201,United States
22190,21291,canada
22191,43681,United States
22192,38580,canada
22193,46047,Unitaed Arab Emirates
22194,31469,Unitaed Arab Emirates
22195,15760,United Kingdom
22196,10950,australia
22197,19054,india
22198,27711,germany
22199,21483,canada
22200,23792,australia
22201,18485,United Kingdom
22202,14349,canada
22203,27296,United States
22204,20003,United Kingdom
22205,36155,United Kingdom
22206,48184,Unitaed Arab Emirates
22207,26279,germany
22208,31543,Unitaed Arab Emirates
22209,38063,United Kingdom
22210,34150,United Kingdom
22211,18550,United Kingdom
22212,47297,Unitaed Arab Emirates
22213,21843,india
22214,25659,canada
22215,30757,australia
22216,42515,United Kingdom
22217,14263,india
22218,48323,canada
22219,17679,United Kingdom
22220,36700,United States
22221,49892,United Kingdom
22222,43111,australia
22223,25385,United States
22224,37805,germany
22225,29576,germany
22226,33633,canada
22227,15403,United Kingdom
22228,20832,United States
22229,15940,india
22230,46315,United States
22231,36904,india
22232,36455,india
22233,25910,canada
22234,31374,United States
22235,47553,australia
22236,12520,United Kingdom
22237,34117,australia
22238,27161,india
22239,20992,United Kingdom
22240,40413,india
22241,20743,germany
22242,40052,australia
22243,35540,Unitaed Arab Emirates
22244,48823,india
22245,49411,germany
22246,25561,india
22247,21311,United Kingdom
22248,47406,United States
22249,26871,australia
22250,17613,United States
22251,38223,United Kingdom
22252,44550,Unitaed Arab Emirates
22253,36956,india
22254,33939,Unitaed Arab Emirates
22255,40086,United States
22256,40796,United Kingdom
22257,15362,Unitaed Arab Emirates
22258,22538,United Kingdom
22259,29223,Unitaed Arab Emirates
22260,10277,Unitaed Arab Emirates
22261,44287,Unitaed Arab Emirates
22262,20574,canada
22263,43847,Unitaed Arab Emirates
22264,45262,canada
22265,41525,canada
22266,35837,germany
22267,42099,United States
22268,43017,United Kingdom
22269,10996,germany
22270,22166,germany
22271,26787,india
22272,14076,United Kingdom
22273,13963,United Kingdom
22274,46220,germany
22275,41096,United States
22276,34101,United Kingdom
22277,40085,australia
22278,47037,india
22279,47718,india
22280,19563,india
22281,28976,United Kingdom
22282,36053,australia
22283,32012,india
22284,27820,Unitaed Arab Emirates
22285,25772,india
22286,39104,canada
22287,24413,United States
22288,37354,United States
22289,27087,Unitaed Arab Emirates
22290,37001,india
22291,19606,india
22292,20077,germany
22293,18131,australia
22294,40502,Unitaed Arab Emirates
22295,34690,United States
22296,18502,germany
22297,46027,australia
22298,30504,United States
22299,48280,United Kingdom
22300,22661,australia
22301,27058,india
22302,19476,United States
22303,47099,United Kingdom
22304,42612,australia
22305,11485,germany
22306,36109,Unitaed Arab Emirates
22307,16830,canada
22308,43502,United States
22309,26048,germany
22310,16159,india
22311,42976,canada
22312,19165,Unitaed Arab Emirates
22313,16827,australia
22314,44696,germany
22315,35111,india
22316,34957,australia
22317,16906,United States
22318,13062,india
22319,16125,india
22320,35782,australia
22321,46806,United States
22322,34850,australia
22323,13872,United States
22324,18462,United Kingdom
22325,32302,United Kingdom
22326,40034,Unitaed Arab Emirates
22327,41920,canada
22328,15201,Unitaed Arab Emirates
22329,19266,canada
22330,32784,germany
22331,38582,germany
22332,40480,United Kingdom
22333,20562,United Kingdom
22334,11366,australia
22335,47799,Unitaed Arab Emirates
22336,19687,australia
22337,24742,Unitaed Arab Emirates
22338,27942,canada
22339,24328,Unitaed Arab Emirates
22340,28168,Unitaed Arab Emirates
22341,18339,canada
22342,38265,United Kingdom
22343,18734,india
22344,44793,Unitaed Arab Emirates
22345,48936,United Kingdom
22346,10779,germany
22347,35591,United States
22348,39633,australia
22349,23085,Unitaed Arab Emirates
22350,19231,canada
22351,15206,United States
22352,27960,United States
22353,19772,Unitaed Arab Emirates
22354,38413,australia
22355,43319,United States
22356,44371,australia
22357,39390,Unitaed Arab Emirates
22358,22588,United Kingdom
22359,16342,australia
22360,17778,germany
22361,24056,canada
22362,39184,germany
22363,46331,Unitaed Arab Emirates
22364,27972,United States
22365,31155,india
22366,37435,australia
22367,31848,United States
22368,37112,Unitaed Arab Emirates
22369,33074,germany
22370,42579,germany
22371,15863,Unitaed Arab Emirates
22372,20546,canada
22373,17197,australia
22374,17195,india
22375,36422,canada
22376,12951,germany
22377,45698,United Kingdom
22378,16966,india
22379,35925,United States
22380,39775,australia
22381,21909,australia
22382,33988,United Kingdom
22383,24452,United States
22384,17982,United Kingdom
22385,21649,india
22386,26628,United States
22387,38741,india
22388,11352,india
22389,37267,United Kingdom
22390,18170,australia
22391,14231,australia
22392,36461,australia
22393,27146,United Kingdom
22394,18385,Unitaed Arab Emirates
22395,13689,Unitaed Arab Emirates
22396,46784,germany
22397,31763,canada
22398,18120,canada
22399,28258,germany
22400,29784,australia
22401,46355,canada
22402,41908,australia
22403,33022,india
22404,27325,india
22405,11334,United Kingdom
22406,11948,india
22407,46058,United States
22408,16496,United Kingdom
22409,38635,United States
22410,24293,australia
22411,27369,United States
22412,20593,australia
22413,17946,United States
22414,21939,germany
22415,12089,United Kingdom
22416,42268,United States
22417,22362,Unitaed Arab Emirates
22418,43403,australia
22419,28835,canada
22420,27020,Unitaed Arab Emirates
22421,27873,germany
22422,22150,United Kingdom
22423,25563,United Kingdom
22424,45387,United States
22425,39951,United Kingdom
22426,30535,india
22427,48954,germany
22428,34489,india
22429,29436,United Kingdom
22430,20774,United Kingdom
22431,31385,United States
22432,41220,United States
22433,40476,australia
22434,30482,canada
22435,18349,Unitaed Arab Emirates
22436,16726,germany
22437,26065,canada
22438,18081,canada
22439,33352,australia
22440,48512,india
22441,13036,United States
22442,18513,United States
22443,45748,australia
22444,23415,australia
22445,16205,United States
22446,19871,germany
22447,28552,Unitaed Arab Emirates
22448,15837,australia
22449,34474,United States
22450,27569,india
22451,32275,Unitaed Arab Emirates
22452,34043,canada
22453,49667,germany
22454,44737,australia
22455,21277,germany
22456,15975,india
22457,22318,australia
22458,45939,Unitaed Arab Emirates
22459,19094,United Kingdom
22460,47680,australia
22461,19180,Unitaed Arab Emirates
22462,12142,United Kingdom
22463,20789,United Kingdom
22464,13756,australia
22465,29483,United States
22466,43809,Unitaed Arab Emirates
22467,13061,germany
22468,19224,United Kingdom
22469,43642,australia
22470,14135,United States
22471,47476,United States
22472,34633,United Kingdom
22473,32212,germany
22474,49261,United Kingdom
22475,13610,Unitaed Arab Emirates
22476,44860,United Kingdom
22477,45230,germany
22478,15425,germany
22479,24373,canada
22480,28670,australia
22481,40281,United States
22482,26050,india
22483,44250,United States
22484,31211,india
22485,10967,United States
22486,26346,germany
22487,45260,United States
22488,16431,United States
22489,31691,india
22490,16505,United Kingdom
22491,21418,australia
22492,42725,australia
22493,22377,india
22494,36434,canada
22495,13471,Unitaed Arab Emirates
22496,40638,United Kingdom
22497,17257,australia
22498,28485,United States
22499,20897,United States
22500,17213,United Kingdom
22501,14312,United Kingdom
22502,21456,United States
22503,43949,germany
22504,15728,germany
22505,31272,United States
22506,25244,Unitaed Arab Emirates
22507,22281,Unitaed Arab Emirates
22508,15167,Unitaed Arab Emirates
22509,19564,canada
22510,46384,United Kingdom
22511,29103,australia
22512,27603,india
22513,20896,germany
22514,37281,United Kingdom
22515,43412,germany
22516,14928,india
22517,34750,Unitaed Arab Emirates
22518,40640,canada
22519,23443,canada
22520,33139,Unitaed Arab Emirates
22521,49750,United Kingdom
22522,19483,United Kingdom
22523,37137,india
22524,19556,india
22525,18966,United States
22526,41716,india
22527,34875,United States
22528,41532,india
22529,32770,australia
22530,14765,Unitaed Arab Emirates
22531,39021,australia
22532,44436,germany
22533,36471,United States
22534,35212,india
22535,11203,United Kingdom
22536,47023,canada
22537,11227,United Kingdom
22538,37180,canada
22539,49714,canada
22540,36256,United States
22541,10214,australia
22542,21320,United Kingdom
22543,23875,United Kingdom
22544,44206,india
22545,13202,United Kingdom
22546,24930,canada
22547,29473,United Kingdom
22548,15607,Unitaed Arab Emirates
22549,43885,canada
22550,17993,United States
22551,42325,germany
22552,42845,germany
22553,11102,Unitaed Arab Emirates
22554,38335,australia
22555,14999,canada
22556,11409,canada
22557,18524,australia
22558,28727,Unitaed Arab Emirates
22559,35016,United States
22560,33306,australia
22561,32090,United States
22562,33672,Unitaed Arab Emirates
22563,38198,United States
22564,36818,india
22565,14248,germany
22566,13997,United States
22567,39613,Unitaed Arab Emirates
22568,25400,canada
22569,11226,australia
22570,26329,australia
22571,43732,Unitaed Arab Emirates
22572,44581,india
22573,20250,india
22574,34589,Unitaed Arab Emirates
22575,10535,india
22576,26637,Unitaed Arab Emirates
22577,29275,india
22578,38436,australia
22579,29567,germany
22580,40394,United States
22581,26836,australia
22582,21119,United Kingdom
22583,13410,india
22584,27216,United States
22585,10146,United Kingdom
22586,38306,australia
22587,24079,Unitaed Arab Emirates
22588,38023,germany
22589,21936,United States
22590,39963,canada
22591,26029,germany
22592,34278,Unitaed Arab Emirates
22593,31470,canada
22594,47453,United Kingdom
22595,10991,canada
22596,36586,australia
22597,17024,United Kingdom
22598,26527,india
22599,10783,germany
22600,46000,india
22601,24926,United Kingdom
22602,40566,germany
22603,13563,india
22604,14600,australia
22605,34417,United States
22606,46633,canada
22607,29171,india
22608,29439,germany
22609,35581,United Kingdom
22610,23980,australia
22611,45693,canada
22612,46198,germany
22613,32165,germany
22614,33311,canada
22615,43970,canada
22616,22044,United Kingdom
22617,21890,canada
22618,18244,United States
22619,48070,canada
22620,29905,india
22621,37012,germany
22622,27692,germany
22623,39799,australia
22624,32499,Unitaed Arab Emirates
22625,35870,United States
22626,44332,australia
22627,12883,United States
22628,39162,india
22629,16623,canada
22630,26708,australia
22631,14073,United States
22632,46594,australia
22633,48723,germany
22634,31911,Unitaed Arab Emirates
22635,37385,Unitaed Arab Emirates
22636,24465,United Kingdom
22637,20018,United Kingdom
22638,32965,Unitaed Arab Emirates
22639,16013,United Kingdom
22640,10871,india
22641,14702,United Kingdom
22642,26385,australia
22643,20700,india
22644,30877,United States
22645,37979,australia
22646,46834,india
22647,12171,canada
22648,22945,india
22649,43595,United States
22650,30775,United States
22651,46546,canada
22652,38339,canada
22653,18969,india
22654,31440,australia
22655,49955,india
22656,11915,india
22657,18194,United States
22658,46859,United Kingdom
22659,14540,United Kingdom
22660,24562,Unitaed Arab Emirates
22661,13411,United Kingdom
22662,20612,canada
22663,37305,United Kingdom
22664,39640,United Kingdom
22665,42714,australia
22666,34928,canada
22667,47929,canada
22668,38323,australia
22669,47716,United Kingdom
22670,37801,germany
22671,47765,Unitaed Arab Emirates
22672,45635,United States
22673,36223,canada
22674,23989,canada
22675,17466,United States
22676,21306,germany
22677,43257,australia
22678,26419,Unitaed Arab Emirates
22679,45466,United Kingdom
22680,16990,Unitaed Arab Emirates
22681,38961,germany
22682,22218,australia
22683,38778,germany
22684,44204,india
22685,46372,canada
22686,33494,canada
22687,13641,United States
22688,32881,United Kingdom
22689,39327,United Kingdom
22690,39988,United Kingdom
22691,47909,india
22692,24510,australia
22693,48897,United States
22694,22017,canada
22695,12443,germany
22696,13147,Unitaed Arab Emirates
22697,18394,United Kingdom
22698,35362,Unitaed Arab Emirates
22699,28156,United Kingdom
22700,34849,canada
22701,34323,india
22702,41309,india
22703,20212,United States
22704,39473,australia
22705,42459,australia
22706,15001,india
22707,24751,Unitaed Arab Emirates
22708,10136,canada
22709,44709,germany
22710,49692,germany
22711,35037,United States
22712,38895,United Kingdom
22713,48586,india
22714,10243,canada
22715,33813,canada
22716,15453,australia
22717,23140,canada
22718,37034,canada
22719,10008,canada
22720,29637,australia
22721,35517,india
22722,10679,Unitaed Arab Emirates
22723,49867,india
22724,24002,Unitaed Arab Emirates
22725,44862,United Kingdom
22726,17309,australia
22727,19300,United States
22728,12140,United Kingdom
22729,21692,germany
22730,15683,canada
22731,19086,United Kingdom
22732,17360,United States
22733,21871,United States
22734,43024,United States
22735,29130,canada
22736,17399,United Kingdom
22737,45581,germany
22738,41094,australia
22739,20759,germany
22740,37803,india
22741,27588,india
22742,18754,india
22743,17046,United States
22744,30412,india
22745,13043,United States
22746,19771,australia
22747,41772,germany
22748,21172,india
22749,14026,india
22750,35415,india
22751,38727,United Kingdom
22752,48217,india
22753,19102,United Kingdom
22754,15303,india
22755,23608,canada
22756,38396,canada
22757,36593,india
22758,30922,germany
22759,10759,india
22760,24859,Unitaed Arab Emirates
22761,28025,United States
22762,28209,germany
22763,10561,canada
22764,21664,United States
22765,29033,india
22766,15578,india
22767,18262,United Kingdom
22768,37492,germany
22769,40123,india
22770,32559,germany
22771,42265,india
22772,16390,australia
22773,26339,australia
22774,42819,Unitaed Arab Emirates
22775,36760,australia
22776,46124,United Kingdom
22777,30282,United States
22778,32104,india
22779,43785,United Kingdom
22780,12161,india
22781,16019,United Kingdom
22782,29425,United Kingdom
22783,22079,canada
22784,44472,United Kingdom
22785,49451,canada
22786,43927,United Kingdom
22787,28386,canada
22788,42347,United Kingdom
22789,25278,germany
22790,36122,canada
22791,26239,United Kingdom
22792,26798,United States
22793,42539,germany
22794,25061,india
22795,14034,United States
22796,43420,australia
22797,19001,United Kingdom
22798,22687,india
22799,35078,india
22800,22636,germany
22801,10221,United Kingdom
22802,17094,germany
22803,36041,canada
22804,21827,United States
22805,18161,india
22806,48831,United States
22807,17022,germany
22808,47871,canada
22809,22638,United Kingdom
22810,34257,australia
22811,33356,United Kingdom
22812,10897,germany
22813,43344,Unitaed Arab Emirates
22814,23986,germany
22815,15337,australia
22816,29466,United States
22817,33427,india
22818,33732,United Kingdom
22819,37642,australia
22820,14630,australia
22821,43840,United States
22822,25203,canada
22823,28016,United States
22824,47817,United Kingdom
22825,26865,germany
22826,21928,Unitaed Arab Emirates
22827,11857,United Kingdom
22828,49424,germany
22829,33748,australia
22830,12361,india
22831,20161,United States
22832,22532,United Kingdom
22833,36982,germany
22834,35307,india
22835,45098,Unitaed Arab Emirates
22836,11621,United States
22837,17101,United States
22838,26642,australia
22839,33216,australia
22840,49614,germany
22841,30069,Unitaed Arab Emirates
22842,32532,canada
22843,11399,germany
22844,13820,United Kingdom
22845,45327,canada
22846,37510,United States
22847,27608,United Kingdom
22848,16427,germany
22849,21514,india
22850,15246,germany
22851,24115,germany
22852,45037,canada
22853,32824,australia
22854,41450,United Kingdom
22855,45619,canada
22856,48732,germany
22857,10570,germany
22858,14964,United Kingdom
22859,39686,Unitaed Arab Emirates
22860,20233,canada
22861,34722,canada
22862,26196,australia
22863,49007,germany
22864,25565,United Kingdom
22865,13941,canada
22866,39420,india
22867,39522,United States
22868,19486,germany
22869,33086,india
22870,23420,Unitaed Arab Emirates
22871,11297,canada
22872,35128,United States
22873,19258,canada
22874,37941,Unitaed Arab Emirates
22875,23276,germany
22876,16568,india
22877,21451,United Kingdom
22878,46734,Unitaed Arab Emirates
22879,10598,Unitaed Arab Emirates
22880,31091,United States
22881,13957,australia
22882,18979,canada
22883,40133,United States
22884,29887,Unitaed Arab Emirates
22885,31876,canada
22886,15238,Unitaed Arab Emirates
22887,45272,india
22888,31950,United Kingdom
22889,36374,United States
22890,38210,Unitaed Arab Emirates
22891,49758,germany
22892,43034,United States
22893,45855,canada
22894,40409,india
22895,15560,canada
22896,38736,United States
22897,43320,india
22898,15458,australia
22899,35734,Unitaed Arab Emirates
22900,33141,United States
22901,46188,australia
22902,27773,United Kingdom
22903,21744,United Kingdom
22904,24213,Unitaed Arab Emirates
22905,25322,United Kingdom
22906,10807,india
22907,35982,United States
22908,15814,germany
22909,14852,United States
22910,16778,india
22911,40053,United Kingdom
22912,38948,india
22913,23609,canada
22914,35439,Unitaed Arab Emirates
22915,30112,canada
22916,16531,United States
22917,34888,germany
22918,41267,australia
22919,22540,Unitaed Arab Emirates
22920,23763,Unitaed Arab Emirates
22921,30115,australia
22922,38013,United Kingdom
22923,44061,United Kingdom
22924,32777,United Kingdom
22925,14691,australia
22926,26882,United Kingdom
22927,36735,india
22928,35611,United Kingdom
22929,38102,india
22930,11672,United Kingdom
22931,37797,india
22932,32664,United Kingdom
22933,34511,india
22934,18987,United Kingdom
22935,10165,United States
22936,13679,United States
22937,37304,australia
22938,41415,United Kingdom
22939,15088,india
22940,44831,United Kingdom
22941,11191,canada
22942,15554,canada
22943,34896,United States
22944,39249,india
22945,31354,United States
22946,21170,United States
22947,47562,india
22948,11429,germany
22949,24404,Unitaed Arab Emirates
22950,31352,United Kingdom
22951,43676,germany
22952,48459,canada
22953,24618,germany
22954,10630,india
22955,18142,Unitaed Arab Emirates
22956,11291,germany
22957,21401,india
22958,44935,canada
22959,11811,United States
22960,10769,United States
22961,44267,australia
22962,13308,Unitaed Arab Emirates
22963,19459,india
22964,18435,india
22965,49971,india
22966,15065,United Kingdom
22967,36175,india
22968,42644,Unitaed Arab Emirates
22969,11952,Unitaed Arab Emirates
22970,46823,australia
22971,37335,canada
22972,21161,Unitaed Arab Emirates
22973,46691,United Kingdom
22974,28179,United Kingdom
22975,33021,india
22976,18392,United States
22977,24315,germany
22978,12310,United Kingdom
22979,31342,United States
22980,43931,canada
22981,19070,United States
22982,42793,Unitaed Arab Emirates
22983,21990,australia
22984,10196,india
22985,14207,United States
22986,28062,United States
22987,20172,australia
22988,15994,United Kingdom
22989,20035,United States
22990,31974,australia
22991,39053,Unitaed Arab Emirates
22992,13218,United States
22993,40005,Unitaed Arab Emirates
22994,18147,Unitaed Arab Emirates
22995,26090,Unitaed Arab Emirates
22996,30963,United States
22997,14235,germany
22998,36062,canada
22999,21283,canada
23000,48763,Unitaed Arab Emirates
23001,33890,Unitaed Arab Emirates
23002,11636,Unitaed Arab Emirates
23003,19115,United States
23004,26204,germany
23005,32386,germany
23006,44259,germany
23007,31710,germany
23008,46542,Unitaed Arab Emirates
23009,10837,United States
23010,14308,australia
23011,48852,United Kingdom
23012,13585,germany
23013,22822,australia
23014,34799,United States
23015,36729,australia
23016,16284,canada
23017,46327,canada
23018,38375,india
23019,27831,india
23020,22466,United States
23021,44717,canada
23022,14509,canada
23023,35666,United States
23024,13960,Unitaed Arab Emirates
23025,27700,australia
23026,34625,United States
23027,47988,United Kingdom
23028,29881,canada
23029,31141,australia
23030,20492,australia
23031,23643,United Kingdom
23032,39917,canada
23033,12767,United States
23034,24610,germany
23035,37127,United Kingdom
23036,43613,United Kingdom
23037,44121,australia
23038,31724,United States
23039,47210,canada
23040,27973,australia
23041,46483,india
23042,32936,india
23043,12185,United States
23044,45206,United States
23045,31184,germany
23046,25854,canada
23047,40764,india
23048,48760,Unitaed Arab Emirates
23049,25397,india
23050,46781,canada
23051,37210,United Kingdom
23052,19817,United Kingdom
23053,21275,germany
23054,41695,Unitaed Arab Emirates
23055,29843,United States
23056,23760,india
23057,35469,india
23058,10194,germany
23059,40593,United States
23060,13890,india
23061,25056,Unitaed Arab Emirates
23062,27370,germany
23063,13238,germany
23064,35154,india
23065,18574,United States
23066,29978,germany
23067,45914,United Kingdom
23068,27032,Unitaed Arab Emirates
23069,23272,germany
23070,37164,germany
23071,34670,india
23072,41875,United Kingdom
23073,41981,australia
23074,49522,india
23075,13267,australia
23076,40895,india
23077,22422,canada
23078,27315,australia
23079,41698,australia
23080,44200,United Kingdom
23081,23783,United States
23082,36983,india
23083,36384,australia
23084,33304,United States
23085,25549,United States
23086,47115,Unitaed Arab Emirates
23087,15592,canada
23088,30242,india
23089,49107,United Kingdom
23090,38664,United Kingdom
23091,29412,United States
23092,25444,United States
23093,33781,canada
23094,34543,United Kingdom
23095,16066,Unitaed Arab Emirates
23096,48689,United States
23097,11154,india
23098,38581,australia
23099,30236,United Kingdom
23100,32919,india
23101,24396,india
23102,29249,United States
23103,33814,United States
23104,26556,Unitaed Arab Emirates
23105,18774,canada
23106,29129,Unitaed Arab Emirates
23107,27741,United Kingdom
23108,39945,United States
23109,33897,canada
23110,14825,Unitaed Arab Emirates
23111,45762,canada
23112,38913,canada
23113,24865,australia
23114,13446,australia
23115,29205,Unitaed Arab Emirates
23116,15497,canada
23117,21413,Unitaed Arab Emirates
23118,18112,germany
23119,39374,United Kingdom
23120,14722,United States
23121,22527,Unitaed Arab Emirates
23122,44417,germany
23123,29157,United States
23124,26707,United Kingdom
23125,24344,United Kingdom
23126,11813,United Kingdom
23127,41172,United States
23128,47455,australia
23129,17652,Unitaed Arab Emirates
23130,12539,germany
23131,22802,germany
23132,13335,india
23133,41697,germany
23134,16698,United Kingdom
23135,48444,United States
23136,31630,germany
23137,25849,canada
23138,12843,germany
23139,12738,Unitaed Arab Emirates
23140,22991,Unitaed Arab Emirates
23141,37043,United Kingdom
23142,17295,canada
23143,38872,australia
23144,28573,Unitaed Arab Emirates
23145,48559,australia
23146,34578,india
23147,18095,india
23148,18328,United States
23149,36672,germany
23150,25380,Unitaed Arab Emirates
23151,26433,canada
23152,23572,United Kingdom
23153,29119,australia
23154,22530,Unitaed Arab Emirates
23155,15842,india
23156,48237,United Kingdom
23157,17560,United States
23158,21518,United Kingdom
23159,12083,United Kingdom
23160,26372,Unitaed Arab Emirates
23161,19242,canada
23162,21914,canada
23163,34607,canada
23164,17235,United States
23165,38856,United States
23166,43846,Unitaed Arab Emirates
23167,49559,canada
23168,47508,australia
23169,17481,canada
23170,15880,Unitaed Arab Emirates
23171,15413,australia
23172,38550,United States
23173,17656,canada
23174,11118,United Kingdom
23175,22506,australia
23176,45742,australia
23177,44668,india
23178,22047,United Kingdom
23179,36458,United States
23180,15013,australia
23181,19200,canada
23182,35052,india
23183,38911,canada
23184,25723,Unitaed Arab Emirates
23185,30317,germany
23186,34320,United Kingdom
23187,27246,canada
23188,48267,india
23189,49757,india
23190,40188,germany
23191,33431,Unitaed Arab Emirates
23192,40038,United Kingdom
23193,14678,germany
23194,21481,United States
23195,17227,United States
23196,38284,germany
23197,22461,germany
23198,18516,canada
23199,34860,germany
23200,12042,United Kingdom
23201,33993,Unitaed Arab Emirates
23202,49150,United States
23203,44255,Unitaed Arab Emirates
23204,28153,canada
23205,33073,United Kingdom
23206,18872,United Kingdom
23207,38942,germany
23208,19974,australia
23209,30738,india
23210,44021,australia
23211,26026,germany
23212,23207,Unitaed Arab Emirates
23213,17296,australia
23214,49620,canada
23215,10860,United States
23216,31317,Unitaed Arab Emirates
23217,26864,germany
23218,35436,australia
23219,25640,United Kingdom
23220,45454,United States
23221,36413,germany
23222,47533,canada
23223,14319,United States
23224,43251,australia
23225,38796,germany
23226,39190,United Kingdom
23227,18503,United States
23228,15405,canada
23229,42493,Unitaed Arab Emirates
23230,43285,canada
23231,38287,germany
23232,49237,australia
23233,12599,United States
23234,31071,germany
23235,32311,india
23236,20747,United Kingdom
23237,26730,United Kingdom
23238,35225,germany
23239,37293,Unitaed Arab Emirates
23240,49705,United Kingdom
23241,36522,United Kingdom
23242,28218,Unitaed Arab Emirates
23243,36641,germany
23244,36812,india
23245,32727,canada
23246,25715,india
23247,17220,United Kingdom
23248,30559,australia
23249,19484,canada
23250,18380,germany
23251,28949,United Kingdom
23252,22760,Unitaed Arab Emirates
23253,41420,Unitaed Arab Emirates
23254,33192,canada
23255,13537,india
23256,33413,Unitaed Arab Emirates
23257,10628,Unitaed Arab Emirates
23258,42478,india
23259,34731,australia
23260,30692,india
23261,45612,australia
23262,41548,canada
23263,39333,canada
23264,45824,Unitaed Arab Emirates
23265,31649,germany
23266,38724,United States
23267,38358,United Kingdom
23268,23458,germany
23269,33110,canada
23270,29646,Unitaed Arab Emirates
23271,25463,germany
23272,30743,canada
23273,32441,canada
23274,40683,canada
23275,28372,United States
23276,17088,australia
23277,20376,germany
23278,47847,australia
23279,28189,United States
23280,21247,germany
23281,17470,germany
23282,40883,canada
23283,45872,United States
23284,44150,india
23285,27764,Unitaed Arab Emirates
23286,24340,germany
23287,36995,india
23288,29363,india
23289,40828,germany
23290,45977,india
23291,19697,germany
23292,45594,canada
23293,43204,germany
23294,38392,australia
23295,18107,germany
23296,24662,india
23297,27007,United Kingdom
23298,25730,canada
23299,32745,india
23300,38033,australia
23301,21465,germany
23302,25550,canada
23303,43198,canada
23304,42517,germany
23305,13922,india
23306,23841,United Kingdom
23307,11381,United States
23308,33224,Unitaed Arab Emirates
23309,40497,Unitaed Arab Emirates
23310,43494,germany
23311,16562,United States
23312,19505,australia
23313,27788,canada
23314,24525,Unitaed Arab Emirates
23315,48995,canada
23316,10813,australia
23317,19534,germany
23318,13040,australia
23319,12286,canada
23320,48617,india
23321,17253,india
23322,33600,United Kingdom
23323,49385,canada
23324,24931,australia
23325,41483,australia
23326,48554,australia
23327,37326,germany
23328,36212,United Kingdom
23329,29578,United Kingdom
23330,24721,canada
23331,24577,United Kingdom
23332,13747,germany
23333,30281,United Kingdom
23334,32480,canada
23335,28173,australia
23336,24564,germany
23337,37715,United States
23338,25691,germany
23339,48680,canada
23340,24283,australia
23341,41954,Unitaed Arab Emirates
23342,17797,United Kingdom
23343,38558,australia
23344,29246,india
23345,42171,Unitaed Arab Emirates
23346,16274,canada
23347,45785,United States
23348,34465,germany
23349,27371,germany
23350,49344,Unitaed Arab Emirates
23351,38179,Unitaed Arab Emirates
23352,39920,Unitaed Arab Emirates
23353,39283,germany
23354,42123,Unitaed Arab Emirates
23355,18964,United States
23356,39355,india
23357,27390,india
23358,33458,australia
23359,28480,Unitaed Arab Emirates
23360,22023,United Kingdom
23361,36724,Unitaed Arab Emirates
23362,37236,United States
23363,47128,Unitaed Arab Emirates
23364,12980,United States
23365,15102,United Kingdom
23366,43851,Unitaed Arab Emirates
23367,46738,australia
23368,48024,india
23369,49690,United States
23370,18159,United Kingdom
23371,35876,germany
23372,20708,australia
23373,17096,canada
23374,43317,germany
23375,44298,United States
23376,31019,Unitaed Arab Emirates
23377,32194,United States
23378,45607,United Kingdom
23379,47960,United Kingdom
23380,39185,canada
23381,32966,canada
23382,42242,Unitaed Arab Emirates
23383,12791,canada
23384,34332,Unitaed Arab Emirates
23385,16298,United Kingdom
23386,16253,Unitaed Arab Emirates
23387,32393,Unitaed Arab Emirates
23388,23629,germany
23389,43296,Unitaed Arab Emirates
23390,45214,United Kingdom
23391,39338,germany
23392,45739,canada
23393,30770,india
23394,32986,australia
23395,40675,australia
23396,34115,australia
23397,14185,germany
23398,17030,United States
23399,40859,germany
23400,46145,United Kingdom
23401,16802,australia
23402,17776,germany
23403,25932,india
23404,26177,canada
23405,22585,australia
23406,46607,United Kingdom
23407,33198,Unitaed Arab Emirates
23408,43667,United Kingdom
23409,26716,United States
23410,33747,australia
23411,22639,india
23412,24411,australia
23413,29947,United States
23414,49423,Unitaed Arab Emirates
23415,42734,United Kingdom
23416,36011,india
23417,41700,germany
23418,36933,United Kingdom
23419,29868,United States
23420,22857,canada
23421,16676,india
23422,40100,germany
23423,37695,canada
23424,46457,United States
23425,12486,United States
23426,20854,germany
23427,36250,australia
23428,16849,United Kingdom
23429,33255,india
23430,49773,india
23431,26821,United States
23432,42942,australia
23433,19698,australia
23434,29433,canada
23435,19816,canada
23436,30565,germany
23437,39800,australia
23438,20656,australia
23439,22235,germany
23440,11842,United States
23441,12870,Unitaed Arab Emirates
23442,44053,germany
23443,41147,india
23444,40338,canada
23445,28362,United Kingdom
23446,41282,United Kingdom
23447,46856,germany
23448,17486,United States
23449,20245,australia
23450,10801,United States
23451,43292,canada
23452,33332,india
23453,18420,Unitaed Arab Emirates
23454,37550,United Kingdom
23455,18129,canada
23456,27106,United States
23457,15012,United Kingdom
23458,16939,australia
23459,17808,Unitaed Arab Emirates
23460,17687,United States
23461,30729,United Kingdom
23462,45601,germany
23463,33636,United Kingdom
23464,13626,United Kingdom
23465,10239,Unitaed Arab Emirates
23466,12871,india
23467,17851,canada
23468,10038,india
23469,45549,United Kingdom
23470,27167,germany
23471,49988,canada
23472,42416,United States
23473,25656,Unitaed Arab Emirates
23474,17000,United Kingdom
23475,26112,australia
23476,42206,australia
23477,27539,United Kingdom
23478,12102,canada
23479,21972,australia
23480,13359,United Kingdom
23481,27787,United States
23482,19406,germany
23483,10244,canada
23484,40606,germany
23485,24375,germany
23486,33508,United Kingdom
23487,37856,australia
23488,25119,australia
23489,13396,germany
23490,37051,australia
23491,49405,germany
23492,38905,germany
23493,43272,canada
23494,41756,australia
23495,32709,germany
23496,25336,United States
23497,22173,United States
23498,15660,canada
23499,45357,United Kingdom
23500,14124,United States
23501,20459,United States
23502,31303,canada
23503,30951,india
23504,44473,United States
23505,34467,United States
23506,14097,canada
23507,43823,australia
23508,46104,Unitaed Arab Emirates
23509,26327,Unitaed Arab Emirates
23510,36977,germany
23511,22729,United States
23512,29852,india
23513,27564,india
23514,30904,india
23515,28974,australia
23516,32598,india
23517,47420,india
23518,47428,india
23519,19497,United Kingdom
23520,21019,canada
23521,43039,india
23522,48234,canada
23523,27913,canada
23524,23425,australia
23525,26038,india
23526,30668,germany
23527,43999,Unitaed Arab Emirates
23528,14579,australia
23529,40864,United Kingdom
23530,46274,germany
23531,22649,Unitaed Arab Emirates
23532,44537,United States
23533,33206,germany
23534,32245,germany
23535,47830,United Kingdom
23536,45932,canada
23537,45593,australia
23538,17816,canada
23539,33237,australia
23540,15695,germany
23541,13135,canada
23542,26575,United States
23543,40179,germany
23544,12087,Unitaed Arab Emirates
23545,34911,canada
23546,17673,canada
23547,44614,germany
23548,16217,australia
23549,27073,United States
23550,13125,india
23551,20271,australia
23552,24502,germany
23553,22813,United Kingdom
23554,16315,United States
23555,43917,india
23556,49447,australia
23557,30154,germany
23558,26198,United States
23559,13001,United States
23560,13169,canada
23561,25099,Unitaed Arab Emirates
23562,20099,United States
23563,22849,United Kingdom
23564,10266,United Kingdom
23565,39152,Unitaed Arab Emirates
23566,27386,india
23567,38962,australia
23568,35211,india
23569,20315,canada
23570,15486,australia
23571,49276,canada
23572,34425,germany
23573,21496,United States
23574,40976,United States
23575,33954,india
23576,32375,canada
23577,46618,canada
23578,29100,canada
23579,25517,australia
23580,42138,Unitaed Arab Emirates
23581,49941,United Kingdom
23582,16434,United Kingdom
23583,15805,australia
23584,37285,canada
23585,12799,United Kingdom
23586,15026,germany
23587,17409,United Kingdom
23588,44586,canada
23589,18466,india
23590,13620,United States
23591,25166,germany
23592,37563,india
23593,20062,United Kingdom
23594,31745,United States
23595,40621,germany
23596,35232,Unitaed Arab Emirates
23597,48379,United States
23598,38470,australia
23599,22398,United States
23600,13634,canada
23601,37344,india
23602,27897,germany
23603,26453,germany
23604,21894,canada
23605,14910,United States
23606,45238,australia
23607,30956,United States
23608,11585,australia
23609,33856,United Kingdom
23610,11299,germany
23611,19194,canada
23612,33422,canada
23613,28292,Unitaed Arab Emirates
23614,10360,United Kingdom
23615,19380,United Kingdom
23616,35243,australia
23617,29573,Unitaed Arab Emirates
23618,25473,Unitaed Arab Emirates
23619,22289,australia
23620,42914,australia
23621,22045,australia
23622,42187,canada
23623,46652,United Kingdom
23624,31557,germany
23625,44891,australia
23626,40826,United States
23627,26424,germany
23628,23385,india
23629,20287,india
23630,13835,United Kingdom
23631,23456,india
23632,43799,australia
23633,17056,australia
23634,29515,india
23635,11193,canada
23636,26935,United States
23637,39628,canada
23638,47851,australia
23639,49558,United Kingdom
23640,34754,United States
23641,40078,Unitaed Arab Emirates
23642,23777,germany
23643,20928,india
23644,41074,United Kingdom
23645,26359,australia
23646,34152,United States
23647,16927,United States
23648,13039,australia
23649,35323,germany
23650,45478,india
23651,38042,canada
23652,15977,germany
23653,43369,australia
23654,41322,United Kingdom
23655,13942,australia
23656,46832,Unitaed Arab Emirates
23657,22610,germany
23658,10192,United Kingdom
23659,43275,United Kingdom
23660,43929,canada
23661,13999,germany
23662,29924,Unitaed Arab Emirates
23663,38809,canada
23664,41598,canada
23665,23773,canada
23666,15182,canada
23667,19289,United Kingdom
23668,41101,United Kingdom
23669,12753,canada
23670,44497,australia
23671,33602,United Kingdom
23672,23967,india
23673,34113,germany
23674,10222,germany
23675,42806,australia
23676,43538,canada
23677,31971,Unitaed Arab Emirates
23678,43978,germany
23679,16401,australia
23680,43531,australia
23681,10351,Unitaed Arab Emirates
23682,18467,United Kingdom
23683,46323,United States
23684,39139,india
23685,14470,australia
23686,39769,United Kingdom
23687,44494,canada
23688,47013,Unitaed Arab Emirates
23689,45931,australia
23690,16795,australia
23691,14809,Unitaed Arab Emirates
23692,26994,Unitaed Arab Emirates
23693,15008,germany
23694,49642,india
23695,35884,germany
23696,29634,canada
23697,32279,United Kingdom
23698,48611,United Kingdom
23699,13363,germany
23700,38380,United Kingdom
23701,32443,United States
23702,10467,United Kingdom
23703,27070,australia
23704,36297,Unitaed Arab Emirates
23705,42080,Unitaed Arab Emirates
23706,18445,Unitaed Arab Emirates
23707,39517,canada
23708,10026,germany
23709,41025,canada
23710,27997,germany
23711,45514,germany
23712,18887,United States
23713,25353,United States
23714,16612,United States
23715,28139,Unitaed Arab Emirates
23716,28969,Unitaed Arab Emirates
23717,32380,canada
23718,40777,india
23719,40741,United States
23720,40127,australia
23721,10268,india
23722,29040,india
23723,32426,india
23724,38471,United States
23725,28725,australia
23726,12430,United Kingdom
23727,41251,germany
23728,37013,United Kingdom
23729,28178,germany
23730,10831,canada
23731,49716,canada
23732,30041,United Kingdom
23733,33131,australia
23734,36309,germany
23735,34550,United States
23736,43490,canada
23737,36768,germany
23738,25279,United States
23739,49951,United States
23740,48691,australia
23741,13824,United States
23742,12431,canada
23743,14271,United States
23744,16654,canada
23745,25511,Unitaed Arab Emirates
23746,43160,Unitaed Arab Emirates
23747,37769,australia
23748,22165,australia
23749,36258,india
23750,22791,canada
23751,31228,canada
23752,17142,india
23753,33741,germany
23754,31377,United States
23755,16146,canada
23756,27285,United Kingdom
23757,11356,United States
23758,44131,Unitaed Arab Emirates
23759,39499,germany
23760,37038,United Kingdom
23761,36844,india
23762,25036,Unitaed Arab Emirates
23763,23351,germany
23764,33680,Unitaed Arab Emirates
23765,19735,canada
23766,26808,india
23767,29680,australia
23768,19729,United Kingdom
23769,21579,australia
23770,27584,canada
23771,45563,canada
23772,44733,Unitaed Arab Emirates
23773,48401,australia
23774,43436,canada
23775,17068,United States
23776,14466,United States
23777,49172,germany
23778,25419,germany
23779,15129,United Kingdom
23780,43571,germany
23781,30582,germany
23782,49755,canada
23783,33312,germany
23784,43268,United States
23785,35963,United Kingdom
23786,38583,australia
23787,23435,Unitaed Arab Emirates
23788,45780,United States
23789,44392,United States
23790,18123,Unitaed Arab Emirates
23791,10957,canada
23792,38164,germany
23793,29415,canada
23794,30812,United States
23795,47488,germany
23796,29610,india
23797,10909,india
23798,28344,canada
23799,37914,Unitaed Arab Emirates
23800,27769,india
23801,24820,Unitaed Arab Emirates
23802,27199,australia
23803,34026,germany
23804,18602,canada
23805,39822,india
23806,45268,india
23807,46922,Unitaed Arab Emirates
23808,16102,india
23809,37103,canada
23810,18860,australia
23811,21780,germany
23812,29314,United Kingdom
23813,48442,United States
23814,36177,canada
23815,29726,Unitaed Arab Emirates
23816,39476,australia
23817,16632,australia
23818,29922,United Kingdom
23819,49487,United Kingdom
23820,33880,australia
23821,29848,australia
23822,35778,United States
23823,33076,australia
23824,14924,australia
23825,28475,germany
23826,44444,germany
23827,33908,Unitaed Arab Emirates
23828,21352,australia
23829,14455,United Kingdom
23830,47878,germany
23831,47530,germany
23832,28375,United Kingdom
23833,42302,germany
23834,11950,United Kingdom
23835,11732,United States
23836,43398,canada
23837,45851,india
23838,24972,United States
23839,16280,United Kingdom
23840,36294,Unitaed Arab Emirates
23841,32317,australia
23842,18104,United States
23843,31598,United Kingdom
23844,16532,canada
23845,33676,United Kingdom
23846,41952,india
23847,19721,canada
23848,13929,United Kingdom
23849,13175,United Kingdom
23850,46099,United Kingdom
23851,35681,United States
23852,11858,Unitaed Arab Emirates
23853,34015,australia
23854,31051,india
23855,33468,canada
23856,41663,canada
23857,19327,australia
23858,21276,United Kingdom
23859,17926,United States
23860,30811,Unitaed Arab Emirates
23861,14932,United States
23862,12145,United States
23863,42801,canada
23864,35678,india
23865,37601,canada
23866,33134,australia
23867,28012,germany
23868,46387,United States
23869,10531,United States
23870,19858,United Kingdom
23871,31890,Unitaed Arab Emirates
23872,18597,india
23873,35105,Unitaed Arab Emirates
23874,31833,india
23875,14843,Unitaed Arab Emirates
23876,26017,Unitaed Arab Emirates
23877,22583,United Kingdom
23878,45452,canada
23879,49849,United States
23880,38799,australia
23881,14895,Unitaed Arab Emirates
23882,19819,United States
23883,29136,australia
23884,40612,australia
23885,40377,United Kingdom
23886,26231,germany
23887,28840,United Kingdom
23888,35140,australia
23889,19608,germany
23890,46635,United Kingdom
23891,30388,germany
23892,21176,United Kingdom
23893,10369,United States
23894,21840,australia
23895,24897,Unitaed Arab Emirates
23896,26357,United States
23897,41212,germany
23898,46141,United Kingdom
23899,31968,india
23900,28639,australia
23901,17660,germany
23902,43339,australia
23903,43118,United Kingdom
23904,42441,canada
23905,49154,United States
23906,15923,United States
23907,35588,india
23908,24929,australia
23909,44521,india
23910,27579,germany
23911,30896,india
23912,42545,india
23913,18833,india
23914,47162,australia
23915,28759,germany
23916,17034,germany
23917,41887,australia
23918,30016,canada
23919,18928,australia
23920,32700,india
23921,10088,india
23922,19807,United States
23923,36195,australia
23924,11005,canada
23925,39480,United Kingdom
23926,25551,canada
23927,35494,australia
23928,11483,Unitaed Arab Emirates
23929,10955,United States
23930,32024,canada
23931,24168,United States
23932,28907,germany
23933,22385,United States
23934,44406,Unitaed Arab Emirates
23935,34591,germany
23936,45078,Unitaed Arab Emirates
23937,36746,germany
23938,15465,United States
23939,47792,india
23940,36629,australia
23941,36341,United States
23942,48764,germany
23943,16343,Unitaed Arab Emirates
23944,23446,germany
23945,34732,canada
23946,48210,india
23947,22902,canada
23948,37340,United States
23949,30458,germany
23950,14122,india
23951,30308,Unitaed Arab Emirates
23952,41292,United States
23953,34851,germany
23954,34626,australia
23955,27754,germany
23956,22231,canada
23957,21267,United Kingdom
23958,14488,germany
23959,42329,germany
23960,23036,germany
23961,19941,australia
23962,24012,india
23963,47101,germany
23964,23424,india
23965,24774,australia
23966,35737,United States
23967,31875,United Kingdom
23968,42199,germany
23969,41515,australia
23970,10091,canada
23971,46498,australia
23972,17310,canada
23973,14067,australia
23974,31478,United Kingdom
23975,20057,United Kingdom
23976,39604,United States
23977,35238,Unitaed Arab Emirates
23978,32231,United States
23979,36499,United Kingdom
23980,39706,canada
23981,20295,india
23982,47644,canada
23983,30934,Unitaed Arab Emirates
23984,44201,Unitaed Arab Emirates
23985,17838,United States
23986,18797,germany
23987,38353,Unitaed Arab Emirates
23988,20917,india
23989,24711,Unitaed Arab Emirates
23990,10859,United Kingdom
23991,47763,Unitaed Arab Emirates
23992,32262,australia
23993,36870,germany
23994,12901,United States
23995,42012,Unitaed Arab Emirates
23996,25323,india
23997,12913,germany
23998,38608,australia
23999,29940,Unitaed Arab Emirates
24000,13216,india
24001,10564,germany
24002,22508,United States
24003,46574,australia
24004,26290,australia
24005,12226,United States
24006,28592,United Kingdom
24007,40233,germany
24008,11690,United Kingdom
24009,33346,Unitaed Arab Emirates
24010,48521,germany
24011,13259,United States
24012,47165,canada
24013,47003,canada
24014,39418,australia
24015,10371,australia
24016,31929,United Kingdom
24017,44435,Unitaed Arab Emirates
24018,27720,United Kingdom
24019,22953,United Kingdom
24020,37720,india
24021,44143,canada
24022,26771,United States
24023,26303,canada
24024,13368,United States
24025,48582,india
24026,32107,United States
24027,46487,australia
24028,26862,australia
24029,44690,United States
24030,46361,Unitaed Arab Emirates
24031,36703,india
24032,30249,United Kingdom
24033,26661,United States
24034,20751,germany
24035,44361,germany
24036,16475,Unitaed Arab Emirates
24037,17860,United Kingdom
24038,25741,United States
24039,23931,india
24040,15259,india
24041,43725,United States
24042,22806,United States
24043,12459,india
24044,17323,Unitaed Arab Emirates
24045,42779,Unitaed Arab Emirates
24046,14267,United States
24047,46366,australia
24048,29829,Unitaed Arab Emirates
24049,47174,india
24050,43886,United Kingdom
24051,26271,germany
24052,17618,australia
24053,39924,india
24054,18856,india
24055,12225,United Kingdom
24056,28377,canada
24057,26644,germany
24058,27669,Unitaed Arab Emirates
24059,11253,india
24060,48588,germany
24061,41082,canada
24062,37183,United Kingdom
24063,11751,india
24064,49723,United Kingdom
24065,23309,United States
24066,49525,United Kingdom
24067,39325,United States
24068,45826,india
24069,16881,Unitaed Arab Emirates
24070,34346,germany
24071,26876,United Kingdom
24072,21107,Unitaed Arab Emirates
24073,16800,australia
24074,27229,india
24075,30390,Unitaed Arab Emirates
24076,14916,United Kingdom
24077,49240,australia
24078,39958,United Kingdom
24079,34947,india
24080,10496,United States
24081,49246,india
24082,16877,Unitaed Arab Emirates
24083,11431,india
24084,33734,germany
24085,34056,United States
24086,33827,Unitaed Arab Emirates
24087,47170,germany
24088,43201,United Kingdom
24089,48721,canada
24090,26123,United Kingdom
24091,33388,Unitaed Arab Emirates
24092,49394,india
24093,32138,germany
24094,20990,germany
24095,14778,United Kingdom
24096,24641,United Kingdom
24097,30782,United Kingdom
24098,21817,india
24099,10147,United Kingdom
24100,41694,australia
24101,15679,australia
24102,18181,United Kingdom
24103,35776,germany
24104,39760,Unitaed Arab Emirates
24105,17831,australia
24106,10507,australia
24107,16271,canada
24108,46259,United Kingdom
24109,10823,australia
24110,49455,canada
24111,13127,australia
24112,17640,canada
24113,19344,United States
24114,49792,United States
24115,26186,United States
24116,32517,United States
24117,42543,United Kingdom
24118,48909,india
24119,22757,Unitaed Arab Emirates
24120,41301,Unitaed Arab Emirates
24121,36048,Unitaed Arab Emirates
24122,21652,germany
24123,10881,australia
24124,27434,canada
24125,23002,germany
24126,31689,australia
24127,46530,United States
24128,46089,United States
24129,46804,Unitaed Arab Emirates
24130,32282,india
24131,34764,canada
24132,39144,india
24133,43040,india
24134,27332,india
24135,41270,canada
24136,19050,india
24137,24799,australia
24138,38480,australia
24139,42208,United Kingdom
24140,46793,Unitaed Arab Emirates
24141,21689,Unitaed Arab Emirates
24142,45081,Unitaed Arab Emirates
24143,42010,Unitaed Arab Emirates
24144,23257,india
24145,20207,canada
24146,21913,canada
24147,19638,germany
24148,32874,Unitaed Arab Emirates
24149,30004,United Kingdom
24150,13277,United Kingdom
24151,45289,Unitaed Arab Emirates
24152,11905,australia
24153,22344,india
24154,18219,United Kingdom
24155,16375,india
24156,41880,United Kingdom
24157,17952,germany
24158,23910,germany
24159,20954,Unitaed Arab Emirates
24160,36766,germany
24161,49280,australia
24162,25787,United Kingdom
24163,17110,canada
24164,37795,Unitaed Arab Emirates
24165,31376,United States
24166,34927,United States
24167,16264,United Kingdom
24168,10373,canada
24169,49252,india
24170,17720,United Kingdom
24171,48259,australia
24172,39494,Unitaed Arab Emirates
24173,35631,Unitaed Arab Emirates
24174,49685,india
24175,36235,australia
24176,39046,United States
24177,17724,United States
24178,46879,india
24179,23596,Unitaed Arab Emirates
24180,21753,india
24181,21714,United States
24182,45610,germany
24183,30974,United States
24184,48346,india
24185,49188,United Kingdom
24186,21482,australia
24187,13700,australia
24188,30240,Unitaed Arab Emirates
24189,32430,United Kingdom
24190,25830,Unitaed Arab Emirates
24191,42361,germany
24192,48789,Unitaed Arab Emirates
24193,48546,germany
24194,39214,australia
24195,46724,india
24196,24087,india
24197,32773,United Kingdom
24198,48319,germany
24199,32652,United Kingdom
24200,30952,india
24201,49515,germany
24202,35338,canada
24203,27842,United States
24204,49761,germany
24205,39666,Unitaed Arab Emirates
24206,29926,india
24207,19234,Unitaed Arab Emirates
24208,37268,United Kingdom
24209,38792,australia
24210,27542,Unitaed Arab Emirates
24211,40059,australia
24212,16688,australia
24213,29589,United States
24214,41353,canada
24215,46608,india
24216,37816,Unitaed Arab Emirates
24217,13342,australia
24218,12388,india
24219,32103,United States
24220,47432,Unitaed Arab Emirates
24221,10536,Unitaed Arab Emirates
24222,15575,canada
24223,14578,canada
24224,35377,canada
24225,49674,United Kingdom
24226,27009,United States
24227,29186,Unitaed Arab Emirates
24228,11211,United States
24229,33800,Unitaed Arab Emirates
24230,28755,india
24231,32076,canada
24232,11120,Unitaed Arab Emirates
24233,15217,Unitaed Arab Emirates
24234,20516,United States
24235,49878,india
24236,32157,United Kingdom
24237,39098,australia
24238,39233,germany
24239,41198,United States
24240,24910,india
24241,19799,germany
24242,20377,Unitaed Arab Emirates
24243,30759,United Kingdom
24244,38848,australia
24245,35321,canada
24246,16685,Unitaed Arab Emirates
24247,14108,Unitaed Arab Emirates
24248,41980,Unitaed Arab Emirates
24249,23868,germany
24250,43135,india
24251,30652,Unitaed Arab Emirates
24252,44010,india
24253,43005,india
24254,29344,australia
24255,16154,australia
24256,37024,germany
24257,13811,canada
24258,49342,germany
24259,25917,germany
24260,43429,india
24261,22658,india
24262,10024,australia
24263,11017,United States
24264,21244,United Kingdom
24265,42604,United States
24266,43684,australia
24267,45957,germany
24268,40364,canada
24269,16300,Unitaed Arab Emirates
24270,18490,india
24271,42086,australia
24272,22988,United Kingdom
24273,20642,United Kingdom
24274,24791,australia
24275,30443,australia
24276,42559,australia
24277,48804,germany
24278,36080,germany
24279,26163,india
24280,11040,germany
24281,19276,United Kingdom
24282,11029,australia
24283,17512,canada
24284,22820,india
24285,11771,australia
24286,36462,United Kingdom
24287,42680,germany
24288,38873,United Kingdom
24289,14276,canada
24290,31733,United States
24291,19999,canada
24292,20398,Unitaed Arab Emirates
24293,49263,canada
24294,10873,United Kingdom
24295,29407,United States
24296,15676,canada
24297,15039,germany
24298,13586,india
24299,33032,United States
24300,31380,Unitaed Arab Emirates
24301,28516,United Kingdom
24302,12068,australia
24303,42353,germany
24304,43928,United Kingdom
24305,39931,australia
24306,13233,United Kingdom
24307,17725,United States
24308,17269,germany
24309,12725,germany
24310,42217,canada
24311,31641,india
24312,30800,United States
24313,18627,india
24314,16909,United Kingdom
24315,27365,germany
24316,15724,germany
24317,38178,germany
24318,27745,Unitaed Arab Emirates
24319,48935,Unitaed Arab Emirates
24320,14363,canada
24321,34815,india
24322,26500,india
24323,25139,Unitaed Arab Emirates
24324,44807,Unitaed Arab Emirates
24325,49952,canada
24326,14586,germany
24327,12192,australia
24328,28117,Unitaed Arab Emirates
24329,25935,india
24330,26344,india
24331,44147,United Kingdom
24332,44530,Unitaed Arab Emirates
24333,25523,Unitaed Arab Emirates
24334,11639,canada
24335,20809,canada
24336,28455,canada
24337,46423,india
24338,29582,canada
24339,15293,canada
24340,23374,canada
24341,39847,Unitaed Arab Emirates
24342,24163,United Kingdom
24343,26030,United States
24344,33277,india
24345,48698,Unitaed Arab Emirates
24346,41934,United Kingdom
24347,27088,United Kingdom
24348,22339,germany
24349,25144,australia
24350,19722,india
24351,29234,india
24352,23719,United Kingdom
24353,12845,india
24354,47242,canada
24355,16348,germany
24356,14453,australia
24357,12990,india
24358,34349,canada
24359,18925,canada
24360,40862,germany
24361,46450,australia
24362,19595,canada
24363,18023,india
24364,41787,germany
24365,33859,United States
24366,44480,United Kingdom
24367,45433,india
24368,10540,india
24369,43159,germany
24370,40003,australia
24371,43105,germany
24372,37047,Unitaed Arab Emirates
24373,24561,Unitaed Arab Emirates
24374,16867,canada
24375,42727,United States
24376,12885,Unitaed Arab Emirates
24377,32191,australia
24378,28167,Unitaed Arab Emirates
24379,19570,australia
24380,31128,canada
24381,32506,australia
24382,33120,india
24383,14951,Unitaed Arab Emirates
24384,23826,india
24385,32418,United Kingdom
24386,26775,United States
24387,25607,germany
24388,49016,canada
24389,34785,india
24390,29595,india
24391,47782,canada
24392,12923,australia
24393,27026,Unitaed Arab Emirates
24394,20153,Unitaed Arab Emirates
24395,19940,australia
24396,13412,germany
24397,42920,germany
24398,24108,germany
24399,38909,Unitaed Arab Emirates
24400,17688,United States
24401,45311,india
24402,33370,germany
24403,40817,india
24404,28811,australia
24405,46252,canada
24406,49602,australia
24407,49371,canada
24408,37437,canada
24409,16414,Unitaed Arab Emirates
24410,15526,germany
24411,11260,United Kingdom
24412,35880,india
24413,34544,United States
24414,31644,Unitaed Arab Emirates
24415,11077,india
24416,19754,india
24417,26554,United Kingdom
24418,39381,United Kingdom
24419,37194,india
24420,48124,india
24421,44458,United Kingdom
24422,46928,germany
24423,40531,Unitaed Arab Emirates
24424,25681,india
24425,45051,canada
24426,13468,Unitaed Arab Emirates
24427,23359,germany
24428,22845,United Kingdom
24429,11800,australia
24430,21776,United States
24431,11756,United Kingdom
24432,19334,Unitaed Arab Emirates
24433,10061,india
24434,19212,germany
24435,47710,United Kingdom
24436,20713,australia
24437,33804,australia
24438,39632,australia
24439,46079,United States
24440,18883,australia
24441,49836,United Kingdom
24442,29140,canada
24443,32118,australia
24444,30719,germany
24445,19927,United States
24446,10670,Unitaed Arab Emirates
24447,13274,United States
24448,27604,United States
24449,46842,germany
24450,27076,india
24451,27195,india
24452,17780,United States
24453,48812,United Kingdom
24454,38953,United States
24455,46571,canada
24456,37493,United Kingdom
24457,27654,Unitaed Arab Emirates
24458,29645,canada
24459,22145,india
24460,46260,United Kingdom
24461,40710,australia
24462,21794,india
24463,30914,india
24464,36894,canada
24465,28620,india
24466,32068,australia
24467,41431,australia
24468,11099,india
24469,37074,United Kingdom
24470,42096,germany
24471,14562,australia
24472,39060,United States
24473,20610,australia
24474,19287,United Kingdom
24475,28200,canada
24476,44829,United States
24477,10563,germany
24478,45096,australia
24479,25578,india
24480,22546,United States
24481,44159,india
24482,41490,United States
24483,22478,Unitaed Arab Emirates
24484,29041,United States
24485,22823,Unitaed Arab Emirates
24486,34889,australia
24487,44466,United Kingdom
24488,18164,germany
24489,16648,germany
24490,27313,canada
24491,33066,canada
24492,19870,canada
24493,24600,germany
24494,36013,germany
24495,12467,United States
24496,14863,india
24497,16547,United States
24498,46048,canada
24499,22956,United States
24500,44898,india
24501,16857,United Kingdom
24502,43951,india
24503,32970,Unitaed Arab Emirates
24504,36605,Unitaed Arab Emirates
24505,33318,United States
24506,32159,germany
24507,20783,United States
24508,30033,Unitaed Arab Emirates
24509,33241,australia
24510,47857,germany
24511,43187,india
24512,25364,australia
24513,24647,india
24514,39211,india
24515,10902,india
24516,17226,canada
24517,25165,india
24518,44777,germany
24519,41589,canada
24520,27957,canada
24521,18400,canada
24522,24734,United States
24523,16752,australia
24524,47215,United Kingdom
24525,21292,United States
24526,15135,Unitaed Arab Emirates
24527,28360,Unitaed Arab Emirates
24528,28252,Unitaed Arab Emirates
24529,44833,australia
24530,33248,australia
24531,45346,canada
24532,31573,india
24533,33505,australia
24534,27664,australia
24535,48144,United Kingdom
24536,19184,Unitaed Arab Emirates
24537,45809,india
24538,16130,india
24539,18821,germany
24540,28240,United Kingdom
24541,30684,australia
24542,31856,australia
24543,21188,United Kingdom
24544,35931,india
24545,31119,United Kingdom
24546,12114,india
24547,39829,Unitaed Arab Emirates
24548,27625,Unitaed Arab Emirates
24549,20450,india
24550,19185,United States
24551,36946,United Kingdom
24552,35551,canada
24553,17620,canada
24554,42770,canada
24555,11267,United Kingdom
24556,12474,United Kingdom
24557,22117,india
24558,39992,india
24559,27347,canada
24560,21385,canada
24561,23039,canada
24562,11217,india
24563,10525,india
24564,31961,germany
24565,29803,United Kingdom
24566,46591,germany
24567,49289,india
24568,18225,canada
24569,13799,india
24570,15252,Unitaed Arab Emirates
24571,47930,United Kingdom
24572,14199,United States
24573,23328,germany
24574,32464,United States
24575,37306,canada
24576,38241,United Kingdom
24577,15313,United Kingdom
24578,18260,australia
24579,20536,india
24580,36673,Unitaed Arab Emirates
24581,17325,canada
24582,38377,india
24583,37472,india
24584,43379,canada
24585,40314,United States
24586,24668,United Kingdom
24587,23799,Unitaed Arab Emirates
24588,22928,australia
24589,30091,australia
24590,13360,australia
24591,11577,germany
24592,46201,Unitaed Arab Emirates
24593,42050,india
24594,45192,australia
24595,42666,United States
24596,26917,canada
24597,31527,United States
24598,46640,United States
24599,44273,australia
24600,19533,Unitaed Arab Emirates
24601,44712,australia
24602,11602,australia
24603,28937,india
24604,44093,india
24605,15606,United Kingdom
24606,25347,germany
24607,20054,germany
24608,22056,germany
24609,43454,india
24610,18929,United States
24611,45681,United States
24612,27156,australia
24613,34811,india
24614,17546,Unitaed Arab Emirates
24615,43457,canada
24616,17955,germany
24617,35349,australia
24618,38675,United States
24619,15986,United Kingdom
24620,45355,india
24621,31883,india
24622,30512,germany
24623,20096,canada
24624,12060,Unitaed Arab Emirates
24625,29709,germany
24626,37911,United Kingdom
24627,34735,United Kingdom
24628,27290,canada
24629,29170,india
24630,14428,United Kingdom
24631,11573,Unitaed Arab Emirates
24632,21248,Unitaed Arab Emirates
24633,20343,australia
24634,44109,United States
24635,27414,australia
24636,15564,Unitaed Arab Emirates
24637,15028,United Kingdom
24638,18781,United Kingdom
24639,29094,Unitaed Arab Emirates
24640,31881,canada
24641,18378,Unitaed Arab Emirates
24642,37843,Unitaed Arab Emirates
24643,17880,australia
24644,16258,Unitaed Arab Emirates
24645,35738,india
24646,47942,canada
24647,10312,Unitaed Arab Emirates
24648,42750,germany
24649,17208,australia
24650,32516,germany
24651,40098,india
24652,37048,australia
24653,34407,australia
24654,27993,Unitaed Arab Emirates
24655,25824,United States
24656,16376,Unitaed Arab Emirates
24657,16178,australia
24658,41436,india
24659,26124,india
24660,13696,australia
24661,27099,australia
24662,45733,Unitaed Arab Emirates
24663,33334,germany
24664,31253,germany
24665,35949,United States
24666,16204,australia
24667,45119,United States
24668,21297,Unitaed Arab Emirates
24669,18834,australia
24670,33615,canada
24671,25302,United States
24672,41620,india
24673,49279,United Kingdom
24674,10590,United Kingdom
24675,40088,Unitaed Arab Emirates
24676,35259,United Kingdom
24677,20901,United Kingdom
24678,26317,australia
24679,49345,United States
24680,28457,australia
24681,25335,india
24682,12378,india
24683,47610,india
24684,48638,india
24685,37023,australia
24686,34144,india
24687,33162,Unitaed Arab Emirates
24688,39167,Unitaed Arab Emirates
24689,27025,Unitaed Arab Emirates
24690,14793,United Kingdom
24691,45614,india
24692,29838,United States
24693,11018,United Kingdom
24694,13492,Unitaed Arab Emirates
24695,20325,australia
24696,39331,australia
24697,12958,germany
24698,20448,australia
24699,21326,germany
24700,26058,United States
24701,48904,United States
24702,42930,canada
24703,36474,germany
24704,35743,germany
24705,30879,canada
24706,40559,germany
24707,18549,germany
24708,27062,United States
24709,26829,germany
24710,34629,United States
24711,46750,india
24712,27155,canada
24713,37370,canada
24714,21712,Unitaed Arab Emirates
24715,15580,Unitaed Arab Emirates
24716,47192,United Kingdom
24717,43550,australia
24718,24920,india
24719,43751,canada
24720,19973,canada
24721,27097,United Kingdom
24722,45946,germany
24723,45938,United States
24724,37312,australia
24725,47029,Unitaed Arab Emirates
24726,31495,australia
24727,48359,australia
24728,37232,Unitaed Arab Emirates
24729,46540,United States
24730,45472,canada
24731,42536,germany
24732,13198,australia
24733,16134,United States
24734,47290,germany
24735,31904,germany
24736,16564,United States
24737,13662,Unitaed Arab Emirates
24738,12329,australia
24739,29357,United States
24740,17589,india
24741,13707,australia
24742,30380,Unitaed Arab Emirates
24743,24392,Unitaed Arab Emirates
24744,31933,canada
24745,43576,United States
24746,16233,india
24747,10169,australia
24748,39861,india
24749,21450,germany
24750,33815,United Kingdom
24751,45124,canada
24752,24070,india
24753,11994,australia
24754,18639,Unitaed Arab Emirates
24755,37738,india
24756,43219,australia
24757,13864,Unitaed Arab Emirates
24758,35750,Unitaed Arab Emirates
24759,29495,australia
24760,45363,india
24761,41996,australia
24762,18087,australia
24763,13948,germany
24764,43349,canada
24765,40713,germany
24766,28785,Unitaed Arab Emirates
24767,22920,Unitaed Arab Emirates
24768,49075,india
24769,20342,Unitaed Arab Emirates
24770,49979,canada
24771,23093,germany
24772,28166,germany
24773,23342,australia
24774,20748,australia
24775,31866,canada
24776,20143,germany
24777,37403,australia
24778,22008,india
24779,43693,canada
24780,47620,United Kingdom
24781,15840,canada
24782,44873,germany
24783,12219,Unitaed Arab Emirates
24784,40992,United States
24785,31333,india
24786,36923,india
24787,49832,germany
24788,11961,germany
24789,31288,United States
24790,14990,Unitaed Arab Emirates
24791,13025,india
24792,39611,india
24793,27812,germany
24794,30776,canada
24795,11947,United States
24796,45704,United Kingdom
24797,29090,United Kingdom
24798,16570,india
24799,49764,australia
24800,49807,india
24801,36924,australia
24802,14134,canada
24803,18782,Unitaed Arab Emirates
24804,13223,canada
24805,39547,Unitaed Arab Emirates
24806,48552,germany
24807,46721,australia
24808,12611,United States
24809,40981,germany
24810,34277,canada
24811,11653,australia
24812,44236,australia
24813,47150,canada
24814,21844,canada
24815,46801,United States
24816,40091,Unitaed Arab Emirates
24817,39514,United Kingdom
24818,48112,canada
24819,46278,germany
24820,43826,australia
24821,20266,Unitaed Arab Emirates
24822,31124,canada
24823,18934,United Kingdom
24824,41323,india
24825,22200,United Kingdom
24826,45343,australia
24827,45444,Unitaed Arab Emirates
24828,38861,United Kingdom
24829,16587,india
24830,11408,india
24831,33239,india
24832,48637,United States
24833,16807,canada
24834,45085,germany
24835,28090,United States
24836,20387,india
24837,44011,United States
24838,33368,germany
24839,18126,United Kingdom
24840,17273,canada
24841,49389,United States
24842,30303,india
24843,12608,australia
24844,19540,germany
24845,33906,United States
24846,39786,canada
24847,28717,United States
24848,23454,germany
24849,39395,germany
24850,25451,india
24851,20278,United States
24852,43864,Unitaed Arab Emirates
24853,17029,United Kingdom
24854,14117,india
24855,29745,canada
24856,21706,australia
24857,20210,india
24858,14149,australia
24859,13653,United Kingdom
24860,19076,canada
24861,49986,United States
24862,16430,canada
24863,47513,United Kingdom
24864,46435,germany
24865,38914,canada
24866,48178,australia
24867,36464,india
24868,23278,United States
24869,33835,australia
24870,44469,United States
24871,30203,india
24872,14690,United States
24873,30164,canada
24874,41831,australia
24875,42116,australia
24876,29065,india
24877,21529,india
24878,31193,canada
24879,13958,United States
24880,42572,india
24881,29207,australia
24882,12667,Unitaed Arab Emirates
24883,39449,Unitaed Arab Emirates
24884,29027,canada
24885,40099,germany
24886,23914,australia
24887,38937,United States
24888,11010,india
24889,18189,germany
24890,17541,canada
24891,30678,canada
24892,27150,australia
24893,11100,United States
24894,13497,United States
24895,27856,United Kingdom
24896,22667,United States
24897,42934,germany
24898,14552,australia
24899,27242,canada
24900,29692,canada
24901,32514,United States
24902,19642,canada
24903,45727,United Kingdom
24904,42111,india
24905,13362,Unitaed Arab Emirates
24906,15480,Unitaed Arab Emirates
24907,42631,germany
24908,16671,india
24909,46913,Unitaed Arab Emirates
24910,21038,germany
24911,29632,india
24912,24983,United States
24913,15967,india
24914,44251,United States
24915,49791,United Kingdom
24916,23500,australia
24917,31459,australia
24918,11775,United States
24919,20758,canada
24920,41462,canada
24921,19091,australia
24922,31742,Unitaed Arab Emirates
24923,32682,Unitaed Arab Emirates
24924,36056,india
24925,17616,United States
24926,16759,United Kingdom
24927,39534,canada
24928,24166,Unitaed Arab Emirates
24929,14783,india
24930,46383,United States
24931,24268,india
24932,11620,australia
24933,38585,australia
24934,10504,Unitaed Arab Emirates
24935,18086,canada
24936,47511,United States
24937,33607,australia
24938,19965,canada
24939,18247,United Kingdom
24940,30254,germany
24941,12536,australia
24942,38068,india
24943,44865,australia
24944,23644,germany
24945,19510,United States
24946,33358,canada
24947,32582,canada
24948,28799,india
24949,15292,india
24950,35992,australia
24951,48296,canada
24952,24237,United Kingdom
24953,17686,india
24954,45640,india
24955,30197,Unitaed Arab Emirates
24956,37071,United States
24957,37241,canada
24958,31373,india
24959,40916,india
24960,11798,germany
24961,32186,United Kingdom
24962,41505,india
24963,47810,australia
24964,37684,United Kingdom
24965,47835,United States
24966,40087,Unitaed Arab Emirates
24967,30221,United States
24968,33144,United Kingdom
24969,33794,canada
24970,35541,australia
24971,12011,United States
24972,35136,Unitaed Arab Emirates
24973,22122,United Kingdom
24974,11477,australia
24975,13886,United States
24976,39089,United Kingdom
24977,11288,india
24978,24228,United Kingdom
24979,21371,germany
24980,37460,United Kingdom
24981,48716,canada
24982,30935,australia
24983,27572,canada
24984,15160,india
24985,29590,germany
24986,32560,Unitaed Arab Emirates
24987,18871,australia
24988,14595,United States
24989,46289,india
24990,27684,United States
24991,20932,canada
24992,41122,United States
24993,49914,india
24994,40067,india
24995,40923,india
24996,26136,United States
24997,11515,United States
24998,29169,germany
24999,32025,United Kingdom
25000,11676,canada
25001,27052,United Kingdom
25002,48566,germany
25003,12778,australia
25004,32822,germany
25005,39359,australia
25006,20822,australia
25007,41192,india
25008,27223,United Kingdom
25009,39482,canada
25010,42314,canada
25011,21806,india
25012,47304,canada
25013,41098,United States
25014,49585,canada
25015,24386,germany
25016,19051,canada
25017,42110,United Kingdom
25018,34794,australia
25019,36942,india
25020,37042,Unitaed Arab Emirates
25021,30533,canada
25022,26702,canada
25023,14525,Unitaed Arab Emirates
25024,37000,United Kingdom
25025,49402,United States
25026,28133,india
25027,39929,australia
25028,12059,United States
25029,24885,United Kingdom
25030,26364,australia
25031,34212,india
25032,38054,United Kingdom
25033,21179,australia
25034,32741,india
25035,35620,United States
25036,42603,United Kingdom
25037,10444,india
25038,14815,australia
25039,41383,United Kingdom
25040,16660,australia
25041,41007,United Kingdom
25042,31532,United States
25043,14228,canada
25044,21436,canada
25045,34209,germany
25046,15379,australia
25047,29312,australia
25048,49777,Unitaed Arab Emirates
25049,30695,canada
25050,17662,United Kingdom
25051,30044,india
25052,38782,Unitaed Arab Emirates
25053,18308,Unitaed Arab Emirates
25054,21512,australia
25055,44194,germany
25056,42931,germany
25057,39846,Unitaed Arab Emirates
25058,45576,Unitaed Arab Emirates
25059,28545,United Kingdom
25060,35547,United Kingdom
25061,27157,Unitaed Arab Emirates
25062,26130,germany
25063,19781,canada
25064,30096,germany
25065,19228,United States
25066,21330,Unitaed Arab Emirates
25067,30381,germany
25068,48507,germany
25069,33157,india
25070,48485,United States
25071,39349,Unitaed Arab Emirates
25072,48119,United States
25073,13380,United States
25074,20771,india
25075,37455,United Kingdom
25076,12045,canada
25077,43605,canada
25078,43675,germany
25079,47503,United States
25080,18815,germany
25081,38620,india
25082,36308,United States
25083,27804,canada
25084,33644,germany
25085,39001,Unitaed Arab Emirates
25086,48355,india
25087,40772,Unitaed Arab Emirates
25088,31616,Unitaed Arab Emirates
25089,38454,United States
25090,47628,United Kingdom
25091,10010,United States
25092,30635,germany
25093,30531,australia
25094,31682,Unitaed Arab Emirates
25095,25264,india
25096,34586,Unitaed Arab Emirates
25097,27883,india
25098,23672,india
25099,31200,australia
25100,29250,india
25101,31297,germany
25102,26247,Unitaed Arab Emirates
25103,34065,United States
25104,30149,canada
25105,10340,canada
25106,49778,canada
25107,45495,canada
25108,33156,canada
25109,31888,australia
25110,21930,india
25111,12268,United States
25112,35455,Unitaed Arab Emirates
25113,32959,United Kingdom
25114,20955,Unitaed Arab Emirates
25115,35445,United Kingdom
25116,20772,india
25117,35176,United States
25118,43900,Unitaed Arab Emirates
25119,13771,Unitaed Arab Emirates
25120,47515,germany
25121,19977,australia
25122,34426,Unitaed Arab Emirates
25123,15395,india
25124,21089,United Kingdom
25125,16472,australia
25126,11729,canada
25127,29489,india
25128,26768,United States
25129,15686,germany
25130,38129,india
25131,48201,australia
25132,40195,germany
25133,21366,canada
25134,47939,australia
25135,29404,australia
25136,23281,United Kingdom
25137,48635,Unitaed Arab Emirates
25138,34946,United Kingdom
25139,20291,australia
25140,23091,canada
25141,42835,india
25142,11793,canada
25143,49736,australia
25144,42094,india
25145,21384,australia
25146,38162,United Kingdom
25147,24097,United Kingdom
25148,26971,germany
25149,43674,india
25150,30997,Unitaed Arab Emirates
25151,28085,Unitaed Arab Emirates
25152,35825,canada
25153,22693,australia
25154,19936,Unitaed Arab Emirates
25155,23917,United States
25156,37378,germany
25157,39802,india
25158,23167,canada
25159,17167,australia
25160,22125,United Kingdom
25161,26361,india
25162,13348,United Kingdom
25163,48594,United States
25164,26961,Unitaed Arab Emirates
25165,16560,india
25166,40196,germany
25167,23106,United Kingdom
25168,46464,canada
25169,48398,United Kingdom
25170,40142,United States
25171,41284,United States
25172,48850,canada
25173,47639,australia
25174,47708,United Kingdom
25175,24494,United Kingdom
25176,33948,United States
25177,13189,Unitaed Arab Emirates
25178,39056,Unitaed Arab Emirates
25179,29587,germany
25180,32093,australia
25181,43650,United Kingdom
25182,22042,germany
25183,12779,United States
25184,14494,germany
25185,24401,canada
25186,27836,canada
25187,27760,canada
25188,26766,United Kingdom
25189,22787,Unitaed Arab Emirates
25190,11435,United States
25191,49592,germany
25192,31873,canada
25193,36381,Unitaed Arab Emirates
25194,48961,canada
25195,13596,germany
25196,15315,india
25197,28647,germany
25198,31795,United Kingdom
25199,33063,United Kingdom
25200,10607,United Kingdom
25201,27801,germany
25202,22691,United States
25203,42523,canada
25204,25807,india
25205,47904,United Kingdom
25206,15666,germany
25207,18615,germany
25208,11917,india
25209,45525,United States
25210,37561,canada
25211,35416,india
25212,31018,australia
25213,28018,Unitaed Arab Emirates
25214,32649,United States
25215,16863,canada
25216,34344,United States
25217,43560,australia
25218,47120,United Kingdom
25219,23486,United Kingdom
25220,45144,india
25221,43345,United States
25222,32945,australia
25223,31277,Unitaed Arab Emirates
25224,48519,canada
25225,47638,canada
25226,42071,canada
25227,30665,australia
25228,49207,canada
25229,21819,australia
25230,37481,United States
25231,46011,canada
25232,34260,canada
25233,13905,United States
25234,19078,australia
25235,28804,germany
25236,20724,United States
25237,36897,australia
25238,41087,canada
25239,18017,United States
25240,23009,United States
25241,11142,Unitaed Arab Emirates
25242,16293,canada
25243,10311,germany
25244,21713,canada
25245,18186,australia
25246,49754,india
25247,27043,United States
25248,30180,germany
25249,11625,germany
25250,29688,india
25251,48171,canada
25252,49689,australia
25253,37799,Unitaed Arab Emirates
25254,17238,germany
25255,18101,australia
25256,37595,australia
25257,27782,australia
25258,28228,germany
25259,46545,australia
25260,41861,Unitaed Arab Emirates
25261,45256,germany
25262,48754,United States
25263,18673,india
25264,49573,Unitaed Arab Emirates
25265,49506,germany
25266,21725,germany
25267,25912,United Kingdom
25268,15682,germany
25269,48800,germany
25270,44877,United Kingdom
25271,32534,australia
25272,24274,United States
25273,48255,canada
25274,41167,Unitaed Arab Emirates
25275,14653,india
25276,48736,United Kingdom
25277,29891,germany
25278,23122,germany
25279,25751,Unitaed Arab Emirates
25280,45332,United Kingdom
25281,40793,canada
25282,36769,canada
25283,14558,germany
25284,41844,india
25285,39509,United Kingdom
25286,29132,United Kingdom
25287,41610,Unitaed Arab Emirates
25288,36424,Unitaed Arab Emirates
25289,41451,germany
25290,39407,germany
25291,21077,australia
25292,42528,United Kingdom
25293,15376,canada
25294,18337,india
25295,45850,Unitaed Arab Emirates
25296,45419,australia
25297,49691,australia
25298,22141,Unitaed Arab Emirates
25299,27661,United States
25300,40505,canada
25301,21685,canada
25302,19967,canada
25303,37888,australia
25304,45174,Unitaed Arab Emirates
25305,16823,germany
25306,36336,india
25307,26750,canada
25308,20924,germany
25309,43437,United Kingdom
25310,12833,Unitaed Arab Emirates
25311,11670,germany
25312,15508,germany
25313,23298,canada
25314,40313,australia
25315,10793,australia
25316,46063,australia
25317,42216,germany
25318,45508,germany
25319,46482,australia
25320,19620,australia
25321,19703,india
25322,23428,United States
25323,17961,australia
25324,19666,australia
25325,37984,United States
25326,34865,United Kingdom
25327,41370,Unitaed Arab Emirates
25328,49140,canada
25329,36913,United Kingdom
25330,21637,United Kingdom
25331,39895,germany
25332,18037,india
25333,12789,germany
25334,39109,Unitaed Arab Emirates
25335,39213,germany
25336,46137,india
25337,36508,canada
25338,42884,india
25339,27368,india
25340,35361,United Kingdom
25341,15442,United States
25342,11832,india
25343,40754,Unitaed Arab Emirates
25344,44956,United Kingdom
25345,38877,germany
25346,37207,Unitaed Arab Emirates
25347,23876,Unitaed Arab Emirates
25348,24415,Unitaed Arab Emirates
25349,12240,canada
25350,21622,United States
25351,49085,australia
25352,23338,germany
25353,14013,india
25354,31017,germany
25355,24740,Unitaed Arab Emirates
25356,34343,australia
25357,43714,Unitaed Arab Emirates
25358,20367,germany
25359,29364,United Kingdom
25360,33702,germany
25361,36451,United States
25362,14887,United States
25363,14249,australia
25364,47536,United States
25365,15860,Unitaed Arab Emirates
25366,17376,canada
25367,46172,germany
25368,47433,United Kingdom
25369,16725,United States
25370,27790,canada
25371,48629,Unitaed Arab Emirates
25372,46296,Unitaed Arab Emirates
25373,49367,canada
25374,44909,germany
25375,46230,india
25376,11252,australia
25377,11520,canada
25378,22011,germany
25379,49103,india
25380,24381,Unitaed Arab Emirates
25381,26845,australia
25382,36501,australia
25383,16972,australia
25384,33503,canada
25385,38627,india
25386,19672,canada
25387,47149,germany
25388,23649,Unitaed Arab Emirates
25389,30623,india
25390,13632,germany
25391,25883,canada
25392,47383,australia
25393,41494,australia
25394,33809,germany
25395,23508,United States
25396,31047,United Kingdom
25397,12245,United Kingdom
25398,37099,Unitaed Arab Emirates
25399,42469,canada
25400,36992,australia
25401,32213,United Kingdom
25402,33152,india
25403,19865,United States
25404,21468,United States
25405,33722,United Kingdom
25406,21144,germany
25407,39168,United Kingdom
25408,22243,india
25409,20602,india
25410,33401,germany
25411,18389,germany
25412,11368,United Kingdom
25413,35491,australia
25414,17118,United Kingdom
25415,13721,australia
25416,11469,india
25417,16436,United States
25418,43090,United Kingdom
25419,29635,australia
25420,35329,United States
25421,35116,United States
25422,16429,india
25423,12063,germany
25424,17349,india
25425,36296,australia
25426,10624,United States
25427,32309,india
25428,33913,india
25429,30183,United Kingdom
25430,13173,United Kingdom
25431,14063,United States
25432,32888,australia
25433,40543,Unitaed Arab Emirates
25434,34160,india
25435,23692,United Kingdom
25436,44008,United Kingdom
25437,44591,canada
25438,48967,australia
25439,21331,australia
25440,36091,Unitaed Arab Emirates
25441,36213,india
25442,49610,india
25443,38511,germany
25444,14664,germany
25445,12896,United States
25446,36363,india
25447,46504,australia
25448,21937,australia
25449,44892,canada
25450,42695,canada
25451,17991,Unitaed Arab Emirates
25452,29413,australia
25453,37366,Unitaed Arab Emirates
25454,46577,india
25455,46587,canada
25456,34318,germany
25457,29586,Unitaed Arab Emirates
25458,18731,australia
25459,11364,United Kingdom
25460,29295,australia
25461,45225,australia
25462,27283,germany
25463,17043,australia
25464,29822,United Kingdom
25465,23796,australia
25466,40449,United Kingdom
25467,25743,germany
25468,31717,Unitaed Arab Emirates
25469,30191,Unitaed Arab Emirates
25470,47571,germany
25471,24258,india
25472,24896,india
25473,11269,canada
25474,38744,india
25475,27038,india
25476,41375,canada
25477,14056,australia
25478,37343,germany
25479,23438,germany
25480,29633,australia
25481,43907,germany
25482,47723,Unitaed Arab Emirates
25483,17835,canada
25484,19375,germany
25485,29975,australia
25486,46959,germany
25487,12220,australia
25488,32467,Unitaed Arab Emirates
25489,15970,United Kingdom
25490,13168,United Kingdom
25491,21022,india
25492,12390,United States
25493,43229,United States
25494,28764,canada
25495,23287,United Kingdom
25496,12316,germany
25497,40529,india
25498,35951,india
25499,32641,india
25500,49040,Unitaed Arab Emirates
25501,31231,india
25502,48615,United States
25503,25159,canada
25504,47416,germany
25505,43838,india
25506,15070,india
25507,39983,Unitaed Arab Emirates
25508,43052,United Kingdom
25509,37632,Unitaed Arab Emirates
25510,46515,United States
25511,48829,Unitaed Arab Emirates
25512,46630,australia
25513,17152,canada
25514,37264,india
25515,12895,canada
25516,41848,australia
25517,27092,United States
25518,43962,Unitaed Arab Emirates
25519,41271,germany
25520,23839,United States
25521,33919,australia
25522,49916,United States
25523,31855,United States
25524,26160,Unitaed Arab Emirates
25525,18884,canada
25526,38613,United Kingdom
25527,49739,australia
25528,11129,india
25529,39561,india
25530,43868,United Kingdom
25531,49805,germany
25532,20289,Unitaed Arab Emirates
25533,10347,canada
25534,23940,United States
25535,20331,Unitaed Arab Emirates
25536,45473,india
25537,25543,germany
25538,48498,germany
25539,30214,india
25540,31287,United Kingdom
25541,38286,United States
25542,41750,india
25543,13621,United States
25544,22252,australia
25545,28029,Unitaed Arab Emirates
25546,21211,canada
25547,31516,india
25548,25377,australia
25549,29674,india
25550,17537,United Kingdom
25551,11655,Unitaed Arab Emirates
25552,24614,United Kingdom
25553,36090,india
25554,36138,United Kingdom
25555,28534,australia
25556,34899,germany
25557,48712,Unitaed Arab Emirates
25558,16658,australia
25559,16836,india
25560,42073,australia
25561,19604,canada
25562,38409,australia
25563,20635,United States
25564,12644,United States
25565,10151,canada
25566,16878,United Kingdom
25567,18020,germany
25568,48482,United States
25569,29197,canada
25570,29931,Unitaed Arab Emirates
25571,28031,United Kingdom
25572,29765,Unitaed Arab Emirates
25573,18150,germany
25574,45904,canada
25575,36674,germany
25576,18005,germany
25577,40756,india
25578,16588,United States
25579,27080,United Kingdom
25580,10172,australia
25581,21189,india
25582,20524,canada
25583,31227,india
25584,15031,United States
25585,21193,canada
25586,30161,United Kingdom
25587,20591,United Kingdom
25588,47995,australia
25589,42322,Unitaed Arab Emirates
25590,15034,australia
25591,10101,australia
25592,41717,canada
25593,41534,United States
25594,46133,india
25595,19367,canada
25596,44142,Unitaed Arab Emirates
25597,44589,United States
25598,19273,United Kingdom
25599,21758,Unitaed Arab Emirates
25600,20661,australia
25601,16764,Unitaed Arab Emirates
25602,34402,india
25603,15289,canada
25604,16682,australia
25605,34956,india
25606,28572,australia
25607,47198,Unitaed Arab Emirates
25608,26261,Unitaed Arab Emirates
25609,16173,india
25610,11583,germany
25611,14246,canada
25612,13003,germany
25613,12931,germany
25614,24445,Unitaed Arab Emirates
25615,22259,Unitaed Arab Emirates
25616,49247,United States
25617,30868,United States
25618,46740,india
25619,14136,canada
25620,44863,United States
25621,27826,Unitaed Arab Emirates
25622,44917,canada
25623,32503,india
25624,46130,canada
25625,12076,Unitaed Arab Emirates
25626,34357,United States
25627,25190,United States
25628,16533,india
25629,49448,india
25630,27036,Unitaed Arab Emirates
25631,33690,canada
25632,19019,canada
25633,44923,Unitaed Arab Emirates
25634,38711,canada
25635,31452,canada
25636,35896,india
25637,12322,canada
25638,17196,canada
25639,49442,germany
25640,17706,india
25641,35501,australia
25642,24068,United Kingdom
25643,10315,canada
25644,17841,United States
25645,45868,germany
25646,29799,United Kingdom
25647,14254,canada
25648,30615,india
25649,20361,United Kingdom
25650,47181,australia
25651,46875,germany
25652,46537,india
25653,14168,australia
25654,25688,United States
25655,49968,india
25656,17436,canada
25657,16891,australia
25658,47517,canada
25659,46917,germany
25660,49337,United Kingdom
25661,19041,United States
25662,14387,germany
25663,24990,india
25664,47374,germany
25665,33921,United States
25666,49631,canada
25667,26827,United States
25668,43035,australia
25669,48097,india
25670,11076,germany
25671,47348,canada
25672,12468,United Kingdom
25673,17663,india
25674,44191,india
25675,49106,United States
25676,47341,canada
25677,45760,canada
25678,35269,United States
25679,47102,australia
25680,47203,canada
25681,37845,india
25682,38121,india
25683,10454,United Kingdom
25684,35419,india
25685,44064,canada
25686,22357,germany
25687,43800,United Kingdom
25688,15353,australia
25689,20335,germany
25690,42253,United Kingdom
25691,16150,australia
25692,18384,australia
25693,44071,Unitaed Arab Emirates
25694,29434,Unitaed Arab Emirates
25695,42676,germany
25696,24441,india
25697,37261,United Kingdom
25698,31775,india
25699,10254,United States
25700,21386,United Kingdom
25701,45648,Unitaed Arab Emirates
25702,36283,germany
25703,40175,United Kingdom
25704,31034,United Kingdom
25705,41237,Unitaed Arab Emirates
25706,45035,canada
25707,31147,india
25708,12309,germany
25709,30950,canada
25710,44060,United States
25711,38900,australia
25712,33853,canada
25713,46626,United Kingdom
25714,24405,canada
25715,45578,australia
25716,25094,Unitaed Arab Emirates
25717,16444,Unitaed Arab Emirates
25718,42186,Unitaed Arab Emirates
25719,29629,United Kingdom
25720,20244,United States
25721,39256,United States
25722,47075,United Kingdom
25723,18638,germany
25724,10122,United Kingdom
25725,30858,australia
25726,15771,india
25727,25252,india
25728,16649,germany
25729,33190,Unitaed Arab Emirates
25730,25022,United Kingdom
25731,32782,United Kingdom
25732,23515,United Kingdom
25733,31666,india
25734,27783,Unitaed Arab Emirates
25735,24388,United Kingdom
25736,29672,australia
25737,34163,United States
25738,47999,United Kingdom
25739,31719,United States
25740,22009,india
25741,46915,United States
25742,37781,United Kingdom
25743,33867,australia
25744,21268,germany
25745,19676,Unitaed Arab Emirates
25746,42844,Unitaed Arab Emirates
25747,15981,canada
25748,48350,germany
25749,34934,canada
25750,26165,canada
25751,29488,United Kingdom
25752,36698,india
25753,17538,Unitaed Arab Emirates
25754,31907,germany
25755,12176,canada
25756,25805,United Kingdom
25757,35216,india
25758,38896,canada
25759,10387,United Kingdom
25760,29710,United States
25761,44089,germany
25762,32116,United States
25763,16509,india
25764,43113,germany
25765,11715,india
25766,31076,canada
25767,11159,Unitaed Arab Emirates
25768,18786,United States
25769,18313,germany
25770,42159,Unitaed Arab Emirates
25771,10219,india
25772,22606,Unitaed Arab Emirates
25773,37912,australia
25774,22562,canada
25775,47415,australia
25776,38854,canada
25777,43209,United States
25778,48686,United States
25779,38637,australia
25780,30152,india
25781,20318,australia
25782,31688,United Kingdom
25783,28076,canada
25784,13543,United States
25785,12376,india
25786,10398,australia
25787,15433,United States
25788,28650,germany
25789,20538,canada
25790,37612,germany
25791,11026,australia
25792,34220,United Kingdom
25793,14966,canada
25794,12035,india
25795,10652,United States
25796,41584,United States
25797,26323,Unitaed Arab Emirates
25798,23439,australia
25799,48240,United Kingdom
25800,21431,australia
25801,34109,germany
25802,45840,canada
25803,14544,australia
25804,34546,Unitaed Arab Emirates
25805,14849,australia
25806,19354,germany
25807,43541,canada
25808,19201,United Kingdom
25809,34657,india
25810,10672,australia
25811,30497,Unitaed Arab Emirates
25812,22286,germany
25813,34835,germany
25814,17743,United States
25815,39159,United Kingdom
25816,19336,australia
25817,29206,Unitaed Arab Emirates
25818,27808,canada
25819,22688,canada
25820,49579,United States
25821,27279,United Kingdom
25822,30594,United States
25823,35817,australia
25824,34612,United Kingdom
25825,36948,United States
25826,36160,india
25827,20138,india
25828,45413,india
25829,21237,germany
25830,18428,australia
25831,18650,india
25832,23289,canada
25833,46945,australia
25834,36523,United States
25835,13413,United States
25836,36611,germany
25837,21409,United Kingdom
25838,17055,Unitaed Arab Emirates
25839,41043,canada
25840,44270,germany
25841,33033,Unitaed Arab Emirates
25842,48131,australia
25843,19407,United Kingdom
25844,33244,australia
25845,42274,United States
25846,18842,germany
25847,28497,india
25848,19599,germany
25849,39726,canada
25850,49417,india
25851,45797,Unitaed Arab Emirates
25852,48151,canada
25853,45814,india
25854,34521,canada
25855,35754,india
25856,41141,germany
25857,46304,Unitaed Arab Emirates
25858,46287,Unitaed Arab Emirates
25859,21887,australia
25860,38422,United Kingdom
25861,14543,india
25862,20857,germany
25863,44059,germany
25864,45374,United Kingdom
25865,11579,Unitaed Arab Emirates
25866,41215,germany
25867,22205,germany
25868,10965,Unitaed Arab Emirates
25869,12614,india
25870,12121,australia
25871,48423,United Kingdom
25872,47486,canada
25873,40959,australia
25874,41873,United Kingdom
25875,14401,canada
25876,11220,australia
25877,21598,United Kingdom
25878,46001,australia
25879,26332,United Kingdom
25880,18374,india
25881,21679,Unitaed Arab Emirates
25882,25362,australia
25883,37402,germany
25884,49087,australia
25885,19369,germany
25886,19579,Unitaed Arab Emirates
25887,23367,Unitaed Arab Emirates
25888,40358,United Kingdom
25889,40289,india
25890,24522,Unitaed Arab Emirates
25891,37823,germany
25892,34098,india
25893,13514,canada
25894,30328,india
25895,20028,germany
25896,48893,india
25897,17281,australia
25898,27952,australia
25899,17332,india
25900,30727,canada
25901,28403,germany
25902,40121,United Kingdom
25903,26508,Unitaed Arab Emirates
25904,20768,australia
25905,21412,india
25906,16459,United States
25907,40669,canada
25908,48062,United Kingdom
25909,17075,germany
25910,46377,Unitaed Arab Emirates
25911,45653,india
25912,17318,germany
25913,46436,United States
25914,25916,india
25915,37096,australia
25916,48579,Unitaed Arab Emirates
25917,32968,india
25918,47331,United Kingdom
25919,34691,india
25920,30538,United Kingdom
25921,44548,australia
25922,36173,india
25923,14909,germany
25924,12342,australia
25925,21823,United Kingdom
25926,39504,india
25927,24181,United Kingdom
25928,10137,canada
25929,42017,australia
25930,28760,Unitaed Arab Emirates
25931,28467,germany
25932,32935,Unitaed Arab Emirates
25933,30268,canada
25934,26451,United States
25935,29230,germany
25936,32910,canada
25937,25357,australia
25938,13272,canada
25939,22836,australia
25940,31520,germany
25941,13629,Unitaed Arab Emirates
25942,46541,australia
25943,32524,canada
25944,19045,canada
25945,23694,United Kingdom
25946,29355,canada
25947,25000,United States
25948,10800,United States
25949,39492,india
25950,16545,australia
25951,29092,india
25952,42664,United States
25953,45874,australia
25954,19363,United Kingdom
25955,39662,india
25956,33927,india
25957,16948,india
25958,10203,Unitaed Arab Emirates
25959,43325,canada
25960,24028,United Kingdom
25961,46470,australia
25962,24308,Unitaed Arab Emirates
25963,45403,canada
25964,30023,Unitaed Arab Emirates
25965,41974,United Kingdom
25966,39170,india
25967,13031,canada
25968,23824,canada
25969,11640,australia
25970,11808,Unitaed Arab Emirates
25971,21947,United States
25972,40283,australia
25973,18665,United Kingdom
25974,30960,Unitaed Arab Emirates
25975,21950,United States
25976,47641,australia
25977,27021,india
25978,49473,United Kingdom
25979,48464,australia
25980,22310,canada
25981,49675,australia
25982,10701,Unitaed Arab Emirates
25983,29455,United States
25984,18918,canada
25985,12624,canada
25986,18141,Unitaed Arab Emirates
25987,27273,Unitaed Arab Emirates
25988,30255,Unitaed Arab Emirates
25989,37916,canada
25990,28093,australia
25991,30624,india
25992,20149,australia
25993,19415,australia
25994,37399,United States
25995,36934,United Kingdom
25996,16968,india
25997,47399,india
25998,11295,United Kingdom
25999,40807,india
26000,16554,canada
26001,38304,australia
26002,27884,canada
26003,22940,Unitaed Arab Emirates
26004,42011,canada
26005,48953,United States
26006,38237,Unitaed Arab Emirates
26007,26560,germany
26008,39241,germany
26009,17426,canada
26010,49459,germany
26011,17093,germany
26012,32470,Unitaed Arab Emirates
26013,39365,australia
26014,40272,United States
26015,28601,germany
26016,38234,canada
26017,42219,canada
26018,12333,germany
26019,13094,canada
26020,35179,india
26021,38317,canada
26022,35757,United Kingdom
26023,45395,australia
26024,11742,canada
26025,47389,canada
26026,45108,United States
26027,40970,australia
26028,40474,india
26029,39450,United States
26030,14256,United States
26031,32402,india
26032,26153,canada
26033,17603,canada
26034,23148,Unitaed Arab Emirates
26035,18433,Unitaed Arab Emirates
26036,28803,india
26037,42757,canada
26038,35902,Unitaed Arab Emirates
26039,13270,canada
26040,21580,australia
26041,22018,australia
26042,36509,United States
26043,36116,germany
26044,11505,United Kingdom
26045,40114,United States
26046,49730,United Kingdom
26047,20686,india
26048,29165,United States
26049,48042,australia
26050,24195,india
26051,14423,india
26052,44874,australia
26053,20187,Unitaed Arab Emirates
26054,14477,canada
26055,47608,india
26056,22213,United Kingdom
26057,27630,australia
26058,23661,germany
26059,13300,australia
26060,10852,Unitaed Arab Emirates
26061,38887,australia
26062,11607,Unitaed Arab Emirates
26063,18854,canada
26064,44504,United States
26065,39497,canada
26066,16942,Unitaed Arab Emirates
26067,31614,australia
26068,24305,germany
26069,48725,germany
26070,26736,australia
26071,19756,United Kingdom
26072,10372,United States
26073,34194,india
26074,17475,germany
26075,10562,Unitaed Arab Emirates
26076,44997,germany
26077,17394,United States
26078,21977,germany
26079,22874,germany
26080,11633,germany
26081,24947,canada
26082,21160,canada
26083,22668,United States
26084,32094,United Kingdom
26085,12598,Unitaed Arab Emirates
26086,13306,Unitaed Arab Emirates
26087,31077,canada
26088,44525,United Kingdom
26089,45068,india
26090,10158,United States
26091,24296,australia
26092,28269,canada
26093,17722,germany
26094,31962,Unitaed Arab Emirates
26095,37771,United States
26096,33253,Unitaed Arab Emirates
26097,19404,canada
26098,11175,United States
26099,33545,canada
26100,36855,germany
26101,43190,canada
26102,17343,Unitaed Arab Emirates
26103,32670,canada
26104,32276,canada
26105,33591,germany
26106,23350,india
26107,18866,canada
26108,35803,germany
26109,14452,Unitaed Arab Emirates
26110,19651,australia
26111,33338,australia
26112,19409,germany
26113,46506,United States
26114,19403,germany
26115,30688,United Kingdom
26116,38451,canada
26117,27225,Unitaed Arab Emirates
26118,40568,germany
26119,42269,United Kingdom
26120,13763,United Kingdom
26121,32328,Unitaed Arab Emirates
26122,31152,india
26123,45264,germany
26124,32009,india
26125,47016,United States
26126,45314,india
26127,28853,canada
26128,46432,United States
26129,47740,United Kingdom
26130,17827,United States
26131,29247,germany
26132,39028,india
26133,30730,canada
26134,26096,United Kingdom
26135,36922,canada
26136,23012,Unitaed Arab Emirates
26137,35549,india
26138,47425,india
26139,23000,United States
26140,34872,india
26141,11512,Unitaed Arab Emirates
26142,38303,United States
26143,25287,india
26144,35156,United States
26145,43805,United Kingdom
26146,11603,germany
26147,47796,india
26148,31578,india
26149,32482,canada
26150,39538,canada
26151,21790,canada
26152,19002,canada
26153,10230,United States
26154,37110,germany
26155,31456,United Kingdom
26156,20660,australia
26157,36577,germany
26158,21675,india
26159,20669,australia
26160,20098,australia
26161,13284,germany
26162,34708,United Kingdom
26163,17333,United Kingdom
26164,41659,United Kingdom
26165,44875,australia
26166,16616,australia
26167,31956,United Kingdom
26168,13861,india
26169,42259,australia
26170,40515,australia
26171,38185,Unitaed Arab Emirates
26172,14069,australia
26173,33258,australia
26174,47435,canada
26175,31986,United Kingdom
26176,23302,canada
26177,38302,india
26178,12720,canada
26179,16776,india
26180,18711,Unitaed Arab Emirates
26181,38735,canada
26182,19884,india
26183,12631,United Kingdom
26184,34590,United Kingdom
26185,15558,United States
26186,14011,germany
26187,18605,United Kingdom
26188,28023,canada
26189,23325,Unitaed Arab Emirates
26190,17853,canada
26191,25598,germany
26192,30215,United Kingdom
26193,27030,australia
26194,26710,india
26195,39733,canada
26196,47438,australia
26197,22282,Unitaed Arab Emirates
26198,23687,india
26199,27316,United Kingdom
26200,43199,Unitaed Arab Emirates
26201,35947,Unitaed Arab Emirates
26202,46150,germany
26203,15158,germany
26204,27249,canada
26205,28575,australia
26206,30064,Unitaed Arab Emirates
26207,28207,germany
26208,18388,india
26209,26407,United States
26210,14886,india
26211,28439,canada
26212,38153,United Kingdom
26213,18857,Unitaed Arab Emirates
26214,34083,canada
26215,23790,india
26216,37857,india
26217,39625,Unitaed Arab Emirates
26218,36637,australia
26219,27494,australia
26220,43262,germany
26221,25081,india
26222,49017,canada
26223,45261,United Kingdom
26224,43021,United States
26225,26259,canada
26226,27961,canada
26227,49966,germany
26228,13772,india
26229,18261,india
26230,45114,Unitaed Arab Emirates
26231,27637,United States
26232,25622,canada
26233,24989,canada
26234,11736,Unitaed Arab Emirates
26235,36295,canada
26236,41061,india
26237,44625,canada
26238,18907,United States
26239,33550,australia
26240,17732,United Kingdom
26241,48525,canada
26242,43151,india
26243,27302,United States
26244,34061,india
26245,15002,australia
26246,28141,germany
26247,43619,Unitaed Arab Emirates
26248,25469,canada
26249,17441,canada
26250,38155,india
26251,11668,United States
26252,22959,germany
26253,37230,australia
26254,16989,canada
26255,39187,Unitaed Arab Emirates
26256,20483,canada
26257,22833,Unitaed Arab Emirates
26258,22446,australia
26259,36076,United States
26260,44636,United States
26261,21195,canada
26262,30940,australia
26263,36303,Unitaed Arab Emirates
26264,39405,United States
26265,10781,United Kingdom
26266,41921,United States
26267,37044,canada
26268,27672,canada
26269,32010,Unitaed Arab Emirates
26270,33608,Unitaed Arab Emirates
26271,25014,australia
26272,49897,canada
26273,26331,canada
26274,12307,australia
26275,39944,canada
26276,48391,United Kingdom
26277,13720,Unitaed Arab Emirates
26278,10053,australia
26279,13521,United Kingdom
26280,40554,india
26281,35294,india
26282,12277,australia
26283,41602,United States
26284,31752,United Kingdom
26285,15268,canada
26286,14811,australia
26287,24652,canada
26288,21030,Unitaed Arab Emirates
26289,36298,india
26290,45017,Unitaed Arab Emirates
26291,45036,United Kingdom
26292,21996,germany
26293,41707,canada
26294,45469,Unitaed Arab Emirates
26295,26879,canada
26296,12952,canada
26297,20429,germany
26298,18441,canada
26299,32353,Unitaed Arab Emirates
26300,37283,United Kingdom
26301,30277,United Kingdom
26302,26423,germany
26303,10629,germany
26304,30657,Unitaed Arab Emirates
26305,28144,india
26306,30996,germany
26307,21759,United Kingdom
26308,22085,United States
26309,11168,United States
26310,43783,Unitaed Arab Emirates
26311,10484,United States
26312,35718,india
26313,19405,australia
26314,41654,canada
26315,44598,india
26316,19853,Unitaed Arab Emirates
26317,44902,germany
26318,14876,United States
26319,47421,Unitaed Arab Emirates
26320,36099,germany
26321,35789,United States
26322,19783,germany
26323,11152,india
26324,18323,Unitaed Arab Emirates
26325,48372,United Kingdom
26326,15115,United States
26327,20290,india
26328,25180,canada
26329,25356,United States
26330,14352,germany
26331,39194,india
26332,27206,Unitaed Arab Emirates
26333,35192,germany
26334,42710,australia
26335,40592,Unitaed Arab Emirates
26336,30982,canada
26337,21497,United States
26338,34951,canada
26339,35399,australia
26340,33725,canada
26341,48061,United Kingdom
26342,16967,United States
26343,13943,germany
26344,14902,germany
26345,24210,United States
26346,10380,germany
26347,16141,United Kingdom
26348,15446,germany
26349,44349,germany
26350,43894,germany
26351,18269,United Kingdom
26352,48326,australia
26353,42018,india
26354,24249,United States
26355,45772,india
26356,28279,australia
26357,16613,Unitaed Arab Emirates
26358,26596,United Kingdom
26359,21113,india
26360,13108,canada
26361,23955,canada
26362,37068,Unitaed Arab Emirates
26363,22206,canada
26364,45344,germany
26365,35546,germany
26366,37886,germany
26367,37212,Unitaed Arab Emirates
26368,22999,australia
26369,16318,canada
26370,23810,germany
26371,12351,germany
26372,16063,germany
26373,13540,United States
26374,21707,United States
26375,36237,Unitaed Arab Emirates
26376,26703,United Kingdom
26377,24904,United States
26378,47722,United States
26379,37036,United States
26380,28982,india
26381,31559,Unitaed Arab Emirates
26382,44762,germany
26383,19689,germany
26384,45856,india
26385,12850,australia
26386,49374,germany
26387,14385,germany
26388,17900,canada
26389,34331,United States
26390,10513,United States
26391,46996,Unitaed Arab Emirates
26392,45744,australia
26393,36267,canada
26394,17783,germany
26395,26552,germany
26396,35392,india
26397,16652,germany
26398,29851,germany
26399,45796,United Kingdom
26400,44882,germany
26401,11888,germany
26402,10938,United States
26403,15279,canada
26404,11277,india
26405,49297,australia
26406,47001,United Kingdom
26407,34701,United Kingdom
26408,17374,United Kingdom
26409,13838,india
26410,48015,germany
26411,22998,india
26412,30204,United Kingdom
26413,11333,United Kingdom
26414,10419,australia
26415,37458,canada
26416,48781,Unitaed Arab Emirates
26417,10790,australia
26418,34892,australia
26419,29164,United Kingdom
26420,26064,australia
26421,41291,United Kingdom
26422,24697,United States
26423,13394,United States
26424,40475,United Kingdom
26425,18717,india
26426,35742,United States
26427,21530,United States
26428,38866,United Kingdom
26429,12730,germany
26430,48019,United Kingdom
26431,38881,United States
26432,30020,india
26433,10408,United Kingdom
26434,21190,canada
26435,21885,germany
26436,43821,United States
26437,35952,germany
26438,27681,australia
26439,30032,Unitaed Arab Emirates
26440,35303,canada
26441,34441,United Kingdom
26442,34054,United Kingdom
26443,44167,australia
26444,28705,germany
26445,16801,germany
26446,42172,germany
26447,40562,United Kingdom
26448,43503,United Kingdom
26449,31497,canada
26450,24587,United Kingdom
26451,19372,canada
26452,11173,india
26453,38555,canada
26454,20235,india
26455,30874,United States
26456,12774,United Kingdom
26457,35145,canada
26458,35586,india
26459,39297,australia
26460,48081,Unitaed Arab Emirates
26461,10118,United Kingdom
26462,31405,United States
26463,19071,United States
26464,48199,canada
26465,17710,Unitaed Arab Emirates
26466,20563,germany
26467,18763,australia
26468,33808,United States
26469,44526,United Kingdom
26470,17601,australia
26471,11925,United States
26472,15775,Unitaed Arab Emirates
26473,20741,United Kingdom
26474,27093,india
26475,49151,india
26476,11987,Unitaed Arab Emirates
26477,31066,Unitaed Arab Emirates
26478,21420,United States
26479,25528,Unitaed Arab Emirates
26480,25425,United States
26481,45621,United Kingdom
26482,35885,United States
26483,23034,australia
26484,37671,United States
26485,25997,United Kingdom
26486,37699,india
26487,31129,canada
26488,40656,canada
26489,46923,australia
26490,11701,Unitaed Arab Emirates
26491,24729,australia
26492,33097,canada
26493,28512,germany
26494,16321,australia
26495,45205,canada
26496,15744,australia
26497,34440,United Kingdom
26498,10140,United Kingdom
26499,23208,canada
26500,36322,canada
26501,24239,germany
26502,31759,Unitaed Arab Emirates
26503,17677,germany
26504,19083,australia
26505,23117,United Kingdom
26506,12978,australia
26507,17338,canada
26508,23828,Unitaed Arab Emirates
26509,31282,australia
26510,36979,canada
26511,26291,United Kingdom
26512,11539,United Kingdom
26513,23132,Unitaed Arab Emirates
26514,15610,Unitaed Arab Emirates
26515,29943,india
26516,27535,australia
26517,26823,germany
26518,49334,United States
26519,16166,United States
26520,17246,United States
26521,24254,australia
26522,36752,germany
26523,27314,United Kingdom
26524,25662,canada
26525,31125,Unitaed Arab Emirates
26526,11963,canada
26527,25047,germany
26528,29669,canada
26529,26043,United Kingdom
26530,22211,india
26531,31637,australia
26532,18188,Unitaed Arab Emirates
26533,40301,india
26534,43114,United Kingdom
26535,43747,Unitaed Arab Emirates
26536,16188,germany
26537,14285,United Kingdom
26538,44516,canada
26539,24952,United States
26540,46221,australia
26541,25853,United States
26542,22825,australia
26543,17392,australia
26544,14442,india
26545,47250,United States
26546,13746,United Kingdom
26547,48138,india
26548,31029,Unitaed Arab Emirates
26549,30499,germany
26550,20205,india
26551,23580,Unitaed Arab Emirates
26552,35979,india
26553,47815,canada
26554,27802,United States
26555,42563,Unitaed Arab Emirates
26556,11258,canada
26557,23865,australia
26558,44390,india
26559,48515,Unitaed Arab Emirates
26560,27082,canada
26561,34694,United Kingdom
26562,31808,United Kingdom
26563,48501,Unitaed Arab Emirates
26564,23561,United Kingdom
26565,43250,australia
26566,15620,germany
26567,34715,United States
26568,36998,United States
26569,20705,United States
26570,37913,canada
26571,42870,india
26572,13752,australia
26573,40240,Unitaed Arab Emirates
26574,31683,germany
26575,20510,germany
26576,47672,germany
26577,11920,United Kingdom
26578,38066,Unitaed Arab Emirates
26579,38079,United States
26580,17206,canada
26581,28910,United States
26582,36789,United States
26583,28454,canada
26584,10907,india
26585,23409,australia
26586,48627,United Kingdom
26587,48467,canada
26588,39684,india
26589,28671,india
26590,27907,canada
26591,17134,canada
26592,12093,germany
26593,18024,germany
26594,36755,Unitaed Arab Emirates
26595,31550,india
26596,11568,United Kingdom
26597,48908,United Kingdom
26598,31229,canada
26599,26131,United Kingdom
26600,22314,australia
26601,17609,australia
26602,45834,india
26603,25758,United Kingdom
26604,11953,United Kingdom
26605,11448,india
26606,13889,germany
26607,46974,india
26608,32185,australia
26609,43635,United Kingdom
26610,27254,australia
26611,43280,australia
26612,37592,United States
26613,26490,canada
26614,27738,United States
26615,38567,india
26616,47178,canada
26617,10842,germany
26618,33504,Unitaed Arab Emirates
26619,32373,australia
26620,39810,germany
26621,31498,canada
26622,12199,United Kingdom
26623,26101,canada
26624,19506,United States
26625,48352,germany
26626,31256,germany
26627,32589,india
26628,13398,canada
26629,19368,germany
26630,15426,australia
26631,12713,United States
26632,48130,United States
26633,20190,United States
26634,28630,germany
26635,13399,australia
26636,21175,United States
26637,20381,United Kingdom
26638,17992,United States
26639,16992,canada
26640,37624,United Kingdom
26641,23311,United Kingdom
26642,18390,india
26643,44745,australia
26644,12496,australia
26645,12380,india
26646,22266,United Kingdom
26647,27329,United States
26648,28718,india
26649,29313,australia
26650,32666,india
26651,38103,india
26652,45484,Unitaed Arab Emirates
26653,47485,australia
26654,13436,Unitaed Arab Emirates
26655,18589,United States
26656,24379,india
26657,38091,canada
26658,17572,india
26659,41201,United States
26660,49067,india
26661,20639,Unitaed Arab Emirates
26662,25922,Unitaed Arab Emirates
26663,32114,United Kingdom
26664,25618,United States
26665,24841,australia
26666,47234,india
26667,48137,india
26668,18452,canada
26669,38579,canada
26670,16070,india
26671,13309,australia
26672,49269,United Kingdom
26673,37119,Unitaed Arab Emirates
26674,42286,australia
26675,11458,canada
26676,13879,australia
26677,37794,canada
26678,32115,australia
26679,49089,germany
26680,23474,australia
26681,19705,United States
26682,13208,United States
26683,22450,germany
26684,33200,australia
26685,19037,australia
26686,44993,canada
26687,45059,United States
26688,10691,canada
26689,47335,australia
26690,20842,india
26691,15288,Unitaed Arab Emirates
26692,37129,india
26693,42687,australia
26694,10903,germany
26695,31037,canada
26696,12099,germany
26697,41252,australia
26698,48018,australia
26699,10718,United States
26700,32351,Unitaed Arab Emirates
26701,13819,canada
26702,15806,Unitaed Arab Emirates
26703,49183,United States
26704,49471,Unitaed Arab Emirates
26705,17784,australia
26706,21183,Unitaed Arab Emirates
26707,24882,australia
26708,46191,germany
26709,29147,United Kingdom
26710,40615,United States
26711,18661,United States
26712,10743,germany
26713,42787,canada
26714,18132,australia
26715,25731,germany
26716,48308,canada
26717,31852,canada
26718,11480,Unitaed Arab Emirates
26719,38818,india
26720,46707,india
26721,29060,United States
26722,33189,United States
26723,34021,germany
26724,20268,canada
26725,43918,australia
26726,48078,United States
26727,30279,Unitaed Arab Emirates
26728,25480,United Kingdom
26729,41780,germany
26730,25039,United States
26731,33467,Unitaed Arab Emirates
26732,39165,canada
26733,27525,canada
26734,24257,australia
26735,45853,india
26736,43224,india
26737,40909,United Kingdom
26738,36974,india
26739,45988,United States
26740,18403,germany
26741,29878,United States
26742,43648,germany
26743,49809,United Kingdom
26744,24236,canada
26745,20329,australia
26746,30929,germany
26747,17199,australia
26748,17380,germany
26749,16223,germany
26750,27570,Unitaed Arab Emirates
26751,49671,Unitaed Arab Emirates
26752,29370,india
26753,48738,germany
26754,33186,canada
26755,28333,germany
26756,13831,Unitaed Arab Emirates
26757,20475,canada
26758,25923,india
26759,36170,india
26760,43965,United Kingdom
26761,26134,Unitaed Arab Emirates
26762,11525,germany
26763,47461,germany
26764,43488,germany
26765,15603,india
26766,32199,australia
26767,23852,United States
26768,27470,australia
26769,14625,Unitaed Arab Emirates
26770,38187,United Kingdom
26771,31312,United States
26772,23673,United States
26773,10756,United Kingdom
26774,13797,germany
26775,19423,australia
26776,22082,Unitaed Arab Emirates
26777,46281,india
26778,17594,india
26779,49379,australia
26780,36443,australia
26781,34233,australia
26782,23890,United Kingdom
26783,24312,germany
26784,35046,canada
26785,21199,australia
26786,36342,United States
26787,16392,australia
26788,16662,germany
26789,33996,australia
26790,49063,United Kingdom
26791,33328,Unitaed Arab Emirates
26792,26803,india
26793,16261,germany
26794,47130,germany
26795,31916,canada
26796,29996,canada
26797,36853,canada
26798,12188,india
26799,36290,canada
26800,18375,United States
26801,38156,United States
26802,27008,Unitaed Arab Emirates
26803,16493,germany
26804,31006,india
26805,26494,United States
26806,15720,australia
26807,48283,United Kingdom
26808,37589,germany
26809,21002,United Kingdom
26810,35208,india
26811,25440,United Kingdom
26812,19550,canada
26813,22453,United States
26814,10288,United Kingdom
26815,17302,United Kingdom
26816,17895,United Kingdom
26817,31624,United Kingdom
26818,33408,india
26819,15062,india
26820,28887,canada
26821,20991,india
26822,17278,canada
26823,10755,United Kingdom
26824,12056,United States
26825,23589,Unitaed Arab Emirates
26826,23709,germany
26827,41978,United States
26828,31810,germany
26829,34338,Unitaed Arab Emirates
26830,46102,germany
26831,46549,United Kingdom
26832,49228,germany
26833,36797,Unitaed Arab Emirates
26834,34917,United States
26835,15020,United States
26836,39346,canada
26837,23393,United Kingdom
26838,10768,United Kingdom
26839,19714,United Kingdom
26840,16201,United States
26841,34456,germany
26842,15912,canada
26843,35005,Unitaed Arab Emirates
26844,45658,australia
26845,34235,germany
26846,25257,germany
26847,19399,germany
26848,31536,United States
26849,35296,australia
26850,20551,United Kingdom
26851,49829,United States
26852,36338,Unitaed Arab Emirates
26853,37499,United States
26854,45043,australia
26855,32122,india
26856,25756,india
26857,10524,United Kingdom
26858,43069,germany
26859,16659,United Kingdom
26860,26893,United Kingdom
26861,41923,United States
26862,17590,australia
26863,34300,australia
26864,32849,United Kingdom
26865,43372,Unitaed Arab Emirates
26866,13047,india
26867,12924,australia
26868,25277,germany
26869,25242,germany
26870,12932,germany
26871,18877,Unitaed Arab Emirates
26872,11283,United States
26873,30817,australia
26874,18317,Unitaed Arab Emirates
26875,11978,United Kingdom
26876,17126,United Kingdom
26877,22488,United Kingdom
26878,46905,United Kingdom
26879,13944,United Kingdom
26880,49061,india
26881,38611,Unitaed Arab Emirates
26882,37976,germany
26883,42446,australia
26884,29402,australia
26885,25843,australia
26886,16753,germany
26887,13317,United States
26888,14610,United States
26889,10003,germany
26890,13619,australia
26891,47547,United States
26892,30295,germany
26893,23069,germany
26894,32541,United States
26895,28278,United States
26896,44682,australia
26897,46616,india
26898,37478,india
26899,20799,United States
26900,47575,india
26901,42183,Unitaed Arab Emirates
26902,46937,canada
26903,21047,germany
26904,28498,australia
26905,21046,india
26906,48470,Unitaed Arab Emirates
26907,43790,Unitaed Arab Emirates
26908,17252,Unitaed Arab Emirates
26909,21638,United States
26910,47505,india
26911,25809,india
26912,13417,canada
26913,12125,germany
26914,49650,australia
26915,45768,Unitaed Arab Emirates
26916,29050,australia
26917,15700,india
26918,38298,canada
26919,17458,germany
26920,38036,canada
26921,20980,australia
26922,37762,Unitaed Arab Emirates
26923,48038,United States
26924,11675,United States
26925,20571,United Kingdom
26926,42076,United Kingdom
26927,49783,canada
26928,27976,Unitaed Arab Emirates
26929,39778,United States
26930,18371,india
26931,29417,Unitaed Arab Emirates
26932,11003,india
26933,27906,Unitaed Arab Emirates
26934,24778,canada
26935,22843,canada
26936,45556,United States
26937,22884,australia
26938,48799,United States
26939,16254,United Kingdom
26940,12824,Unitaed Arab Emirates
26941,14673,australia
26942,12594,germany
26943,10424,india
26944,31818,australia
26945,31539,india
26946,35529,Unitaed Arab Emirates
26947,24126,australia
26948,19962,india
26949,31599,United States
26950,16566,United Kingdom
26951,15111,canada
26952,36985,United Kingdom
26953,18255,United Kingdom
26954,43137,canada
26955,14636,australia
26956,19922,india
26957,23680,canada
26958,27895,Unitaed Arab Emirates
26959,22276,india
26960,37508,canada
26961,28520,australia
26962,32306,germany
26963,14931,Unitaed Arab Emirates
26964,20481,india
26965,30786,canada
26966,15643,india
26967,41640,United Kingdom
26968,29064,germany
26969,25576,germany
26970,28091,canada
26971,10796,germany
26972,48777,canada
26973,18576,india
26974,33207,Unitaed Arab Emirates
26975,42030,Unitaed Arab Emirates
26976,41440,australia
26977,19988,australia
26978,33269,canada
26979,39615,india
26980,40834,germany
26981,42840,Unitaed Arab Emirates
26982,15942,canada
26983,31501,germany
26984,12491,india
26985,22153,canada
26986,45568,United States
26987,33100,australia
26988,43227,australia
26989,42675,United States
26990,15007,india
26991,25553,australia
26992,20909,United Kingdom
26993,33922,United Kingdom
26994,30333,United States
26995,31262,United States
26996,14763,india
26997,49480,australia
26998,49303,germany
26999,45490,india
27000,12679,australia
27001,26924,canada
27002,31791,germany
27003,37854,United Kingdom
27004,23174,Unitaed Arab Emirates
27005,27295,india
27006,32135,Unitaed Arab Emirates
27007,39130,germany
27008,33246,canada
27009,41339,United States
27010,19239,United Kingdom
27011,48737,germany
27012,10728,United Kingdom
27013,42525,australia
27014,15900,canada
27015,13532,india
27016,32788,Unitaed Arab Emirates
27017,40732,india
27018,40484,germany
27019,45316,australia
27020,49004,germany
27021,24334,United States
27022,33107,australia
27023,49696,germany
27024,20873,Unitaed Arab Emirates
27025,10953,australia
27026,27221,australia
27027,24434,canada
27028,23937,germany
27029,10714,United Kingdom
27030,30627,United States
27031,23373,United Kingdom
27032,49625,United States
27033,43815,germany
27034,18167,india
27035,29287,germany
27036,17241,germany
27037,18149,United Kingdom
27038,24628,germany
27039,18730,germany
27040,47898,australia
27041,21645,australia
27042,32419,india
27043,26014,Unitaed Arab Emirates
27044,45304,United Kingdom
27045,33749,United States
27046,29724,canada
27047,33840,germany
27048,13937,United Kingdom
27049,31413,canada
27050,47200,United States
27051,32885,Unitaed Arab Emirates
27052,16010,United States
27053,47190,Unitaed Arab Emirates
27054,23286,Unitaed Arab Emirates
27055,26657,canada
27056,47245,india
27057,39380,india
27058,44828,australia
27059,23016,Unitaed Arab Emirates
27060,22766,Unitaed Arab Emirates
27061,46891,United Kingdom
27062,21069,United Kingdom
27063,19491,germany
27064,40274,india
27065,25043,United Kingdom
27066,40359,United Kingdom
27067,22577,United Kingdom
27068,38238,United Kingdom
27069,40219,United States
27070,38152,india
27071,20914,canada
27072,23369,United Kingdom
27073,47684,United States
27074,47634,germany
27075,38745,australia
27076,24984,australia
27077,49236,germany
27078,29594,United States
27079,39664,india
27080,29061,germany
27081,23105,germany
27082,39912,United Kingdom
27083,30353,Unitaed Arab Emirates
27084,22395,Unitaed Arab Emirates
27085,15928,canada
27086,41161,australia
27087,29530,Unitaed Arab Emirates
27088,21504,australia
27089,40785,australia
27090,46502,Unitaed Arab Emirates
27091,27274,United Kingdom
27092,12868,United States
27093,30551,United States
27094,31361,australia
27095,42877,Unitaed Arab Emirates
27096,12545,india
27097,47443,United States
27098,48671,Unitaed Arab Emirates
27099,11086,United Kingdom
27100,24789,germany
27101,17862,india
27102,38599,United Kingdom
27103,33179,Unitaed Arab Emirates
27104,44645,canada
27105,31509,Unitaed Arab Emirates
27106,41238,germany
27107,36875,germany
27108,19932,United States
27109,12079,germany
27110,12522,australia
27111,10765,United Kingdom
27112,15309,india
27113,17930,canada
27114,28641,United Kingdom
27115,36935,canada
27116,28261,United Kingdom
27117,36407,australia
27118,44667,United States
27119,38242,australia
27120,38973,United Kingdom
27121,25274,canada
27122,36083,australia
27123,41916,United Kingdom
27124,22309,United States
27125,37172,canada
27126,36878,germany
27127,37619,Unitaed Arab Emirates
27128,31220,canada
27129,49527,Unitaed Arab Emirates
27130,22054,germany
27131,22067,australia
27132,16805,canada
27133,20721,india
27134,26460,United Kingdom
27135,29116,germany
27136,18108,United Kingdom
27137,40336,United States
27138,13839,United Kingdom
27139,43670,india
27140,23953,india
27141,22149,Unitaed Arab Emirates
27142,15943,india
27143,23548,germany
27144,36281,india
27145,38232,germany
27146,10349,Unitaed Arab Emirates
27147,14654,United States
27148,46306,germany
27149,13442,Unitaed Arab Emirates
27150,33717,United States
27151,31175,germany
27152,36447,germany
27153,36839,canada
27154,14938,australia
27155,18795,United Kingdom
27156,46114,australia
27157,12299,germany
27158,35158,United States
27159,33335,canada
27160,20333,germany
27161,42798,india
27162,38143,United Kingdom
27163,18520,canada
27164,43178,germany
27165,37488,india
27166,32476,australia
27167,18285,United Kingdom
27168,48050,india
27169,26534,australia
27170,40536,United Kingdom
27171,40847,United States
27172,39629,germany
27173,14709,United States
27174,36124,germany
27175,43359,United Kingdom
27176,15998,United Kingdom
27177,42309,india
27178,30196,india
27179,14670,germany
27180,42541,canada
27181,44844,germany
27182,34131,india
27183,40688,germany
27184,32816,United Kingdom
27185,45181,United Kingdom
27186,10474,Unitaed Arab Emirates
27187,17307,United States
27188,10112,india
27189,27308,United Kingdom
27190,15169,germany
27191,15847,india
27192,22651,germany
27193,46767,canada
27194,36810,Unitaed Arab Emirates
27195,15926,United States
27196,14831,canada
27197,35514,germany
27198,10730,canada
27199,20024,australia
27200,29754,United States
27201,19779,germany
27202,41119,United States
27203,13699,Unitaed Arab Emirates
27204,24992,australia
27205,32659,canada
27206,10337,United States
27207,41570,United Kingdom
27208,22556,canada
27209,29764,germany
27210,45820,canada
27211,24320,United Kingdom
27212,40917,germany
27213,37030,germany
27214,43183,United States
27215,39809,United States
27216,25865,United Kingdom
27217,26036,United Kingdom
27218,29712,australia
27219,47779,canada
27220,17209,United States
27221,25879,Unitaed Arab Emirates
27222,36682,United Kingdom
27223,19610,australia
27224,45399,Unitaed Arab Emirates
27225,27110,australia
27226,33841,United Kingdom
27227,28073,germany
27228,39110,australia
27229,36139,United States
27230,21570,australia
27231,44851,Unitaed Arab Emirates
27232,45980,canada
27233,37503,United States
27234,49622,United States
27235,10702,india
27236,20981,germany
27237,26967,Unitaed Arab Emirates
27238,13608,australia
27239,44252,germany
27240,39244,india
27241,43692,india
27242,20223,United States
27243,16105,germany
27244,25309,germany
27245,34808,United Kingdom
27246,39937,canada
27247,14282,germany
27248,15312,germany
27249,22703,United Kingdom
27250,36938,india
27251,27376,Unitaed Arab Emirates
27252,24485,australia
27253,21550,india
27254,23722,United Kingdom
27255,39689,Unitaed Arab Emirates
27256,29564,United States
27257,11904,germany
27258,45370,germany
27259,18240,Unitaed Arab Emirates
27260,48869,Unitaed Arab Emirates
27261,47767,United States
27262,43081,australia
27263,34925,Unitaed Arab Emirates
27264,23161,Unitaed Arab Emirates
27265,34447,canada
27266,49551,india
27267,26828,Unitaed Arab Emirates
27268,19303,germany
27269,26932,United States
27270,19431,germany
27271,43767,United Kingdom
27272,29448,germany
27273,39101,canada
27274,26203,United States
27275,38055,australia
27276,38871,canada
27277,33973,india
27278,16838,United Kingdom
27279,24644,canada
27280,49903,india
27281,40267,United Kingdom
27282,44641,United States
27283,16904,United Kingdom
27284,15717,germany
27285,31168,Unitaed Arab Emirates
27286,32219,United States
27287,43499,india
27288,34462,United States
27289,22554,United Kingdom
27290,30557,germany
27291,48089,United Kingdom
27292,34197,United Kingdom
27293,21274,United States
27294,48745,United States
27295,49341,india
27296,34654,india
27297,12452,canada
27298,30237,australia
27299,33062,india
27300,33763,United States
27301,36136,Unitaed Arab Emirates
27302,48994,Unitaed Arab Emirates
27303,42711,Unitaed Arab Emirates
27304,17239,United Kingdom
27305,41888,United States
27306,12882,United Kingdom
27307,38438,United Kingdom
27308,27134,australia
27309,21604,United Kingdom
27310,43878,india
27311,32831,United States
27312,36480,australia
27313,16301,australia
27314,47362,australia
27315,36389,germany
27316,27453,india
27317,11731,Unitaed Arab Emirates
27318,30995,United Kingdom
27319,28744,United Kingdom
27320,30899,australia
27321,35239,Unitaed Arab Emirates
27322,37553,india
27323,46356,germany
27324,28438,australia
27325,13172,United States
27326,28176,United States
27327,17948,india
27328,41403,australia
27329,43975,canada
27330,40374,canada
27331,16229,india
27332,28743,canada
27333,35472,germany
27334,12146,United States
27335,24752,United Kingdom
27336,31892,canada
27337,27439,United States
27338,39738,United Kingdom
27339,23520,india
27340,19073,canada
27341,18542,canada
27342,46829,germany
27343,12358,germany
27344,37802,india
27345,19611,Unitaed Arab Emirates
27346,38549,Unitaed Arab Emirates
27347,27927,australia
27348,48524,australia
27349,37852,Unitaed Arab Emirates
27350,29608,United States
27351,11060,United Kingdom
27352,43524,australia
27353,11662,india
27354,13578,canada
27355,38095,germany
27356,19759,canada
27357,41283,Unitaed Arab Emirates
27358,27601,india
27359,27713,United Kingdom
27360,24855,australia
27361,14358,United Kingdom
27362,15655,canada
27363,44140,United Kingdom
27364,29643,canada
27365,46023,United Kingdom
27366,12243,india
27367,11885,United Kingdom
27368,31568,United Kingdom
27369,19402,india
27370,23030,germany
27371,29816,United States
27372,46947,Unitaed Arab Emirates
27373,17626,United States
27374,24736,australia
27375,34238,canada
27376,36498,Unitaed Arab Emirates
27377,26947,United States
27378,13991,United Kingdom
27379,26393,india
27380,10487,germany
27381,11122,australia
27382,45979,Unitaed Arab Emirates
27383,48111,australia
27384,19568,United States
27385,35895,canada
27386,11162,germany
27387,11788,Unitaed Arab Emirates
27388,13892,United States
27389,16455,canada
27390,30447,australia
27391,47951,india
27392,33771,United States
27393,34243,india
27394,21104,United States
27395,41591,germany
27396,46650,australia
27397,14785,United States
27398,37743,United Kingdom
27399,32552,australia
27400,46894,United Kingdom
27401,40454,Unitaed Arab Emirates
27402,43450,canada
27403,20540,United States
27404,20451,Unitaed Arab Emirates
27405,34052,Unitaed Arab Emirates
27406,47509,india
27407,35744,india
27408,41196,germany
27409,48049,india
27410,49391,germany
27411,45498,United Kingdom
27412,43937,germany
27413,43950,United Kingdom
27414,16421,Unitaed Arab Emirates
27415,23567,australia
27416,30013,United States
27417,49645,United Kingdom
27418,21225,United Kingdom
27419,35741,United States
27420,22580,Unitaed Arab Emirates
27421,31773,United Kingdom
27422,29711,United States
27423,32308,germany
27424,13251,india
27425,33609,United Kingdom
27426,20907,germany
27427,13547,india
27428,32969,Unitaed Arab Emirates
27429,30989,canada
27430,16880,australia
27431,10912,United Kingdom
27432,24521,United Kingdom
27433,14324,Unitaed Arab Emirates
27434,30942,canada
27435,17144,Unitaed Arab Emirates
27436,20105,United States
27437,37901,United Kingdom
27438,45776,australia
27439,11575,australia
27440,23019,india
27441,39911,Unitaed Arab Emirates
27442,38969,United Kingdom
27443,29761,canada
27444,23970,canada
27445,33122,United States
27446,33869,canada
27447,35155,United States
27448,25795,canada
27449,47217,United Kingdom
27450,15164,United States
27451,38390,Unitaed Arab Emirates
27452,24463,canada
27453,15058,United States
27454,30597,australia
27455,20041,india
27456,38197,Unitaed Arab Emirates
27457,38686,canada
27458,19359,United Kingdom
27459,35398,germany
27460,32809,india
27461,40590,australia
27462,35661,United Kingdom
27463,22860,United Kingdom
27464,21820,canada
27465,42561,United States
27466,22222,United States
27467,15025,Unitaed Arab Emirates
27468,41067,United States
27469,17210,canada
27470,19427,Unitaed Arab Emirates
27471,23928,Unitaed Arab Emirates
27472,36466,germany
27473,31351,germany
27474,26223,australia
27475,19377,germany
27476,28215,United States
27477,26910,germany
27478,15157,canada
27479,18292,canada
27480,28473,australia
27481,16162,United Kingdom
27482,45731,india
27483,15531,india
27484,13607,United States
27485,21499,canada
27486,26129,canada
27487,17858,United States
27488,39174,United Kingdom
27489,49213,australia
27490,33529,germany
27491,42729,canada
27492,48278,Unitaed Arab Emirates
27493,16624,australia
27494,20185,india
27495,29294,Unitaed Arab Emirates
27496,22572,germany
27497,27875,india
27498,30882,Unitaed Arab Emirates
27499,24406,canada
27500,17116,Unitaed Arab Emirates
27501,23094,india
27502,10689,australia
27503,34330,australia
27504,14315,United States
27505,23143,germany
27506,35001,United States
27507,24170,australia
27508,48203,germany
27509,30585,Unitaed Arab Emirates
27510,40011,india
27511,30285,canada
27512,32182,United States
27513,13139,india
27514,38227,Unitaed Arab Emirates
27515,10788,United States
27516,40025,United Kingdom
27517,40639,United Kingdom
27518,33903,United Kingdom
27519,42569,United Kingdom
27520,27806,Unitaed Arab Emirates
27521,30498,germany
27522,16022,australia
27523,18853,canada
27524,16996,Unitaed Arab Emirates
27525,37134,Unitaed Arab Emirates
27526,25403,canada
27527,16884,United States
27528,20079,germany
27529,31589,australia
27530,18083,Unitaed Arab Emirates
27531,39868,germany
27532,26409,germany
27533,17953,canada
27534,19108,United States
27535,12365,india
27536,14125,United Kingdom
27537,45322,United Kingdom
27538,39191,germany
27539,49192,United Kingdom
27540,20208,canada
27541,29981,canada
27542,20019,Unitaed Arab Emirates
27543,49912,australia
27544,14367,Unitaed Arab Emirates
27545,42413,United Kingdom
27546,40924,australia
27547,33451,germany
27548,18246,United States
27549,34882,Unitaed Arab Emirates
27550,31572,United States
27551,30680,canada
27552,37041,United States
27553,26794,canada
27554,26992,United States
27555,23090,United Kingdom
27556,32162,germany
27557,23593,germany
27558,36546,australia
27559,16016,germany
27560,46906,United States
27561,46914,australia
27562,11221,United Kingdom
27563,39026,United States
27564,34410,canada
27565,11561,germany
27566,41179,india
27567,31783,Unitaed Arab Emirates
27568,23364,United Kingdom
27569,13136,australia
27570,11231,germany
27571,15872,india
27572,49875,United States
27573,21000,United States
27574,35709,canada
27575,26682,United Kingdom
27576,36156,Unitaed Arab Emirates
27577,26115,australia
27578,28644,United States
27579,48008,United Kingdom
27580,10395,United States
27581,31389,Unitaed Arab Emirates
27582,32853,Unitaed Arab Emirates
27583,47160,germany
27584,36050,india
27585,14438,canada
27586,14221,Unitaed Arab Emirates
27587,27945,canada
27588,20592,australia
27589,25146,canada
27590,35846,germany
27591,45197,india
27592,14085,United States
27593,32333,United States
27594,42873,United Kingdom
27595,14316,United States
27596,23849,germany
27597,44170,germany
27598,18719,australia
27599,36689,india
27600,41351,Unitaed Arab Emirates
27601,48478,United Kingdom
27602,36589,india
27603,12752,United States
27604,20417,United Kingdom
27605,45231,Unitaed Arab Emirates
27606,18069,Unitaed Arab Emirates
27607,14841,australia
27608,17544,Unitaed Arab Emirates
27609,33285,germany
27610,32420,india
27611,11638,Unitaed Arab Emirates
27612,28506,india
27613,42103,Unitaed Arab Emirates
27614,17901,india
27615,16592,germany
27616,29658,india
27617,37750,Unitaed Arab Emirates
27618,40400,United Kingdom
27619,35044,United States
27620,43700,United Kingdom
27621,42108,australia
27622,37646,Unitaed Arab Emirates
27623,19815,United Kingdom
27624,10885,india
27625,45848,australia
27626,34066,United States
27627,43766,australia
27628,19943,United Kingdom
27629,20579,india
27630,19135,canada
27631,24695,United Kingdom
27632,14072,Unitaed Arab Emirates
27633,11290,india
27634,22352,United Kingdom
27635,28886,United Kingdom
27636,45364,canada
27637,44189,Unitaed Arab Emirates
27638,24979,Unitaed Arab Emirates
27639,37859,Unitaed Arab Emirates
27640,17806,Unitaed Arab Emirates
27641,12703,United States
27642,23349,Unitaed Arab Emirates
27643,15151,australia
27644,41938,United Kingdom
27645,45113,australia
27646,21746,germany
27647,42442,australia
27648,21625,australia
27649,37753,Unitaed Arab Emirates
27650,41467,United Kingdom
27651,44597,australia
27652,29306,germany
27653,26185,germany
27654,29739,United States
27655,41306,australia
27656,20530,australia
27657,13708,australia
27658,20650,United States
27659,20058,United Kingdom
27660,33489,australia
27661,15712,Unitaed Arab Emirates
27662,45025,Unitaed Arab Emirates
27663,41008,india
27664,39079,United Kingdom
27665,12681,United Kingdom
27666,39530,United States
27667,45242,Unitaed Arab Emirates
27668,28356,australia
27669,11713,Unitaed Arab Emirates
27670,25328,australia
27671,42590,australia
27672,15035,United Kingdom
27673,27100,india
27674,49589,canada
27675,43050,United States
27676,22772,United Kingdom
27677,31439,australia
27678,19408,canada
27679,31687,United States
27680,44593,United Kingdom
27681,48636,United Kingdom
27682,36373,germany
27683,37142,United Kingdom
27684,45152,United Kingdom
27685,30830,canada
27686,22918,United States
27687,22502,germany
27688,42320,india
27689,12359,United Kingdom
27690,26083,United States
27691,19277,United States
27692,48744,United States
27693,36266,United States
27694,12528,Unitaed Arab Emirates
27695,33540,australia
27696,25198,canada
27697,37216,United Kingdom
27698,28464,india
27699,38016,india
27700,14517,india
27701,45839,india
27702,41979,Unitaed Arab Emirates
27703,37069,germany
27704,44643,canada
27705,44639,Unitaed Arab Emirates
27706,40797,canada
27707,25104,Unitaed Arab Emirates
27708,23226,australia
27709,27469,germany
27710,39781,United Kingdom
27711,11836,canada
27712,15716,canada
27713,35273,india
27714,27650,germany
27715,26320,United States
27716,38342,canada
27717,10199,australia
27718,28222,United States
27719,16267,germany
27720,25519,United Kingdom
27721,29703,Unitaed Arab Emirates
27722,44610,australia
27723,40800,Unitaed Arab Emirates
27724,41763,germany
27725,29681,india
27726,26207,canada
27727,14047,australia
27728,39699,Unitaed Arab Emirates
27729,37670,Unitaed Arab Emirates
27730,14901,germany
27731,45077,United Kingdom
27732,46165,United Kingdom
27733,49678,United Kingdom
27734,30876,Unitaed Arab Emirates
27735,23848,india
27736,32229,india
27737,17760,germany
27738,29131,australia
27739,44542,Unitaed Arab Emirates
27740,40768,australia
27741,41265,australia
27742,23099,germany
27743,15937,United States
27744,32724,United States
27745,11067,india
27746,39306,australia
27747,28103,india
27748,33095,United Kingdom
27749,30262,United States
27750,48628,United Kingdom
27751,15753,australia
27752,29325,india
27753,26474,germany
27754,26577,india
27755,40728,United States
27756,20823,United States
27757,14926,canada
27758,27620,Unitaed Arab Emirates
27759,36332,australia
27760,17573,United Kingdom
27761,38702,canada
27762,24745,australia
27763,42542,Unitaed Arab Emirates
27764,32098,United States
27765,47824,Unitaed Arab Emirates
27766,19532,australia
27767,24915,india
27768,29375,canada
27769,44887,United States
27770,25360,Unitaed Arab Emirates
27771,13283,canada
27772,39696,United Kingdom
27773,25256,australia
27774,49574,india
27775,12546,germany
27776,13314,Unitaed Arab Emirates
27777,36208,United States
27778,48655,germany
27779,20403,canada
27780,14812,australia
27781,25249,germany
27782,47887,australia
27783,13678,Unitaed Arab Emirates
27784,36192,United States
27785,14714,United States
27786,32838,United Kingdom
27787,43599,United Kingdom
27788,12762,United Kingdom
27789,33541,United Kingdom
27790,27163,United States
27791,22356,australia
27792,12563,United Kingdom
27793,25495,Unitaed Arab Emirates
27794,26835,United Kingdom
27795,16894,australia
27796,31210,india
27797,21239,india
27798,13731,india
27799,28590,india
27800,38927,india
27801,25739,australia
27802,41249,United Kingdom
27803,22609,india
27804,22109,Unitaed Arab Emirates
27805,34182,canada
27806,17469,germany
27807,16309,United States
27808,18642,australia
27809,13452,canada
27810,42511,Unitaed Arab Emirates
27811,39293,Unitaed Arab Emirates
27812,11214,australia
27813,44801,canada
27814,47806,United Kingdom
27815,39889,india
27816,21592,Unitaed Arab Emirates
27817,37364,canada
27818,35040,Unitaed Arab Emirates
27819,30190,Unitaed Arab Emirates
27820,22605,United Kingdom
27821,22826,United Kingdom
27822,43377,germany
27823,29156,Unitaed Arab Emirates
27824,22449,germany
27825,13502,Unitaed Arab Emirates
27826,31612,germany
27827,27304,germany
27828,36157,Unitaed Arab Emirates
27829,19084,United States
27830,43896,australia
27831,40237,germany
27832,36449,canada
27833,32246,australia
27834,13894,United Kingdom
27835,26020,canada
27836,14549,canada
27837,37173,germany
27838,31096,india
27839,47385,Unitaed Arab Emirates
27840,15882,canada
27841,34941,United States
27842,48969,australia
27843,17038,australia
27844,22722,canada
27845,44157,australia
27846,40599,United States
27847,21696,india
27848,15273,india
27849,24856,canada
27850,13611,Unitaed Arab Emirates
27851,48092,United States
27852,47617,canada
27853,25284,United Kingdom
27854,42291,United Kingdom
27855,13545,United Kingdom
27856,44046,india
27857,12318,Unitaed Arab Emirates
27858,46345,United Kingdom
27859,48684,australia
27860,34660,United Kingdom
27861,43286,australia
27862,31552,Unitaed Arab Emirates
27863,22637,germany
27864,33986,United States
27865,25040,United States
27866,22769,United Kingdom
27867,37219,germany
27868,33646,germany
27869,47921,Unitaed Arab Emirates
27870,22437,United Kingdom
27871,47097,United Kingdom
27872,43558,United Kingdom
27873,29749,canada
27874,38431,Unitaed Arab Emirates
27875,27707,australia
27876,41027,United States
27877,36716,Unitaed Arab Emirates
27878,14583,australia
27879,10406,australia
27880,31406,Unitaed Arab Emirates
27881,43573,United States
27882,19618,india
27883,49851,Unitaed Arab Emirates
27884,22913,canada
27885,19916,germany
27886,44974,australia
27887,14382,india
27888,12360,United States
27889,22174,australia
27890,34483,germany
27891,35965,germany
27892,38639,india
27893,46938,United States
27894,49196,india
27895,21317,canada
27896,30027,United Kingdom
27897,35530,australia
27898,46847,germany
27899,26653,australia
27900,12398,india
27901,39693,india
27902,21757,United States
27903,11780,United Kingdom
27904,22827,United Kingdom
27905,11476,australia
27906,18293,germany
27907,10510,United States
27908,15784,Unitaed Arab Emirates
27909,32759,india
27910,33574,Unitaed Arab Emirates
27911,42633,Unitaed Arab Emirates
27912,20828,australia
27913,24382,United States
27914,22326,india
27915,48048,Unitaed Arab Emirates
27916,26735,germany
27917,34310,canada
27918,19315,canada
27919,19690,Unitaed Arab Emirates
27920,33514,canada
27921,40587,United States
27922,18813,Unitaed Arab Emirates
27923,31177,United Kingdom
27924,20075,australia
27925,13004,Unitaed Arab Emirates
27926,41126,United Kingdom
27927,31138,germany
27928,21181,germany
27929,43439,canada
27930,23613,india
27931,17003,india
27932,33018,United Kingdom
27933,30258,india
27934,15005,germany
27935,28581,canada
27936,41408,canada
27937,40263,india
27938,31461,canada
27939,44376,germany
27940,26396,canada
27941,43333,canada
27942,47556,United Kingdom
27943,28009,United Kingdom
27944,12848,india
27945,41513,australia
27946,44116,germany
27947,45131,Unitaed Arab Emirates
27948,19716,Unitaed Arab Emirates
27949,25305,australia
27950,44475,germany
27951,12465,canada
27952,26732,australia
27953,39164,United Kingdom
27954,21595,United Kingdom
27955,22216,Unitaed Arab Emirates
27956,39536,United States
27957,30993,Unitaed Arab Emirates
27958,16689,australia
27959,23005,germany
27960,10439,United States
27961,44180,australia
27962,37413,Unitaed Arab Emirates
27963,27746,Unitaed Arab Emirates
27964,14580,germany
27965,17897,Unitaed Arab Emirates
27966,45178,india
27967,25062,germany
27968,35680,United States
27969,34175,germany
27970,40185,canada
27971,25482,india
27972,29324,canada
27973,37358,germany
27974,31313,germany
27975,19919,australia
27976,23062,United Kingdom
27977,36536,india
27978,13613,United States
27979,14262,canada
27980,44450,canada
27981,43168,United Kingdom
27982,40308,india
27983,36221,United Kingdom
27984,45875,india
27985,49885,United Kingdom
27986,36243,Unitaed Arab Emirates
27987,28634,india
27988,31814,australia
27989,36710,United States
27990,22143,Unitaed Arab Emirates
27991,24670,United States
27992,26853,germany
27993,47911,United States
27994,21040,australia
27995,37873,australia
27996,29371,United Kingdom
27997,11196,india
27998,40328,germany
27999,20368,india
28000,47205,United Kingdom
28001,31341,Unitaed Arab Emirates
28002,47042,United Kingdom
28003,17974,germany
28004,15597,United States
28005,18869,india
28006,16871,germany
28007,10365,australia
28008,34880,india
28009,46852,Unitaed Arab Emirates
28010,10103,Unitaed Arab Emirates
28011,38652,india
28012,21681,canada
28013,43682,germany
28014,49031,Unitaed Arab Emirates
28015,11414,Unitaed Arab Emirates
28016,21834,United States
28017,10250,United Kingdom
28018,42882,United States
28019,16719,Unitaed Arab Emirates
28020,27147,United Kingdom
28021,15149,australia
28022,10924,canada
28023,48768,Unitaed Arab Emirates
28024,49036,Unitaed Arab Emirates
28025,42927,United Kingdom
28026,31323,india
28027,28802,canada
28028,19971,United Kingdom
28029,44613,india
28030,45400,United Kingdom
28031,45156,Unitaed Arab Emirates
28032,11712,United States
28033,13526,canada
28034,11937,canada
28035,26756,Unitaed Arab Emirates
28036,29777,canada
28037,24462,india
28038,31901,australia
28039,45799,germany
28040,11830,australia
28041,26770,india
28042,48457,United States
28043,28465,Unitaed Arab Emirates
28044,40417,germany
28045,16856,Unitaed Arab Emirates
28046,16643,Unitaed Arab Emirates
28047,16888,canada
28048,29864,Unitaed Arab Emirates
28049,42227,Unitaed Arab Emirates
28050,21422,canada
28051,11872,germany
28052,15482,United Kingdom
28053,34025,australia
28054,32897,United States
28055,19845,United Kingdom
28056,41529,germany
28057,29837,canada
28058,37680,Unitaed Arab Emirates
28059,15389,canada
28060,17636,canada
28061,41144,india
28062,47129,canada
28063,49641,germany
28064,10126,germany
28065,36206,australia
28066,38524,india
28067,49349,canada
28068,33513,Unitaed Arab Emirates
28069,25057,canada
28070,20865,india
28071,32708,germany
28072,17692,United Kingdom
28073,31842,germany
28074,27627,australia
28075,18580,United States
28076,48047,United Kingdom
28077,23960,germany
28078,21426,Unitaed Arab Emirates
28079,46910,United States
28080,22832,Unitaed Arab Emirates
28081,28373,United Kingdom
28082,45804,United Kingdom
28083,45897,india
28084,28579,india
28085,12804,Unitaed Arab Emirates
28086,31402,india
28087,40597,canada
28088,11379,United Kingdom
28089,19864,india
28090,24448,United States
28091,47358,india
28092,12493,United Kingdom
28093,10680,canada
28094,10305,australia
28095,23840,canada
28096,14301,germany
28097,48730,United Kingdom
28098,42445,germany
28099,43552,australia
28100,18909,United Kingdom
28101,23943,Unitaed Arab Emirates
28102,26398,australia
28103,15473,canada
28104,17617,germany
28105,27298,india
28106,37496,canada
28107,34675,United Kingdom
28108,47572,United States
28109,32177,australia
28110,41915,canada
28111,37847,india
28112,19269,india
28113,22939,canada
28114,27791,india
28115,22743,United States
28116,24813,india
28117,17002,canada
28118,49948,australia
28119,24487,Unitaed Arab Emirates
28120,10253,australia
28121,40605,Unitaed Arab Emirates
28122,34697,india
28123,34608,United Kingdom
28124,19475,canada
28125,48132,germany
28126,40300,germany
28127,48564,United Kingdom
28128,44770,canada
28129,10926,australia
28130,46988,australia
28131,11886,australia
28132,28627,australia
28133,27096,australia
28134,26747,United States
28135,32004,germany
28136,29496,india
28137,37237,canada
28138,31751,Unitaed Arab Emirates
28139,34128,United Kingdom
28140,25233,United States
28141,47288,United Kingdom
28142,49311,australia
28143,37555,United States
28144,16681,australia
28145,33215,Unitaed Arab Emirates
28146,45229,australia
28147,27658,canada
28148,13237,germany
28149,11057,United States
28150,35331,australia
28151,48790,United Kingdom
28152,12835,United States
28153,29350,india
28154,23337,Unitaed Arab Emirates
28155,14891,germany
28156,41158,Unitaed Arab Emirates
28157,26557,germany
28158,16477,germany
28159,14151,india
28160,13978,United States
28161,46712,canada
28162,44554,india
28163,12684,australia
28164,24001,australia
28165,15118,United Kingdom
28166,26304,United States
28167,30842,australia
28168,29243,germany
28169,22525,germany
28170,11466,germany
28171,23299,Unitaed Arab Emirates
28172,31109,germany
28173,17393,United Kingdom
28174,43347,germany
28175,42112,india
28176,16272,United Kingdom
28177,46250,Unitaed Arab Emirates
28178,23825,Unitaed Arab Emirates
28179,15493,germany
28180,12287,germany
28181,19162,United States
28182,35997,germany
28183,29322,canada
28184,14950,canada
28185,40998,germany
28186,46902,United Kingdom
28187,15335,australia
28188,35374,United Kingdom
28189,43271,United Kingdom
28190,47107,United States
28191,12441,United Kingdom
28192,37019,canada
28193,25132,United States
28194,24552,australia
28195,21587,Unitaed Arab Emirates
28196,42856,United Kingdom
28197,10432,india
28198,23954,United Kingdom
28199,44413,Unitaed Arab Emirates
28200,36550,india
28201,21154,Unitaed Arab Emirates
28202,18570,Unitaed Arab Emirates
28203,27526,germany
28204,38994,australia
28205,23275,australia
28206,17634,germany
28207,12098,United Kingdom
28208,11317,germany
28209,21792,canada
28210,12428,Unitaed Arab Emirates
28211,31434,germany
28212,27277,india
28213,42082,United Kingdom
28214,32355,india
28215,48657,australia
28216,41650,United Kingdom
28217,30723,australia
28218,30953,canada
28219,32707,canada
28220,25368,canada
28221,30081,United Kingdom
28222,38751,United States
28223,29730,india
28224,12330,United States
28225,39354,United States
28226,48939,Unitaed Arab Emirates
28227,43342,United Kingdom
28228,32338,United Kingdom
28229,44348,australia
28230,38476,United Kingdom
28231,39334,germany
28232,42031,United Kingdom
28233,44316,germany
28234,32657,australia
28235,37095,canada
28236,34038,Unitaed Arab Emirates
28237,41060,india
28238,30448,United States
28239,32192,canada
28240,17557,australia
28241,48135,United States
28242,37524,india
28243,24814,india
28244,31105,United States
28245,47423,United States
28246,16605,Unitaed Arab Emirates
28247,17478,australia
28248,26276,germany
28249,13403,Unitaed Arab Emirates
28250,29013,United Kingdom
28251,38127,United Kingdom
28252,15725,United Kingdom
28253,19007,United Kingdom
28254,22694,United Kingdom
28255,44304,Unitaed Arab Emirates
28256,21001,canada
28257,45933,india
28258,31325,United States
28259,46688,india
28260,36600,canada
28261,20262,United States
28262,13231,United States
28263,45489,germany
28264,38029,australia
28265,34891,germany
28266,10183,australia
28267,49505,canada
28268,11572,germany
28269,48527,india
28270,40784,Unitaed Arab Emirates
28271,12178,india
28272,19520,Unitaed Arab Emirates
28273,44944,Unitaed Arab Emirates
28274,30962,india
28275,42024,United Kingdom
28276,40821,United Kingdom
28277,24553,canada
28278,33193,United Kingdom
28279,43147,australia
28280,32580,germany
28281,41432,india
28282,24286,canada
28283,38559,canada
28284,21636,germany
28285,28815,canada
28286,11632,canada
28287,47833,germany
28288,49882,Unitaed Arab Emirates
28289,35265,United States
28290,11783,germany
28291,30256,United Kingdom
28292,29304,United States
28293,24511,canada
28294,20203,canada
28295,28061,United Kingdom
28296,32221,Unitaed Arab Emirates
28297,11883,United States
28298,12795,germany
28299,32520,Unitaed Arab Emirates
28300,48483,germany
28301,46857,canada
28302,12311,Unitaed Arab Emirates
28303,46332,australia
28304,48502,canada
28305,26427,germany
28306,31982,germany
28307,15447,germany
28308,10468,australia
28309,12262,United States
28310,36840,United States
28311,36936,Unitaed Arab Emirates
28312,22179,australia
28313,11417,United Kingdom
28314,30082,Unitaed Arab Emirates
28315,34605,United States
28316,23798,australia
28317,42978,canada
28318,20554,germany
28319,37381,india
28320,32814,australia
28321,14372,United States
28322,24607,india
28323,10825,Unitaed Arab Emirates
28324,34971,Unitaed Arab Emirates
28325,39985,United States
28326,20684,Unitaed Arab Emirates
28327,29696,Unitaed Arab Emirates
28328,15738,Unitaed Arab Emirates
28329,15770,australia
28330,36917,india
28331,12780,United Kingdom
28332,10462,germany
28333,43388,canada
28334,44278,india
28335,11241,United States
28336,36898,United States
28337,19529,United States
28338,22095,United Kingdom
28339,32554,germany
28340,33175,United Kingdom
28341,29070,Unitaed Arab Emirates
28342,47577,United States
28343,30178,germany
28344,29650,Unitaed Arab Emirates
28345,34455,india
28346,22773,india
28347,39378,australia
28348,23769,United States
28349,34009,canada
28350,30958,canada
28351,17727,india
28352,47104,United Kingdom
28353,21829,United States
28354,17294,germany
28355,49861,australia
28356,33612,india
28357,17836,india
28358,27694,canada
28359,48086,Unitaed Arab Emirates
28360,48895,india
28361,21373,canada
28362,48864,germany
28363,15681,United Kingdom
28364,16835,United Kingdom
28365,37723,United States
28366,43964,United Kingdom
28367,39439,germany
28368,15764,australia
28369,29997,canada
28370,21603,Unitaed Arab Emirates
28371,10481,germany
28372,46072,United Kingdom
28373,28470,United Kingdom
28374,33611,United Kingdom
28375,28911,canada
28376,49317,germany
28377,17125,United States
28378,15853,United Kingdom
28379,23579,United Kingdom
28380,10386,australia
28381,22077,australia
28382,26099,germany
28383,33785,germany
28384,47758,United Kingdom
28385,41058,United Kingdom
28386,12238,australia
28387,14205,germany
28388,39596,Unitaed Arab Emirates
28389,27774,canada
28390,39568,Unitaed Arab Emirates
28391,10327,canada
28392,15907,United Kingdom
28393,29263,United Kingdom
28394,13415,australia
28395,36226,australia
28396,37572,germany
28397,49838,canada
28398,19981,germany
28399,46786,germany
28400,28554,canada
28401,36067,germany
28402,42476,United Kingdom
28403,13239,United States
28404,37985,germany
28405,22265,australia
28406,48572,australia
28407,24925,germany
28408,22224,india
28409,16945,germany
28410,14296,india
28411,17163,australia
28412,45571,United Kingdom
28413,43780,United States
28414,17304,United States
28415,45738,canada
28416,12018,germany
28417,13121,canada
28418,49571,Unitaed Arab Emirates
28419,13593,india
28420,47044,United Kingdom
28421,47653,germany
28422,27628,germany
28423,26858,india
28424,15589,Unitaed Arab Emirates
28425,26355,canada
28426,18134,United Kingdom
28427,11161,germany
28428,32055,india
28429,12289,germany
28430,49368,United Kingdom
28431,26576,United Kingdom
28432,29301,Unitaed Arab Emirates
28433,30604,United Kingdom
28434,26180,germany
28435,29601,Unitaed Arab Emirates
28436,40572,australia
28437,35098,United Kingdom
28438,32535,australia
28439,23042,canada
28440,33142,germany
28441,43029,canada
28442,19470,United States
28443,25642,australia
28444,31686,germany
28445,31796,australia
28446,12482,australia
28447,19027,canada
28448,35892,United Kingdom
28449,48605,australia
28450,27560,United States
28451,35752,United Kingdom
28452,10384,india
28453,44958,United States
28454,41242,United Kingdom
28455,18115,australia
28456,33176,germany
28457,16724,australia
28458,27646,United Kingdom
28459,15793,United States
28460,13961,United States
28461,28846,canada
28462,34006,United Kingdom
28463,33596,australia
28464,31471,australia
28465,13716,canada
28466,28052,United States
28467,36520,United States
28468,13902,india
28469,49444,germany
28470,19826,canada
28471,17545,United Kingdom
28472,12817,india
28473,43966,United Kingdom
28474,28053,canada
28475,13769,germany
28476,28577,canada
28477,38447,Unitaed Arab Emirates
28478,34651,Unitaed Arab Emirates
28479,26830,United States
28480,14496,United States
28481,38477,germany
28482,23809,australia
28483,29944,canada
28484,13393,germany
28485,36775,india
28486,18193,United Kingdom
28487,44714,canada
28488,23082,australia
28489,46043,germany
28490,46627,canada
28491,28529,United States
28492,16136,United States
28493,40607,United Kingdom
28494,31582,United Kingdom
28495,12233,United Kingdom
28496,31094,canada
28497,27926,australia
28498,17276,australia
28499,35402,Unitaed Arab Emirates
28500,26369,Unitaed Arab Emirates
28501,37017,germany
28502,11121,australia
28503,24783,United Kingdom
28504,32753,india
28505,18021,canada
28506,30283,india
28507,26225,United Kingdom
28508,23718,canada
28509,48213,canada
28510,17479,Unitaed Arab Emirates
28511,33762,germany
28512,38534,australia
28513,47808,canada
28514,32223,germany
28515,16584,United States
28516,25399,Unitaed Arab Emirates
28517,29505,United States
28518,38371,india
28519,26958,United Kingdom
28520,15109,australia
28521,40026,germany
28522,49366,australia
28523,27609,canada
28524,27775,india
28525,13177,United States
28526,39503,canada
28527,33542,United Kingdom
28528,28604,india
28529,17889,United States
28530,21375,india
28531,33629,germany
28532,13260,germany
28533,20997,germany
28534,12533,germany
28535,15556,australia
28536,22293,canada
28537,33764,Unitaed Arab Emirates
28538,45934,australia
28539,14380,india
28540,10560,australia
28541,39647,india
28542,17496,United Kingdom
28543,36439,Unitaed Arab Emirates
28544,47852,australia
28545,26002,australia
28546,31289,australia
28547,32991,United States
28548,39111,australia
28549,14748,Unitaed Arab Emirates
28550,13318,germany
28551,11008,australia
28552,34702,australia
28553,23693,canada
28554,43626,Unitaed Arab Emirates
28555,36554,United Kingdom
28556,45217,india
28557,13226,australia
28558,26605,australia
28559,21605,Unitaed Arab Emirates
28560,34506,United States
28561,44133,australia
28562,11053,india
28563,22373,australia
28564,16000,germany
28565,40844,United Kingdom
28566,28425,United Kingdom
28567,14844,United States
28568,19000,canada
28569,29401,United States
28570,48769,canada
28571,19297,australia
28572,29734,canada
28573,11248,canada
28574,21537,germany
28575,42429,United Kingdom
28576,42903,australia
28577,20279,United States
28578,36367,Unitaed Arab Emirates
28579,31743,australia
28580,23040,india
28581,37166,australia
28582,15086,United States
28583,43963,canada
28584,37673,india
28585,39682,United Kingdom
28586,30714,United States
28587,15619,United Kingdom
28588,30172,australia
28589,10618,canada
28590,19724,Unitaed Arab Emirates
28591,12851,Unitaed Arab Emirates
28592,32092,United States
28593,48872,United Kingdom
28594,40039,United Kingdom
28595,46700,United Kingdom
28596,15718,germany
28597,38934,india
28598,45815,germany
28599,34768,canada
28600,40343,australia
28601,38486,india
28602,13477,india
28603,47657,Unitaed Arab Emirates
28604,21703,United States
28605,47259,australia
28606,36251,Unitaed Arab Emirates
28607,32916,germany
28608,42245,australia
28609,22134,United States
28610,35183,canada
28611,31062,india
28612,21308,australia
28613,41352,United States
28614,39745,Unitaed Arab Emirates
28615,10650,United States
28616,40551,germany
28617,47884,canada
28618,26442,United States
28619,41688,Unitaed Arab Emirates
28620,42399,germany
28621,12844,india
28622,13236,canada
28623,10106,australia
28624,44104,United States
28625,15573,Unitaed Arab Emirates
28626,15093,United Kingdom
28627,10355,United States
28628,46722,canada
28629,43736,United Kingdom
28630,10806,United Kingdom
28631,35984,Unitaed Arab Emirates
28632,40896,india
28633,48185,germany
28634,23602,germany
28635,35184,australia
28636,16995,germany
28637,20433,australia
28638,45519,United States
28639,22558,Unitaed Arab Emirates
28640,32358,United States
28641,27190,germany
28642,14354,germany
28643,38157,germany
28644,46953,australia
28645,10267,germany
28646,48964,germany
28647,18463,germany
28648,21613,germany
28649,27903,United Kingdom
28650,19446,United Kingdom
28651,24872,australia
28652,14331,australia
28653,44479,United Kingdom
28654,46354,india
28655,32483,germany
28656,40415,United Kingdom
28657,36664,United States
28658,35610,australia
28659,23904,australia
28660,40379,United States
28661,35970,australia
28662,15591,United Kingdom
28663,13374,india
28664,33075,United Kingdom
28665,31217,United States
28666,16955,india
28667,38230,germany
28668,47535,india
28669,34008,canada
28670,14061,United States
28671,45335,germany
28672,22106,United States
28673,17189,canada
28674,34522,germany
28675,31199,india
28676,27748,india
28677,28400,United Kingdom
28678,37676,United States
28679,24543,United Kingdom
28680,36497,australia
28681,26800,Unitaed Arab Emirates
28682,45093,United States
28683,35821,United Kingdom
28684,19731,Unitaed Arab Emirates
28685,43574,india
28686,15150,United States
28687,46006,canada
28688,31090,germany
28689,22312,india
28690,37876,india
28691,12349,United States
28692,41774,germany
28693,44804,australia
28694,41960,canada
28695,35159,australia
28696,26168,United Kingdom
28697,38645,india
28698,31839,United Kingdom
28699,37386,United States
28700,18351,Unitaed Arab Emirates
28701,45633,United States
28702,29524,canada
28703,11322,germany
28704,44145,Unitaed Arab Emirates
28705,18003,Unitaed Arab Emirates
28706,15904,india
28707,47773,Unitaed Arab Emirates
28708,19509,Unitaed Arab Emirates
28709,15032,United States
28710,35835,Unitaed Arab Emirates
28711,21191,Unitaed Arab Emirates
28712,18923,canada
28713,14420,United Kingdom
28714,36873,australia
28715,47754,Unitaed Arab Emirates
28716,11766,canada
28717,28192,australia
28718,15982,United Kingdom
28719,38601,india
28720,41187,United Kingdom
28721,11769,india
28722,12961,Unitaed Arab Emirates
28723,42098,Unitaed Arab Emirates
28724,24692,germany
28725,35633,india
28726,15391,United Kingdom
28727,17026,germany
28728,21347,india
28729,43933,United States
28730,31113,Unitaed Arab Emirates
28731,40522,india
28732,41615,United Kingdom
28733,28973,india
28734,40804,Unitaed Arab Emirates
28735,12727,india
28736,21134,india
28737,21126,Unitaed Arab Emirates
28738,41801,germany
28739,32493,United Kingdom
28740,23622,germany
28741,48544,Unitaed Arab Emirates
28742,18156,Unitaed Arab Emirates
28743,45823,canada
28744,12180,canada
28745,49293,canada
28746,19814,india
28747,35448,United Kingdom
28748,45613,United Kingdom
28749,32511,Unitaed Arab Emirates
28750,33727,india
28751,20548,australia
28752,29966,india
28753,10134,United States
28754,25798,india
28755,10383,canada
28756,10612,germany
28757,17604,United Kingdom
28758,48976,india
28759,48254,United Kingdom
28760,41360,Unitaed Arab Emirates
28761,33272,United Kingdom
28762,24536,canada
28763,16925,United Kingdom
28764,43822,india
28765,11465,australia
28766,28420,australia
28767,16479,germany
28768,49149,canada
28769,14265,germany
28770,25900,canada
28771,35054,australia
28772,12638,india
28773,16694,United States
28774,28212,germany
28775,18991,United States
28776,21965,canada
28777,22029,australia
28778,14739,australia
28779,34990,United States
28780,25459,Unitaed Arab Emirates
28781,30260,india
28782,39043,United Kingdom
28783,21655,Unitaed Arab Emirates
28784,34468,india
28785,21986,United States
28786,48189,india
28787,39649,germany
28788,10458,india
28789,43559,canada
28790,25531,United States
28791,26056,United Kingdom
28792,25292,Unitaed Arab Emirates
28793,42940,germany
28794,18942,germany
28795,33492,Unitaed Arab Emirates
28796,33418,australia
28797,34829,United Kingdom
28798,17752,germany
28799,35004,United States
28800,11935,United States
28801,32808,Unitaed Arab Emirates
28802,26822,germany
28803,13855,canada
28804,43753,canada
28805,37233,United Kingdom
28806,34180,germany
28807,44515,germany
28808,47838,india
28809,37072,australia
28810,23280,india
28811,23518,india
28812,18663,germany
28813,33228,germany
28814,16501,United Kingdom
28815,15885,United Kingdom
28816,14433,United States
28817,48489,canada
28818,19978,canada
28819,18633,United States
28820,49603,india
28821,19230,australia
28822,42157,germany
28823,10071,United Kingdom
28824,17717,canada
28825,38633,United Kingdom
28826,25405,United States
28827,23538,australia
28828,16089,australia
28829,16668,Unitaed Arab Emirates
28830,39491,germany
28831,34571,australia
28832,23346,Unitaed Arab Emirates
28833,16221,Unitaed Arab Emirates
28834,12023,Unitaed Arab Emirates
28835,20597,australia
28836,12884,United Kingdom
28837,30122,United Kingdom
28838,31473,United Kingdom
28839,10451,germany
28840,21576,United Kingdom
28841,14781,germany
28842,19022,india
28843,34161,Unitaed Arab Emirates
28844,22368,canada
28845,13476,germany
28846,43047,canada
28847,46268,germany
28848,48955,australia
28849,17362,india
28850,25492,Unitaed Arab Emirates
28851,32189,Unitaed Arab Emirates
28852,26550,germany
28853,19665,United Kingdom
28854,13330,Unitaed Arab Emirates
28855,10159,germany
28856,40381,australia
28857,30050,india
28858,39068,United States
28859,23423,United Kingdom
28860,28954,germany
28861,47279,germany
28862,30232,australia
28863,48847,australia
28864,35636,germany
28865,12279,canada
28866,24205,canada
28867,13229,United States
28868,23935,United States
28869,19304,germany
28870,37539,germany
28871,30270,United Kingdom
28872,37123,United States
28873,28813,australia
28874,28524,canada
28875,21777,United Kingdom
28876,35425,canada
28877,39066,United States
28878,46855,germany
28879,19790,United States
28880,46565,australia
28881,44322,germany
28882,10929,Unitaed Arab Emirates
28883,34149,United States
28884,43888,india
28885,12506,Unitaed Arab Emirates
28886,38401,United States
28887,23784,United States
28888,25632,canada
28889,10416,germany
28890,37160,United States
28891,37757,australia
28892,18263,germany
28893,28220,canada
28894,47403,Unitaed Arab Emirates
28895,12954,india
28896,31990,india
28897,32976,United States
28898,38912,australia
28899,17115,Unitaed Arab Emirates
28900,15787,Unitaed Arab Emirates
28901,17069,United Kingdom
28902,21869,canada
28903,36620,United Kingdom
28904,17771,canada
28905,49096,australia
28906,20836,canada
28907,10282,australia
28908,20620,germany
28909,40838,Unitaed Arab Emirates
28910,38497,United States
28911,21941,germany
28912,27580,Unitaed Arab Emirates
28913,16869,United Kingdom
28914,16405,germany
28915,39342,United Kingdom
28916,48907,canada
28917,42203,india
28918,45753,india
28919,25261,canada
28920,42484,Unitaed Arab Emirates
28921,13638,United States
28922,37831,United States
28923,33308,india
28924,34804,germany
28925,33383,germany
28926,19667,germany
28927,14505,United States
28928,45908,india
28929,19119,United Kingdom
28930,22089,United States
28931,11868,United Kingdom
28932,20034,australia
28933,19653,Unitaed Arab Emirates
28934,48121,United States
28935,36639,germany
28936,38004,Unitaed Arab Emirates
28937,19467,United Kingdom
28938,26201,United States
28939,49947,australia
28940,45723,australia
28941,33776,United Kingdom
28942,12527,Unitaed Arab Emirates
28943,33767,germany
28944,10423,United States
28945,35903,Unitaed Arab Emirates
28946,12456,india
28947,11617,germany
28948,46605,canada
28949,12910,canada
28950,27381,Unitaed Arab Emirates
28951,23256,india
28952,36473,United States
28953,41511,United Kingdom
28954,33174,canada
28955,46192,United States
28956,14794,germany
28957,18592,germany
28958,10313,United Kingdom
28959,19553,india
28960,49976,australia
28961,22194,United States
28962,29014,australia
28963,38625,india
28964,41065,United States
28965,11881,india
28966,11316,Unitaed Arab Emirates
28967,44066,Unitaed Arab Emirates
28968,27868,United Kingdom
28969,10802,United Kingdom
28970,16970,australia
28971,23441,Unitaed Arab Emirates
28972,45585,Unitaed Arab Emirates
28973,19832,canada
28974,26098,australia
28975,38072,United States
28976,22524,india
28977,11518,india
28978,29085,Unitaed Arab Emirates
28979,40729,United Kingdom
28980,24849,canada
28981,44509,germany
28982,22495,australia
28983,48409,india
28984,49694,United Kingdom
28985,25729,United Kingdom
28986,36727,United States
28987,28987,germany
28988,46592,india
28989,29812,germany
28990,29396,United Kingdom
28991,37055,germany
28992,47595,australia
28993,41646,canada
28994,42147,Unitaed Arab Emirates
28995,18209,india
28996,47760,United Kingdom
28997,31664,United Kingdom
28998,35871,United States
28999,48740,United States
29000,35554,United States
29001,24544,canada
29002,25803,australia
29003,39734,australia
29004,32149,Unitaed Arab Emirates
29005,30789,canada
29006,44800,germany
29007,31665,United Kingdom
29008,38019,canada
29009,19836,germany
29010,33910,australia
29011,44120,United States
29012,39768,United Kingdom
29013,41691,australia
29014,15019,australia
29015,19023,United Kingdom
29016,36542,United Kingdom
29017,24124,canada
29018,32442,Unitaed Arab Emirates
29019,46127,canada
29020,15270,australia
29021,22919,germany
29022,43848,australia
29023,49174,United Kingdom
29024,18044,germany
29025,49609,United States
29026,16373,australia
29027,41095,Unitaed Arab Emirates
29028,26639,United Kingdom
29029,40547,australia
29030,26046,australia
29031,40452,canada
29032,21091,india
29033,34603,australia
29034,30676,india
29035,37255,india
29036,45700,United States
29037,42372,United States
29038,32978,australia
29039,27715,canada
29040,34746,United States
29041,13188,india
29042,41758,United States
29043,13407,United Kingdom
29044,30274,Unitaed Arab Emirates
29045,36717,Unitaed Arab Emirates
29046,28831,germany
29047,18938,United States
29048,32096,germany
29049,33169,canada
29050,35108,United Kingdom
29051,18140,canada
29052,34141,australia
29053,47975,india
29054,37537,United States
29055,38839,australia
29056,39379,United Kingdom
29057,22922,canada
29058,12625,germany
29059,27838,australia
29060,25123,india
29061,18119,germany
29062,48753,india
29063,25891,Unitaed Arab Emirates
29064,23080,canada
29065,33554,india
29066,41790,United Kingdom
29067,30619,United Kingdom
29068,37182,germany
29069,29899,United States
29070,23615,United Kingdom
29071,14162,United States
29072,35069,australia
29073,25958,United Kingdom
29074,20590,Unitaed Arab Emirates
29075,11070,canada
29076,32028,germany
29077,37659,Unitaed Arab Emirates
29078,12764,australia
29079,20678,australia
29080,44635,india
29081,11326,Unitaed Arab Emirates
29082,28423,Unitaed Arab Emirates
29083,24753,United States
29084,30466,United States
29085,48905,germany
29086,49437,Unitaed Arab Emirates
29087,12655,australia
29088,18778,germany
29089,45130,india
29090,34429,australia
29091,36661,australia
29092,10653,australia
29093,39746,australia
29094,13091,india
29095,48412,Unitaed Arab Emirates
29096,44980,india
29097,40353,United States
29098,35512,United Kingdom
29099,16783,india
29100,49501,United States
29101,22867,india
29102,12967,canada
29103,16722,india
29104,31727,australia
29105,35059,australia
29106,13101,india
29107,35397,australia
29108,39642,australia
29109,21372,United States
29110,46339,india
29111,37494,United States
29112,37054,United Kingdom
29113,23260,germany
29114,42365,canada
29115,32893,Unitaed Arab Emirates
29116,28619,canada
29117,21336,United States
29118,42616,australia
29119,13659,Unitaed Arab Emirates
29120,21619,canada
29121,16634,germany
29122,26067,australia
29123,42131,germany
29124,39828,United Kingdom
29125,36767,United Kingdom
29126,35644,australia
29127,36780,United States
29128,25994,australia
29129,34385,australia
29130,14318,canada
29131,38395,australia
29132,42173,United States
29133,13459,canada
29134,34092,india
29135,14608,United Kingdom
29136,39687,Unitaed Arab Emirates
29137,18752,United States
29138,26170,United Kingdom
29139,15046,Unitaed Arab Emirates
29140,15711,Unitaed Arab Emirates
29141,36890,germany
29142,11390,india
29143,45394,australia
29144,46527,canada
29145,27567,United Kingdom
29146,28661,United Kingdom
29147,41445,United Kingdom
29148,36829,United States
29149,20561,Unitaed Arab Emirates
29150,22440,australia
29151,38098,germany
29152,45083,india
29153,15284,United Kingdom
29154,35251,india
29155,27688,Unitaed Arab Emirates
29156,19842,Unitaed Arab Emirates
29157,31292,canada
29158,33724,canada
29159,43244,australia
29160,37826,Unitaed Arab Emirates
29161,17585,germany
29162,42782,United Kingdom
29163,29649,canada
29164,28072,United States
29165,24876,United Kingdom
29166,26860,australia
29167,41524,canada
29168,22642,United States
29169,30926,United States
29170,30793,australia
29171,48776,United Kingdom
29172,12708,australia
29173,40506,canada
29174,26234,United States
29175,35502,Unitaed Arab Emirates
29176,46200,United States
29177,36751,india
29178,15583,Unitaed Arab Emirates
29179,22972,india
29180,10353,india
29181,36493,germany
29182,46647,United States
29183,41393,Unitaed Arab Emirates
29184,39294,canada
29185,37208,india
29186,29783,United Kingdom
29187,38717,canada
29188,32800,United States
29189,37713,australia
29190,41470,Unitaed Arab Emirates
29191,11992,Unitaed Arab Emirates
29192,23804,United States
29193,32089,canada
29194,28409,United Kingdom
29195,18984,germany
29196,18498,australia
29197,26529,United Kingdom
29198,13565,germany
29199,48295,United Kingdom
29200,48460,india
29201,30424,canada
29202,35844,United States
29203,42552,canada
29204,30304,canada
29205,46087,india
29206,19945,india
29207,29950,canada
29208,10948,United States
29209,42134,australia
29210,38175,United States
29211,44948,germany
29212,16046,canada
29213,46524,germany
29214,35724,india
29215,21643,australia
29216,47902,Unitaed Arab Emirates
29217,23416,canada
29218,17939,germany
29219,20838,australia
29220,36444,Unitaed Arab Emirates
29221,36115,australia
29222,45496,Unitaed Arab Emirates
29223,26680,United Kingdom
29224,11923,canada
29225,28628,germany
29226,22567,india
29227,32394,australia
29228,31078,germany
29229,47677,Unitaed Arab Emirates
29230,36490,india
29231,48066,australia
29232,48962,australia
29233,10621,australia
29234,26535,United Kingdom
29235,32733,germany
29236,16529,United States
29237,37838,Unitaed Arab Emirates
29238,30433,australia
29239,19101,india
29240,36966,United States
29241,28186,germany
29242,38195,Unitaed Arab Emirates
29243,42161,india
29244,40217,United Kingdom
29245,39824,canada
29246,28223,australia
29247,42774,United Kingdom
29248,20218,United Kingdom
29249,37078,United States
29250,13517,United Kingdom
29251,47667,india
29252,23027,australia
29253,18229,australia
29254,12485,United States
29255,25063,canada
29256,20405,Unitaed Arab Emirates
29257,39414,Unitaed Arab Emirates
29258,42456,United States
29259,25012,Unitaed Arab Emirates
29260,26632,United Kingdom
29261,48147,Unitaed Arab Emirates
29262,34103,Unitaed Arab Emirates
29263,36800,germany
29264,14485,india
29265,49454,United Kingdom
29266,11714,germany
29267,36790,United States
29268,38009,india
29269,16702,Unitaed Arab Emirates
29270,47550,United Kingdom
29271,20014,United Kingdom
29272,35851,United Kingdom
29273,12094,Unitaed Arab Emirates
29274,15349,australia
29275,38261,United States
29276,14230,United States
29277,45499,canada
29278,46266,australia
29279,48795,australia
29280,18514,United Kingdom
29281,34362,australia
29282,14761,canada
29283,19658,australia
29284,31107,australia
29285,20305,india
29286,35739,canada
29287,26009,United States
29288,29430,Unitaed Arab Emirates
29289,25173,india
29290,22273,india
29291,20070,india
29292,49090,australia
29293,44463,Unitaed Arab Emirates
29294,18848,india
29295,10578,canada
29296,13988,United States
29297,13635,United Kingdom
29298,16666,india
29299,42834,india
29300,40045,canada
29301,32603,australia
29302,32270,germany
29303,18272,United Kingdom
29304,25702,United Kingdom
29305,38819,germany
29306,46272,United States
29307,24557,canada
29308,34018,india
29309,49086,Unitaed Arab Emirates
29310,12877,australia
29311,32323,United States
29312,41828,india
29313,40766,Unitaed Arab Emirates
29314,41279,germany
29315,39567,australia
29316,16126,Unitaed Arab Emirates
29317,25248,india
29318,45755,United States
29319,17082,United States
29320,17420,United Kingdom
29321,17140,United States
29322,45651,United States
29323,48322,india
29324,34454,United Kingdom
29325,18063,australia
29326,47233,United Kingdom
29327,15898,Unitaed Arab Emirates
29328,25243,canada
29329,35090,india
29330,24909,australia
29331,12046,canada
29332,41808,canada
29333,49922,Unitaed Arab Emirates
29334,28702,canada
29335,45441,Unitaed Arab Emirates
29336,18914,australia
29337,22275,United States
29338,19284,india
29339,31499,australia
29340,13522,germany
29341,13473,australia
29342,13570,india
29343,33553,india
29344,49199,india
29345,35157,Unitaed Arab Emirates
29346,20053,Unitaed Arab Emirates
29347,21975,United Kingdom
29348,48919,United States
29349,42699,Unitaed Arab Emirates
29350,48258,canada
29351,46352,australia
29352,29660,germany
29353,20261,australia
29354,42663,germany
29355,29886,Unitaed Arab Emirates
29356,26571,United Kingdom
29357,29779,United Kingdom
29358,42167,canada
29359,20606,germany
29360,13261,Unitaed Arab Emirates
29361,12742,australia
29362,13493,United Kingdom
29363,16922,Unitaed Arab Emirates
29364,28263,australia
29365,25950,germany
29366,34520,germany
29367,45766,germany
29368,40144,canada
29369,40744,Unitaed Arab Emirates
29370,36112,germany
29371,10581,australia
29372,26898,germany
29373,33396,Unitaed Arab Emirates
29374,44245,india
29375,44634,india
29376,14197,australia
29377,45539,india
29378,14585,australia
29379,35112,australia
29380,40008,United States
29381,49326,india
29382,24021,Unitaed Arab Emirates
29383,20850,canada
29384,38980,india
29385,26754,germany
29386,23907,india
29387,23483,United Kingdom
29388,21397,australia
29389,35231,Unitaed Arab Emirates
29390,20308,india
29391,38930,Unitaed Arab Emirates
29392,40326,canada
29393,10820,germany
29394,36380,Unitaed Arab Emirates
29395,19786,australia
29396,32625,australia
29397,13736,United Kingdom
29398,13904,india
29399,27877,germany
29400,10473,australia
29401,33331,canada
29402,47709,United States
29403,21723,United Kingdom
29404,34855,india
29405,49335,germany
29406,44284,United Kingdom
29407,38700,india
29408,27890,india
29409,49168,germany
29410,19645,Unitaed Arab Emirates
29411,23193,australia
29412,45406,germany
29413,12634,United Kingdom
29414,27383,United Kingdom
29415,32495,United Kingdom
29416,32565,United Kingdom
29417,34118,india
29418,21280,australia
29419,49853,Unitaed Arab Emirates
29420,49523,canada
29421,43267,germany
29422,23450,india
29423,24089,United Kingdom
29424,29702,Unitaed Arab Emirates
29425,24184,Unitaed Arab Emirates
29426,11022,United States
29427,13673,canada
29428,17411,canada
29429,16651,United Kingdom
29430,18941,United States
29431,29937,germany
29432,38012,australia
29433,43749,Unitaed Arab Emirates
29434,39556,United Kingdom
29435,32196,United States
29436,29977,United States
29437,47938,canada
29438,10102,United States
29439,39493,india
29440,42204,australia
29441,33470,india
29442,28036,United States
29443,12403,germany
29444,30955,United Kingdom
29445,29911,Unitaed Arab Emirates
29446,26405,United States
29447,28532,United States
29448,43532,canada
29449,20885,india
29450,43836,germany
29451,20282,australia
29452,40062,india
29453,40848,canada
29454,13901,germany
29455,12267,canada
29456,20142,australia
29457,16121,United Kingdom
29458,43269,germany
29459,39166,australia
29460,11190,india
29461,32117,india
29462,29216,india
29463,16765,Unitaed Arab Emirates
29464,49422,india
29465,24072,germany
29466,46158,United Kingdom
29467,16398,canada
29468,27551,Unitaed Arab Emirates
29469,40682,india
29470,11169,australia
29471,47521,United Kingdom
29472,30217,germany
29473,18093,india
29474,22777,Unitaed Arab Emirates
29475,46987,canada
29476,19275,germany
29477,28686,United States
29478,15939,United States
29479,41433,germany
29480,27317,india
29481,32890,United States
29482,49638,india
29483,46596,United Kingdom
29484,42192,australia
29485,37585,germany
29486,40436,United Kingdom
29487,13422,canada
29488,29209,Unitaed Arab Emirates
29489,47901,United Kingdom
29490,38404,canada
29491,46590,United States
29492,36351,india
29493,12805,australia
29494,14066,india
29495,25007,australia
29496,15767,australia
29497,30378,United States
29498,15276,india
29499,30108,germany
29500,16372,germany
29501,22413,germany
29502,22329,United Kingdom
29503,14001,Unitaed Arab Emirates
29504,27177,germany
29505,30897,United States
29506,26229,United States
29507,15713,United States
29508,24489,canada
29509,33537,United Kingdom
29510,49134,canada
29511,17012,india
29512,42263,canada
29513,41907,india
29514,26786,United Kingdom
29515,48332,United Kingdom
29516,47325,canada
29517,43985,australia
29518,42706,germany
29519,48333,United Kingdom
29520,32002,United Kingdom
29521,24329,Unitaed Arab Emirates
29522,43750,india
29523,16790,germany
29524,31530,canada
29525,41834,Unitaed Arab Emirates
29526,33991,india
29527,22445,germany
29528,19457,United States
29529,13730,germany
29530,19879,Unitaed Arab Emirates
29531,46014,canada
29532,39864,australia
29533,45849,india
29534,13891,germany
29535,15148,india
29536,31182,canada
29537,14103,Unitaed Arab Emirates
29538,28136,Unitaed Arab Emirates
29539,43891,india
29540,22992,canada
29541,48727,United Kingdom
29542,12432,United States
29543,33059,australia
29544,33101,United Kingdom
29545,49178,india
29546,22670,germany
29547,13780,Unitaed Arab Emirates
29548,24732,Unitaed Arab Emirates
29549,42331,United States
29550,40354,india
29551,40047,india
29552,33282,canada
29553,32851,United States
29554,18794,United Kingdom
29555,32522,Unitaed Arab Emirates
29556,12648,australia
29557,31463,australia
29558,33987,canada
29559,16853,australia
29560,31247,australia
29561,44976,india
29562,43142,United Kingdom
29563,41203,canada
29564,46963,United Kingdom
29565,12909,United States
29566,28621,germany
29567,10377,United Kingdom
29568,41543,germany
29569,21256,canada
29570,21382,United Kingdom
29571,34187,United States
29572,29160,canada
29573,23343,germany
29574,13262,United States
29575,17757,india
29576,35689,canada
29577,44547,australia
29578,28075,Unitaed Arab Emirates
29579,22397,india
29580,11111,australia
29581,38776,United Kingdom
29582,48722,germany
29583,25085,United States
29584,24532,Unitaed Arab Emirates
29585,20491,germany
29586,48618,canada
29587,47015,United Kingdom
29588,40939,United Kingdom
29589,15134,india
29590,33651,germany
29591,45460,Unitaed Arab Emirates
29592,46461,india
29593,14434,india
29594,20252,Unitaed Arab Emirates
29595,12849,canada
29596,23422,United States
29597,25674,United States
29598,14213,Unitaed Arab Emirates
29599,14141,germany
29600,36487,canada
29601,13273,india
29602,47564,United Kingdom
29603,25438,United Kingdom
29604,45966,United Kingdom
29605,40813,United Kingdom
29606,26139,canada
29607,20366,australia
29608,19591,germany
29609,11445,australia
29610,18205,india
29611,39308,canada
29612,46373,Unitaed Arab Emirates
29613,28942,australia
29614,47956,Unitaed Arab Emirates
29615,17578,United Kingdom
29616,14024,germany
29617,23934,Unitaed Arab Emirates
29618,49254,india
29619,13183,canada
29620,19449,United Kingdom
29621,22547,United States
29622,20470,United Kingdom
29623,20010,australia
29624,29182,Unitaed Arab Emirates
29625,47316,United Kingdom
29626,38740,india
29627,18302,Unitaed Arab Emirates
29628,36945,india
29629,44788,australia
29630,45972,United States
29631,21085,australia
29632,29614,india
29633,34992,United States
29634,29626,germany
29635,13017,United Kingdom
29636,12819,United States
29637,34624,Unitaed Arab Emirates
29638,43148,United States
29639,15365,Unitaed Arab Emirates
29640,46406,United States
29641,45513,United States
29642,19542,germany
29643,40168,india
29644,40297,india
29645,24172,australia
29646,20876,United Kingdom
29647,46283,United Kingdom
29648,11738,Unitaed Arab Emirates
29649,37734,australia
29650,25080,india
29651,27809,canada
29652,14680,United States
29653,25990,canada
29654,24830,canada
29655,41977,india
29656,29984,United States
29657,46684,germany
29658,45440,Unitaed Arab Emirates
29659,36491,australia
29660,22036,india
29661,42488,australia
29662,21743,canada
29663,40046,United Kingdom
29664,18356,United States
29665,37702,United Kingdom
29666,36024,germany
29667,20818,india
29668,16008,United States
29669,31395,germany
29670,41072,United States
29671,31553,canada
29672,21789,australia
29673,21583,india
29674,21395,india
29675,25875,india
29676,45246,india
29677,16369,australia
29678,13500,germany
29679,26462,germany
29680,37388,United Kingdom
29681,48077,australia
29682,48931,australia
29683,49431,Unitaed Arab Emirates
29684,36401,Unitaed Arab Emirates
29685,46643,United States
29686,35520,canada
29687,26801,australia
29688,23048,germany
29689,39683,Unitaed Arab Emirates
29690,20317,United Kingdom
29691,41728,india
29692,48934,United States
29693,16981,United Kingdom
29694,14016,canada
29695,35918,Unitaed Arab Emirates
29696,22903,canada
29697,42586,United Kingdom
29698,41062,canada
29699,41266,india
29700,49496,australia
29701,44835,canada
29702,21147,Unitaed Arab Emirates
29703,48534,australia
29704,49704,australia
29705,38326,germany
29706,40092,United Kingdom
29707,23995,canada
29708,31027,india
29709,18367,canada
29710,35941,Unitaed Arab Emirates
29711,14343,australia
29712,21540,germany
29713,30803,india
29714,37986,United States
29715,13688,United States
29716,31970,United Kingdom
29717,24762,india
29718,31201,india
29719,34340,Unitaed Arab Emirates
29720,44148,germany
29721,12512,australia
29722,24408,United States
29723,29484,australia
29724,31966,india
29725,24049,india
29726,37201,canada
29727,46661,india
29728,44796,canada
29729,27344,United Kingdom
29730,12946,australia
29731,26397,india
29732,15644,germany
29733,37421,United States
29734,45725,germany
29735,45274,canada
29736,37740,canada
29737,44569,Unitaed Arab Emirates
29738,12003,canada
29739,13434,canada
29740,40920,canada
29741,14186,germany
29742,19218,india
29743,18501,australia
29744,41840,canada
29745,37479,australia
29746,13111,germany
29747,14086,germany
29748,37551,canada
29749,15719,australia
29750,25619,india
29751,28948,india
29752,46039,australia
29753,23258,United States
29754,46589,germany
29755,39087,india
29756,17940,canada
29757,34095,United Kingdom
29758,10599,canada
29759,16556,Unitaed Arab Emirates
29760,36598,germany
29761,24498,United Kingdom
29762,10278,Unitaed Arab Emirates
29763,30313,United States
29764,10494,germany
29765,15781,australia
29766,14475,canada
29767,16144,Unitaed Arab Emirates
29768,21406,india
29769,11354,canada
29770,34944,United Kingdom
29771,46378,canada
29772,34593,germany
29773,32378,United States
29774,44168,United Kingdom
29775,24338,india
29776,35589,australia
29777,16741,germany
29778,14178,United States
29779,23227,india
29780,25194,australia
29781,14641,germany
29782,13278,United States
29783,15618,Unitaed Arab Emirates
29784,12781,canada
29785,38731,australia
29786,22303,canada
29787,41638,germany
29788,35815,australia
29789,22664,india
29790,18213,United Kingdom
29791,39231,canada
29792,21150,australia
29793,12416,india
29794,15037,australia
29795,15941,United Kingdom
29796,24839,australia
29797,14547,australia
29798,11673,germany
29799,12678,canada
29800,49899,india
29801,19072,germany
29802,25206,canada
29803,32287,Unitaed Arab Emirates
29804,30923,United Kingdom
29805,31789,germany
29806,15774,Unitaed Arab Emirates
29807,46874,United Kingdom
29808,28175,canada
29809,15522,United Kingdom
29810,19869,Unitaed Arab Emirates
29811,46176,india
29812,17124,india
29813,27213,canada
29814,16593,germany
29815,44570,United States
29816,12671,australia
29817,30483,india
29818,42473,Unitaed Arab Emirates
29819,14669,canada
29820,17562,india
29821,17891,United Kingdom
29822,20370,United Kingdom
29823,23121,canada
29824,12235,canada
29825,11665,india
29826,14195,Unitaed Arab Emirates
29827,36866,United States
29828,46121,United Kingdom
29829,37583,germany
29830,24421,United States
29831,34155,india
29832,42551,United Kingdom
29833,37874,United States
29834,22227,australia
29835,47862,canada
29836,25011,india
29837,18110,australia
29838,26525,germany
29839,17129,india
29840,19473,United States
29841,43066,australia
29842,10746,india
29843,42492,australia
29844,47545,United Kingdom
29845,14094,india
29846,22382,india
29847,12770,australia
29848,19149,Unitaed Arab Emirates
29849,34839,Unitaed Arab Emirates
29850,12521,Unitaed Arab Emirates
29851,15280,australia
29852,47730,india
29853,38083,canada
29854,16521,india
29855,14613,india
29856,30054,australia
29857,11853,india
29858,30902,germany
29859,38687,australia
29860,49025,australia
29861,33569,Unitaed Arab Emirates
29862,33837,United States
29863,43630,Unitaed Arab Emirates
29864,44806,india
29865,10928,Unitaed Arab Emirates
29866,35011,germany
29867,20310,Unitaed Arab Emirates
29868,39727,United States
29869,48672,canada
29870,47609,United Kingdom
29871,12904,canada
29872,38214,australia
29873,49118,australia
29874,34013,germany
29875,19393,australia
29876,19462,United States
29877,21360,canada
29878,41070,Unitaed Arab Emirates
29879,49929,United Kingdom
29880,19682,Unitaed Arab Emirates
29881,11014,australia
29882,48573,australia
29883,42328,india
29884,20784,canada
29885,38852,canada
29886,14361,canada
29887,42576,United Kingdom
29888,34251,india
29889,45481,canada
29890,31488,india
29891,16931,Unitaed Arab Emirates
29892,16815,india
29893,14413,canada
29894,43910,australia
29895,43080,australia
29896,49030,United States
29897,30292,australia
29898,41949,United Kingdom
29899,46822,germany
29900,48341,Unitaed Arab Emirates
29901,32367,canada
29902,33619,australia
29903,37568,india
29904,48242,United States
29905,14587,india
29906,17480,United Kingdom
29907,13301,United States
29908,29693,United States
29909,18176,germany
29910,49813,australia
29911,26100,germany
29912,15762,United Kingdom
29913,41796,United States
29914,34335,canada
29915,22526,United States
29916,15463,germany
29917,31973,United Kingdom
29918,37147,germany
29919,23025,Unitaed Arab Emirates
29920,38147,Unitaed Arab Emirates
29921,11144,United Kingdom
29922,14628,United Kingdom
29923,36007,germany
29924,29684,india
29925,38090,canada
29926,23153,United Kingdom
29927,30799,india
29928,37105,United States
29929,41366,Unitaed Arab Emirates
29930,17646,Unitaed Arab Emirates
29931,12175,United Kingdom
29932,17932,canada
29933,46049,United Kingdom
29934,41759,canada
29935,33882,United States
29936,10893,canada
29937,24169,australia
29938,20889,india
29939,46933,india
29940,16833,United States
29941,29449,australia
29942,40332,australia
29943,18641,australia
29944,34171,india
29945,46494,india
29946,42800,Unitaed Arab Emirates
29947,35980,canada
29948,20742,United Kingdom
29949,27501,United States
29950,30298,germany
29951,30555,germany
29952,10960,United States
29953,46084,canada
29954,13587,Unitaed Arab Emirates
29955,10614,canada
29956,12405,australia
29957,45888,canada
29958,42662,United Kingdom
29959,15145,australia
29960,29349,United Kingdom
29961,40936,germany
29962,18060,United States
29963,27566,germany
29964,34312,Unitaed Arab Emirates
29965,43804,india
29966,21856,canada
29967,38073,germany
29968,20779,United Kingdom
29969,29708,india
29970,14593,australia
29971,45959,Unitaed Arab Emirates
29972,46885,United Kingdom
29973,35690,india
29974,17580,canada
29975,42894,canada
29976,49803,india
29977,16349,germany
29978,26216,germany
29979,22250,australia
29980,19702,United Kingdom
29981,19860,canada
29982,30970,canada
29983,39571,australia
29984,21791,United States
29985,38726,india
29986,32933,Unitaed Arab Emirates
29987,11971,india
29988,29310,germany
29989,41032,United Kingdom
29990,45417,australia
29991,28893,australia
29992,42303,United States
29993,22396,australia
29994,40753,United States
29995,20944,canada
29996,32003,Unitaed Arab Emirates
29997,35841,United Kingdom
29998,21192,United Kingdom
29999,21156,india
30000,35976,germany
30001,33864,india
30002,32852,australia
30003,26367,United Kingdom
30004,20198,germany
30005,28555,United States
30006,30017,australia
30007,41419,canada
30008,11249,india
30009,13598,germany
30010,18264,india
30011,39160,canada
30012,41778,canada
30013,24000,United Kingdom
30014,12335,United Kingdom
30015,15985,australia
30016,14757,United Kingdom
30017,27663,india
30018,35873,australia
30019,29526,United Kingdom
30020,23118,canada
30021,29403,australia
30022,40738,germany
30023,31619,india
30024,11647,United States
30025,21608,United States
30026,45212,United Kingdom
30027,20338,australia
30028,44961,germany
30029,33603,Unitaed Arab Emirates
30030,19226,United States
30031,44040,canada
30032,15622,germany
30033,35254,canada
30034,49302,india
30035,35041,india
30036,15833,australia
30037,38021,australia
30038,43293,india
30039,16212,germany
30040,38204,canada
30041,33024,australia
30042,43258,germany
30043,48932,canada
30044,44271,Unitaed Arab Emirates
30045,22717,india
30046,19117,india
30047,19996,india
30048,46998,india
30049,30749,United Kingdom
30050,46882,Unitaed Arab Emirates
30051,45138,Unitaed Arab Emirates
30052,15096,australia
30053,23190,United Kingdom
30054,42933,india
30055,31715,United Kingdom
30056,26928,United Kingdom
30057,37106,United Kingdom
30058,20402,germany
30059,22256,United Kingdom
30060,30541,germany
30061,38467,Unitaed Arab Emirates
30062,11926,United States
30063,15033,india
30064,43006,germany
30065,22460,australia
30066,34363,australia
30067,30797,canada
30068,16890,india
30069,17345,germany
30070,36601,United States
30071,21534,india
30072,15546,australia
30073,42659,australia
30074,45810,germany
30075,48846,Unitaed Arab Emirates
30076,18672,canada
30077,46185,United States
30078,18823,india
30079,20263,germany
30080,49300,Unitaed Arab Emirates
30081,45471,United Kingdom
30082,17306,Unitaed Arab Emirates
30083,23379,Unitaed Arab Emirates
30084,11228,United States
30085,27900,United States
30086,44070,australia
30087,32006,australia
30088,28067,United Kingdom
30089,47308,United States
30090,20015,canada
30091,13280,canada
30092,12516,United Kingdom
30093,36101,United States
30094,45087,United States
30095,34893,canada
30096,24080,United Kingdom
30097,48440,germany
30098,37733,United Kingdom
30099,13643,australia
30100,12182,australia
30101,22681,Unitaed Arab Emirates
30102,14490,Unitaed Arab Emirates
30103,49746,canada
30104,19233,United States
30105,47567,United States
30106,30245,United Kingdom
30107,24007,Unitaed Arab Emirates
30108,27003,United States
30109,37811,germany
30110,40419,australia
30111,14881,United Kingdom
30112,40658,canada
30113,43997,United States
30114,43030,canada
30115,18154,germany
30116,45321,australia
30117,31353,australia
30118,30667,india
30119,27105,United Kingdom
30120,15489,india
30121,21614,germany
30122,27606,United Kingdom
30123,19490,australia
30124,42150,canada
30125,26440,Unitaed Arab Emirates
30126,34010,australia
30127,18936,United States
30128,32128,australia
30129,41116,United Kingdom
30130,35182,australia
30131,36120,United Kingdom
30132,20773,Unitaed Arab Emirates
30133,45570,australia
30134,39899,United States
30135,28667,Unitaed Arab Emirates
30136,46403,United Kingdom
30137,10114,United States
30138,48330,australia
30139,42807,United Kingdom
30140,26920,india
30141,20970,Unitaed Arab Emirates
30142,23188,india
30143,31817,germany
30144,46393,United States
30145,24999,United Kingdom
30146,16175,germany
30147,34560,australia
30148,10777,canada
30149,41190,germany
30150,43138,australia
30151,14684,canada
30152,28567,india
30153,35508,Unitaed Arab Emirates
30154,13253,United States
30155,27677,Unitaed Arab Emirates
30156,28404,canada
30157,30713,Unitaed Arab Emirates
30158,10559,United Kingdom
30159,40375,germany
30160,33342,Unitaed Arab Emirates
30161,21209,canada
30162,19983,india
30163,21893,United States
30164,49408,india
30165,18543,United States
30166,36711,United Kingdom
30167,46005,australia
30168,18935,australia
30169,35831,australia
30170,29376,australia
30171,35082,Unitaed Arab Emirates
30172,29274,United Kingdom
30173,30837,Unitaed Arab Emirates
30174,38189,canada
30175,30603,United Kingdom
30176,25314,australia
30177,41406,india
30178,18805,United Kingdom
30179,12436,United States
30180,14650,canada
30181,18751,germany
30182,34275,germany
30183,46318,australia
30184,45448,United Kingdom
30185,23269,india
30186,36199,germany
30187,21657,germany
30188,15144,india
30189,47079,australia
30190,40221,india
30191,43480,Unitaed Arab Emirates
30192,49436,United States
30193,49769,United Kingdom
30194,48056,australia
30195,15469,germany
30196,21273,United Kingdom
30197,37929,United States
30198,44519,United Kingdom
30199,23267,United Kingdom
30200,29554,canada
30201,18586,United Kingdom
30202,16809,canada
30203,43356,canada
30204,17839,australia
30205,23648,canada
30206,16316,india
30207,48543,india
30208,16750,United Kingdom
30209,21943,australia
30210,13196,United States
30211,33195,australia
30212,26322,india
30213,12300,australia
30214,19866,United States
30215,10833,australia
30216,48098,Unitaed Arab Emirates
30217,46246,canada
30218,32630,United Kingdom
30219,26110,india
30220,46405,india
30221,36549,Unitaed Arab Emirates
30222,42518,United Kingdom
30223,33442,United States
30224,17737,Unitaed Arab Emirates
30225,29028,germany
30226,44214,india
30227,26051,Unitaed Arab Emirates
30228,38747,germany
30229,12319,United Kingdom
30230,26481,germany
30231,38235,canada
30232,14088,Unitaed Arab Emirates
30233,29534,germany
30234,10945,United States
30235,35959,australia
30236,18235,australia
30237,28648,india
30238,40695,United States
30239,12054,canada
30240,12709,United States
30241,27262,canada
30242,38394,india
30243,43507,australia
30244,39881,United States
30245,17971,Unitaed Arab Emirates
30246,37139,australia
30247,39383,Unitaed Arab Emirates
30248,10320,canada
30249,27200,Unitaed Arab Emirates
30250,45194,Unitaed Arab Emirates
30251,21027,Unitaed Arab Emirates
30252,39557,United Kingdom
30253,49973,canada
30254,25048,canada
30255,22962,United States
30256,17777,United States
30257,24881,india
30258,14260,United States
30259,46239,United Kingdom
30260,33154,india
30261,46536,Unitaed Arab Emirates
30262,20322,United Kingdom
30263,24336,australia
30264,25128,australia
30265,37130,Unitaed Arab Emirates
30266,25137,United Kingdom
30267,24550,United States
30268,48146,india
30269,13757,United States
30270,35816,germany
30271,29624,United Kingdom
30272,38221,United States
30273,32950,canada
30274,25938,australia
30275,43806,india
30276,34244,United States
30277,39372,india
30278,21295,australia
30279,30219,germany
30280,48209,canada
30281,35396,germany
30282,46075,United States
30283,49145,india
30284,28099,germany
30285,37418,canada
30286,17401,canada
30287,46493,United Kingdom
30288,21443,Unitaed Arab Emirates
30289,39515,canada
30290,17067,australia
30291,29087,germany
30292,16519,United Kingdom
30293,41789,Unitaed Arab Emirates
30294,39408,germany
30295,44470,United Kingdom
30296,29368,germany
30297,11061,germany
30298,46465,Unitaed Arab Emirates
30299,29245,United Kingdom
30300,32035,germany
30301,25788,germany
30302,30656,United States
30303,37687,Unitaed Arab Emirates
30304,35352,india
30305,13789,United Kingdom
30306,11744,india
30307,23844,canada
30308,41522,canada
30309,44529,United Kingdom
30310,24739,india
30311,42278,germany
30312,17509,germany
30313,34272,germany
30314,12786,australia
30315,47395,india
30316,49160,Unitaed Arab Emirates
30317,45665,india
30318,25777,Unitaed Arab Emirates
30319,34493,germany
30320,19373,canada
30321,23254,Unitaed Arab Emirates
30322,39279,germany
30323,48161,germany
30324,42198,United States
30325,33956,United Kingdom
30326,20078,australia
30327,10402,canada
30328,28035,india
30329,28629,United Kingdom
30330,18593,australia
30331,18810,Unitaed Arab Emirates
30332,40442,germany
30333,36087,United Kingdom
30334,49681,germany
30335,28733,canada
30336,11255,United Kingdom
30337,44375,germany
30338,30847,india
30339,33756,canada
30340,11776,australia
30341,34923,United States
30342,36750,germany
30343,46458,india
30344,10695,india
30345,36947,canada
30346,42283,Unitaed Arab Emirates
30347,29174,United States
30348,28781,india
30349,36292,United Kingdom
30350,43193,United States
30351,26069,germany
30352,26558,australia
30353,31693,australia
30354,42260,australia
30355,47557,india
30356,11406,Unitaed Arab Emirates
30357,47565,germany
30358,37963,United States
30359,39772,india
30360,22783,germany
30361,46718,australia
30362,38171,Unitaed Arab Emirates
30363,29659,canada
30364,43588,india
30365,21931,germany
30366,32676,germany
30367,22064,United States
30368,37221,australia
30369,30121,australia
30370,27372,Unitaed Arab Emirates
30371,25321,germany
30372,46871,india
30373,28241,United States
30374,49251,canada
30375,14687,canada
30376,43583,United Kingdom
30377,11986,germany
30378,34554,United Kingdom
30379,36147,United Kingdom
30380,22097,germany
30381,28510,germany
30382,38865,australia
30383,34154,australia
30384,17262,Unitaed Arab Emirates
30385,45158,canada
30386,18183,canada
30387,16775,australia
30388,32228,Unitaed Arab Emirates
30389,16779,Unitaed Arab Emirates
30390,40776,india
30391,29638,canada
30392,29910,United Kingdom
30393,33266,germany
30394,32621,canada
30395,19129,Unitaed Arab Emirates
30396,15972,Unitaed Arab Emirates
30397,20703,canada
30398,19543,australia
30399,10048,United Kingdom
30400,38521,Unitaed Arab Emirates
30401,35130,germany
30402,37098,United Kingdom
30403,23997,canada
30404,10752,canada
30405,18611,australia
30406,33242,australia
30407,10546,australia
30408,43152,india
30409,13946,United Kingdom
30410,23655,Unitaed Arab Emirates
30411,11402,australia
30412,37016,australia
30413,24457,germany
30414,23001,United Kingdom
30415,45942,india
30416,26448,india
30417,22662,australia
30418,35217,germany
30419,32817,United Kingdom
30420,32729,canada
30421,42215,india
30422,16187,United States
30423,18009,australia
30424,18461,australia
30425,18028,Unitaed Arab Emirates
30426,42564,United Kingdom
30427,15247,canada
30428,15040,Unitaed Arab Emirates
30429,46131,canada
30430,37885,Unitaed Arab Emirates
30431,10063,United States
30432,20248,Unitaed Arab Emirates
30433,39102,Unitaed Arab Emirates
30434,23545,United States
30435,28338,india
30436,36469,canada
30437,14724,United Kingdom
30438,43705,germany
30439,49725,Unitaed Arab Emirates
30440,36488,australia
30441,45235,canada
30442,13055,canada
30443,35088,australia
30444,20021,india
30445,31276,australia
30446,36635,india
30447,40519,United Kingdom
30448,18198,United States
30449,30305,india
30450,26723,Unitaed Arab Emirates
30451,20855,germany
30452,22472,Unitaed Arab Emirates
30453,15130,germany
30454,49902,germany
30455,19292,canada
30456,27406,United Kingdom
30457,16812,canada
30458,45668,United States
30459,36260,germany
30460,15962,india
30461,22229,canada
30462,23451,Unitaed Arab Emirates
30463,12078,canada
30464,44446,United States
30465,35566,australia
30466,33270,germany
30467,41362,australia
30468,24531,australia
30469,21588,Unitaed Arab Emirates
30470,10058,australia
30471,20358,canada
30472,47286,United Kingdom
30473,34609,australia
30474,22776,United Kingdom
30475,43968,United Kingdom
30476,48553,canada
30477,41297,australia
30478,46584,Unitaed Arab Emirates
30479,22899,United Kingdom
30480,43523,Unitaed Arab Emirates
30481,18912,india
30482,25220,india
30483,25098,australia
30484,21666,india
30485,18468,United Kingdom
30486,31161,United Kingdom
30487,43515,india
30488,46600,United States
30489,37721,germany
30490,18560,United States
30491,17849,Unitaed Arab Emirates
30492,47277,Unitaed Arab Emirates
30493,23076,germany
30494,44637,United Kingdom
30495,14451,United Kingdom
30496,25752,australia
30497,16123,australia
30498,16263,india
30499,27896,canada
30500,48665,australia
30501,17222,canada
30502,35050,germany
30503,21808,Unitaed Arab Emirates
30504,16109,canada
30505,43417,india
30506,17597,india
30507,46396,United Kingdom
30508,17884,india
30509,30086,United States
30510,41396,United States
30511,42510,United States
30512,10366,india
30513,37866,india
30514,34595,Unitaed Arab Emirates
30515,47318,canada
30516,23206,United Kingdom
30517,23053,canada
30518,16674,canada
30519,33268,canada
30520,13786,canada
30521,18951,Unitaed Arab Emirates
30522,10968,india
30523,32677,United States
30524,44840,australia
30525,36355,Unitaed Arab Emirates
30526,45510,United States
30527,24821,United States
30528,39865,india
30529,42202,germany
30530,15630,Unitaed Arab Emirates
30531,14618,United Kingdom
30532,13791,canada
30533,46226,United States
30534,23837,india
30535,48303,United Kingdom
30536,15866,Unitaed Arab Emirates
30537,42614,Unitaed Arab Emirates
30538,19155,canada
30539,26774,United Kingdom
30540,38816,australia
30541,47518,United Kingdom
30542,27729,germany
30543,14589,United Kingdom
30544,40410,germany
30545,30526,United States
30546,16578,United Kingdom
30547,14801,germany
30548,39427,United Kingdom
30549,21732,United Kingdom
30550,27238,Unitaed Arab Emirates
30551,35675,United Kingdom
30552,25667,United Kingdom
30553,41102,canada
30554,43781,United States
30555,46159,india
30556,28651,United Kingdom
30557,44822,india
30558,14009,india
30559,13818,germany
30560,43237,australia
30561,23203,United Kingdom
30562,23639,australia
30563,26569,United States
30564,35667,canada
30565,35074,india
30566,48577,canada
30567,19161,United States
30568,39037,germany
30569,45555,australia
30570,15639,Unitaed Arab Emirates
30571,46703,australia
30572,46459,United Kingdom
30573,40966,United Kingdom
30574,45673,germany
30575,40874,australia
30576,40209,india
30577,40499,United Kingdom
30578,48218,Unitaed Arab Emirates
30579,29901,United States
30580,10459,india
30581,43413,germany
30582,16657,Unitaed Arab Emirates
30583,41538,Unitaed Arab Emirates
30584,19753,germany
30585,24790,india
30586,24224,india
30587,47675,Unitaed Arab Emirates
30588,48221,United Kingdom
30589,17718,india
30590,47375,canada
30591,16577,india
30592,42730,United Kingdom
30593,23666,australia
30594,30831,Unitaed Arab Emirates
30595,18970,india
30596,18878,canada
30597,42827,United States
30598,47328,Unitaed Arab Emirates
30599,44154,canada
30600,25217,canada
30601,47591,canada
30602,31995,Unitaed Arab Emirates
30603,37321,germany
30604,46773,australia
30605,36921,germany
30606,45605,germany
30607,47777,United Kingdom
30608,18102,United States
30609,35933,australia
30610,38362,United States
30611,40044,australia
30612,38044,india
30613,29833,Unitaed Arab Emirates
30614,11893,india
30615,10512,canada
30616,15351,india
30617,47502,india
30618,32230,canada
30619,30920,germany
30620,28965,United Kingdom
30621,32531,United Kingdom
30622,14629,australia
30623,27981,Unitaed Arab Emirates
30624,28088,United Kingdom
30625,11928,United Kingdom
30626,31588,Unitaed Arab Emirates
30627,34801,Unitaed Arab Emirates
30628,19357,australia
30629,26601,india
30630,13117,australia
30631,45926,United Kingdom
30632,49935,Unitaed Arab Emirates
30633,16286,india
30634,24937,United States
30635,18893,United Kingdom
30636,12302,germany
30637,28570,United States
30638,39435,United Kingdom
30639,31632,United States
30640,18177,australia
30641,39429,india
30642,46810,india
30643,21964,United States
30644,28994,australia
30645,24074,india
30646,43879,United States
30647,16834,germany
30648,26121,australia
30649,47866,india
30650,26054,United Kingdom
30651,49217,germany
30652,12744,United Kingdom
30653,29342,canada
30654,11042,canada
30655,48985,india
30656,34846,australia
30657,24123,canada
30658,49032,australia
30659,26956,canada
30660,39776,canada
30661,17372,United Kingdom
30662,36652,United Kingdom
30663,30289,Unitaed Arab Emirates
30664,21853,india
30665,35489,canada
30666,43542,india
30667,10379,germany
30668,15089,canada
30669,48474,United Kingdom
30670,42521,india
30671,25294,United Kingdom
30672,42694,United States
30673,46171,india
30674,39133,canada
30675,33983,australia
30676,12529,United Kingdom
30677,45351,Unitaed Arab Emirates
30678,20956,india
30679,40348,canada
30680,21186,australia
30681,33824,germany
30682,47378,germany
30683,41551,United States
30684,25478,canada
30685,33322,india
30686,35256,United States
30687,42865,germany
30688,25748,india
30689,44721,australia
30690,12785,germany
30691,38588,india
30692,15038,canada
30693,18273,Unitaed Arab Emirates
30694,33061,United States
30695,28022,germany
30696,46614,australia
30697,34390,United Kingdom
30698,31411,australia
30699,29452,canada
30700,23214,Unitaed Arab Emirates
30701,24836,United States
30702,47913,canada
30703,47832,Unitaed Arab Emirates
30704,44276,United Kingdom
30705,42919,india
30706,48601,germany
30707,35853,United Kingdom
30708,22111,india
30709,19169,Unitaed Arab Emirates
30710,22698,United Kingdom
30711,40132,United States
30712,44382,germany
30713,26846,Unitaed Arab Emirates
30714,15432,United Kingdom
30715,48547,india
30716,46519,United States
30717,18660,germany
30718,46273,Unitaed Arab Emirates
30719,30720,india
30720,13908,australia
30721,39590,canada
30722,13303,United Kingdom
30723,15541,germany
30724,18682,United Kingdom
30725,47552,United Kingdom
30726,27419,United States
30727,35939,canada
30728,30632,Unitaed Arab Emirates
30729,46341,Unitaed Arab Emirates
30730,36302,United Kingdom
30731,13150,germany
30732,42842,canada
30733,23948,United Kingdom
30734,48622,United Kingdom
30735,49930,india
30736,22016,germany
30737,19271,australia
30738,30747,Unitaed Arab Emirates
30739,43680,india
30740,23145,United Kingdom
30741,12483,United States
30742,46468,United Kingdom
30743,45277,United Kingdom
30744,39549,germany
30745,47146,United States
30746,10830,australia
30747,22069,germany
30748,38384,United States
30749,45506,india
30750,10079,india
30751,30870,canada
30752,37724,india
30753,23405,canada
30754,48530,Unitaed Arab Emirates
30755,12650,Unitaed Arab Emirates
30756,26302,australia
30757,11981,india
30758,29212,United Kingdom
30759,25515,United Kingdom
30760,16692,india
30761,49644,canada
30762,14730,india
30763,20425,india
30764,13022,canada
30765,29543,United Kingdom
30766,32926,United Kingdom
30767,36245,germany
30768,24888,germany
30769,13631,canada
30770,45073,United States
30771,35253,germany
30772,29381,germany
30773,18788,canada
30774,40707,United Kingdom
30775,20264,india
30776,43195,United Kingdom
30777,46795,United States
30778,27887,Unitaed Arab Emirates
30779,38815,germany
30780,42444,United States
30781,41090,Unitaed Arab Emirates
30782,39896,india
30783,12726,canada
30784,14688,Unitaed Arab Emirates
30785,40948,germany
30786,47793,canada
30787,38650,australia
30788,32988,germany
30789,40958,canada
30790,40145,germany
30791,26824,australia
30792,41365,canada
30793,30039,india
30794,27795,india
30795,19341,Unitaed Arab Emirates
30796,31981,canada
30797,34869,india
30798,36189,Unitaed Arab Emirates
30799,41026,Unitaed Arab Emirates
30800,13826,germany
30801,15561,india
30802,44400,Unitaed Arab Emirates
30803,44427,United Kingdom
30804,47896,United States
30805,30527,australia
30806,13408,United Kingdom
30807,44420,Unitaed Arab Emirates
30808,10362,United States
30809,36731,india
30810,22269,germany
30811,19660,germany
30812,48292,india
30813,41959,canada
30814,29026,germany
30815,10090,canada
30816,15359,canada
30817,47466,australia
30818,19518,germany
30819,22724,United States
30820,49997,germany
30821,44608,germany
30822,28102,United States
30823,44453,Unitaed Arab Emirates
30824,38458,United Kingdom
30825,17528,germany
30826,29271,United States
30827,44152,Unitaed Arab Emirates
30828,45336,germany
30829,47017,United Kingdom
30830,21828,germany
30831,11251,United Kingdom
30832,19188,canada
30833,30682,canada
30834,13848,United States
30835,11389,germany
30836,45877,germany
30837,43046,United States
30838,25460,Unitaed Arab Emirates
30839,36521,United Kingdom
30840,31074,Unitaed Arab Emirates
30841,49890,United States
30842,17756,United States
30843,39562,United States
30844,30711,australia
30845,47244,Unitaed Arab Emirates
30846,47802,germany
30847,19026,germany
30848,22931,canada
30849,14469,Unitaed Arab Emirates
30850,28904,canada
30851,49262,United States
30852,36591,canada
30853,19286,United States
30854,39512,india
30855,17796,Unitaed Arab Emirates
30856,46535,United Kingdom
30857,15809,australia
30858,31729,australia
30859,11990,germany
30860,20092,india
30861,28024,canada
30862,48876,United Kingdom
30863,21745,canada
30864,39426,United Kingdom
30865,32915,canada
30866,32569,germany
30867,33937,canada
30868,20949,india
30869,31180,Unitaed Arab Emirates
30870,25615,United States
30871,19763,Unitaed Arab Emirates
30872,36288,germany
30873,46805,germany
30874,11178,United Kingdom
30875,40027,india
30876,30930,australia
30877,27486,australia
30878,40284,Unitaed Arab Emirates
30879,13060,canada
30880,30369,india
30881,45015,australia
30882,30662,United States
30883,17084,United Kingdom
30884,19296,Unitaed Arab Emirates
30885,35387,Unitaed Arab Emirates
30886,30507,australia
30887,28315,germany
30888,28037,germany
30889,19278,germany
30890,11846,United States
30891,38096,india
30892,18562,Unitaed Arab Emirates
30893,10031,Unitaed Arab Emirates
30894,17553,Unitaed Arab Emirates
30895,11493,canada
30896,35617,United Kingdom
30897,45213,Unitaed Arab Emirates
30898,26780,Unitaed Arab Emirates
30899,11560,Unitaed Arab Emirates
30900,18988,canada
30901,38789,australia
30902,43473,germany
30903,23973,Unitaed Arab Emirates
30904,36632,australia
30905,20756,canada
30906,23041,Unitaed Arab Emirates
30907,23772,australia
30908,29109,canada
30909,18700,United Kingdom
30910,16478,canada
30911,27074,australia
30912,13627,australia
30913,27154,germany
30914,11171,Unitaed Arab Emirates
30915,13221,germany
30916,11049,canada
30917,40719,United Kingdom
30918,27256,canada
30919,30026,canada
30920,17631,india
30921,15703,United Kingdom
30922,40863,United States
30923,34710,germany
30924,48182,germany
30925,43423,germany
30926,34973,Unitaed Arab Emirates
30927,39711,Unitaed Arab Emirates
30928,48726,germany
30929,17112,germany
30930,19631,United Kingdom
30931,21720,Unitaed Arab Emirates
30932,26866,canada
30933,27919,United Kingdom
30934,35360,Unitaed Arab Emirates
30935,17902,australia
30936,39402,Unitaed Arab Emirates
30937,22476,United States
30938,32001,United Kingdom
30939,45724,United States
30940,48103,United Kingdom
30941,20188,United States
30942,43474,United States
30943,10092,india
30944,45552,United States
30945,44819,australia
30946,48612,United Kingdom
30947,28495,australia
30948,32207,canada
30949,27969,germany
30950,19924,United Kingdom
30951,16122,australia
30952,29218,United Kingdom
30953,38132,United States
30954,43607,germany
30955,31483,United States
30956,28428,United Kingdom
30957,13085,germany
30958,15903,germany
30959,11862,germany
30960,16426,Unitaed Arab Emirates
30961,11570,United Kingdom
30962,37466,australia
30963,28873,United States
30964,42452,Unitaed Arab Emirates
30965,12009,australia
30966,49492,United Kingdom
30967,48918,United Kingdom
30968,34499,United Kingdom
30969,35077,United Kingdom
30970,44034,australia
30971,35297,canada
30972,38827,United Kingdom
30973,22212,United Kingdom
30974,11166,United Kingdom
30975,45782,canada
30976,21287,United Kingdom
30977,49211,United States
30978,39472,germany
30979,10490,germany
30980,13691,india
30981,34862,germany
30982,11692,india
30983,10415,United Kingdom
30984,23690,Unitaed Arab Emirates
30985,26349,Unitaed Arab Emirates
30986,22750,australia
30987,45167,United States
30988,13785,United Kingdom
30989,23403,United Kingdom
30990,28509,United Kingdom
30991,39205,United Kingdom
30992,17373,United States
30993,14467,United States
30994,34079,United States
30995,48080,United States
30996,39553,canada
30997,17998,germany
30998,45134,Unitaed Arab Emirates
30999,39545,germany
31000,47346,australia
31001,18832,canada
31002,23455,Unitaed Arab Emirates
31003,35431,United Kingdom
31004,25601,canada
31005,23413,germany
31006,20102,canada
31007,38481,australia
31008,45416,United States
31009,37104,Unitaed Arab Emirates
31010,35662,germany
31011,30584,australia
31012,41121,india
31013,12498,germany
31014,11679,india
31015,22584,canada
31016,31711,United States
31017,22364,canada
31018,32661,Unitaed Arab Emirates
31019,13633,Unitaed Arab Emirates
31020,34127,india
31021,15069,australia
31022,49934,United Kingdom
31023,33196,canada
31024,20589,germany
31025,42471,germany
31026,44736,india
31027,30492,germany
31028,15255,canada
31029,11447,United States
31030,20644,Unitaed Arab Emirates
31031,11900,australia
31032,29768,Unitaed Arab Emirates
31033,45141,germany
31034,11958,australia
31035,43936,india
31036,15915,United Kingdom
31037,23249,United Kingdom
31038,14974,United States
31039,32536,germany
31040,13592,United Kingdom
31041,43491,australia
31042,21847,germany
31043,20933,Unitaed Arab Emirates
31044,31255,canada
31045,27438,United Kingdom
31046,49208,United Kingdom
31047,19603,germany
31048,12985,United Kingdom
31049,48641,india
31050,16211,United States
31051,27164,canada
31052,26444,australia
31053,45204,india
31054,32977,germany
31055,30796,australia
31056,43095,Unitaed Arab Emirates
31057,49230,United Kingdom
31058,13591,canada
31059,29570,india
31060,19598,india
31061,34116,germany
31062,32594,germany
31063,43295,australia
31064,42002,United States
31065,49108,Unitaed Arab Emirates
31066,20618,United Kingdom
31067,26489,india
31068,43813,Unitaed Arab Emirates
31069,47176,germany
31070,13840,Unitaed Arab Emirates
31071,42072,australia
31072,16541,United Kingdom
31073,26305,Unitaed Arab Emirates
31074,17520,germany
31075,14128,United States
31076,28594,Unitaed Arab Emirates
31077,28437,United States
31078,22351,United Kingdom
31079,23489,United Kingdom
31080,13344,Unitaed Arab Emirates
31081,13102,United Kingdom
31082,31069,germany
31083,24443,india
31084,24030,United Kingdom
31085,25968,United States
31086,27339,australia
31087,34529,Unitaed Arab Emirates
31088,13149,india
31089,15965,United States
31090,38112,australia
31091,46785,australia
31092,45464,germany
31093,41689,canada
31094,18913,australia
31095,45118,United Kingdom
31096,23726,United Kingdom
31097,15166,canada
31098,21606,Unitaed Arab Emirates
31099,16378,india
31100,26143,india
31101,40795,germany
31102,36835,United States
31103,22603,germany
31104,19925,United States
31105,18472,United States
31106,15922,Unitaed Arab Emirates
31107,21056,United Kingdom
31108,24603,india
31109,44107,canada
31110,19429,Unitaed Arab Emirates
31111,36106,Unitaed Arab Emirates
31112,27859,canada
31113,37213,australia
31114,44138,india
31115,32448,india
31116,15324,india
31117,28791,australia
31118,46802,australia
31119,28216,canada
31120,11463,canada
31121,46790,canada
31122,36419,india
31123,44468,United States
31124,35291,Unitaed Arab Emirates
31125,38783,germany
31126,23382,United Kingdom
31127,35665,australia
31128,15120,australia
31129,23401,india
31130,47260,india
31131,48431,australia
31132,29547,Unitaed Arab Emirates
31133,30973,india
31134,40893,germany
31135,40818,United States
31136,38075,australia
31137,17890,United States
31138,39976,india
31139,20374,United States
31140,14180,canada
31141,10537,australia
31142,49010,australia
31143,33904,australia
31144,19755,india
31145,20545,United States
31146,22730,United States
31147,34420,australia
31148,44103,australia
31149,31977,india
31150,20572,india
31151,33557,india
31152,40097,canada
31153,41177,Unitaed Arab Emirates
